
> financeapp-frontend@1.0.0 dev
> vite


  [32m[1mVITE[22m v5.4.21[39m  [2mready in [0m[1m3554[22m[2m[0m ms[22m

  [32m➜[39m  [1mLocal[22m:   [36mhttp://localhost:[1m5173[22m/[39m
[2m  [32m➜[39m  [1mNetwork[22m[2m: use [22m[1m--host[22m[2m to expose[22m
[2m[32m  ➜[39m[22m[2m  press [22m[1mh + enter[22m[2m to show help[22m
[2m18:09:54[22m [36m[1m[vite][22m[39m [32mpage reload [39m[2msrc/types/index.ts[22m
[2m18:09:54[22m [36m[1m[vite][22m[39m [32mpage reload [39m[2msrc/types/index.ts[22m
[2m18:09:56[22m [36m[1m[vite][22m[39m [32mhmr update [39m[2m/src/pages/Transactions.tsx, /src/index.css[22m
[2m18:09:58[22m [36m[1m[vite][22m[39m [32mhmr update [39m[2m/src/pages/Transactions.tsx, /src/index.css[22m
[2m18:23:33[22m [36m[1m[vite][22m[39m [32mhmr update [39m[2m/src/App.tsx, /src/index.css, /src/pages/Login.tsx, /src/pages/Goals.tsx, /src/pages/Register.tsx, /src/components/Layout.tsx, /src/pages/Settings.tsx, /src/pages/MasterDashboard.tsx, /src/pages/Budgets.tsx, /src/pages/Reports.tsx, /src/pages/Dashboard.tsx, /src/pages/Accounts.tsx, /src/pages/Categories.tsx, /src/pages/Onboarding.tsx, /src/pages/Cards.tsx, /src/pages/Subscription.tsx, /src/pages/Transactions.tsx, /src/pages/Admin.tsx[22m
[2m18:23:33[22m [36m[1m[vite][22m[39m [33mhmr invalidate [39m[2m/src/pages/Settings.tsx[22m Could not Fast Refresh ("MODULE_LIST" export is incompatible). Learn more at https://github.com/vitejs/vite-plugin-react/tree/main/packages/plugin-react#consistent-components-exports
[2m18:23:33[22m [36m[1m[vite][22m[39m [32mhmr update [39m[2m/src/App.tsx, /src/index.css, /src/pages/Admin.tsx[22m
[2m18:23:35[22m [36m[1m[vite][22m[39m [32mhmr update [39m[2m/src/App.tsx, /src/index.css, /src/pages/Login.tsx, /src/pages/Goals.tsx, /src/pages/Register.tsx, /src/components/Layout.tsx, /src/pages/Settings.tsx, /src/pages/MasterDashboard.tsx, /src/pages/Budgets.tsx, /src/pages/Reports.tsx, /src/pages/Dashboard.tsx, /src/pages/Accounts.tsx, /src/pages/Categories.tsx, /src/pages/Onboarding.tsx, /src/pages/Cards.tsx, /src/pages/Subscription.tsx, /src/pages/Transactions.tsx, /src/pages/Admin.tsx[22m
[2m18:23:35[22m [36m[1m[vite][22m[39m [33mhmr invalidate [39m[2m/src/pages/Settings.tsx[22m Could not Fast Refresh ("MODULE_LIST" export is incompatible). Learn more at https://github.com/vitejs/vite-plugin-react/tree/main/packages/plugin-react#consistent-components-exports
[2m18:23:35[22m [36m[1m[vite][22m[39m [32mhmr update [39m[2m/src/App.tsx, /src/index.css, /src/pages/Admin.tsx[22m
[2m18:23:39[22m [36m[1m[vite][22m[39m [32mhmr update [39m[2m/src/App.tsx, /src/index.css, /src/pages/Login.tsx, /src/pages/Goals.tsx, /src/pages/Register.tsx, /src/components/Layout.tsx, /src/pages/Settings.tsx, /src/pages/MasterDashboard.tsx, /src/pages/Budgets.tsx, /src/pages/Reports.tsx, /src/pages/Dashboard.tsx, /src/pages/Accounts.tsx, /src/pages/Categories.tsx, /src/pages/Onboarding.tsx, /src/pages/Cards.tsx, /src/pages/Subscription.tsx, /src/pages/Transactions.tsx, /src/pages/Admin.tsx[22m
[2m18:23:40[22m [36m[1m[vite][22m[39m [33mhmr invalidate [39m[2m/src/pages/Settings.tsx[22m Could not Fast Refresh ("MODULE_LIST" export is incompatible). Learn more at https://github.com/vitejs/vite-plugin-react/tree/main/packages/plugin-react#consistent-components-exports
[2m18:23:40[22m [36m[1m[vite][22m[39m [32mhmr update [39m[2m/src/App.tsx, /src/index.css, /src/pages/Admin.tsx[22m
[2m18:23:45[22m [36m[1m[vite][22m[39m [32mhmr update [39m[2m/src/pages/Transactions.tsx, /src/index.css[22m
[2m18:23:48[22m [36m[1m[vite][22m[39m [32mhmr update [39m[2m/src/pages/Transactions.tsx, /src/index.css[22m
[2m18:23:52[22m [36m[1m[vite][22m[39m [32mhmr update [39m[2m/src/pages/Transactions.tsx, /src/index.css[22m
[2m18:24:08[22m [36m[1m[vite][22m[39m [32mhmr update [39m[2m/src/pages/Transactions.tsx, /src/index.css[22m
[2m18:24:11[22m [36m[1m[vite][22m[39m [32mhmr update [39m[2m/src/pages/Transactions.tsx, /src/index.css[22m
[2m18:36:41[22m [36m[1m[vite][22m[39m [32mhmr update [39m[2m/src/pages/Admin.tsx, /src/index.css[22m
[2m18:36:46[22m [36m[1m[vite][22m[39m [32mhmr update [39m[2m/src/pages/Admin.tsx, /src/index.css[22m
[2m18:36:50[22m [36m[1m[vite][22m[39m [32mhmr update [39m[2m/src/pages/Admin.tsx, /src/index.css[22m
[2m18:37:06[22m [36m[1m[vite][22m[39m [32mhmr update [39m[2m/src/pages/Admin.tsx, /src/index.css[22m
[2m18:46:35[22m [36m[1m[vite][22m[39m [32mhmr update [39m[2m/src/pages/Dashboard.tsx, /src/index.css[22m
[2m18:46:44[22m [36m[1m[vite][22m[39m [32mhmr update [39m[2m/src/pages/Dashboard.tsx, /src/index.css[22m
[2m18:49:42[22m [36m[1m[vite][22m[39m [32mhmr update [39m[2m/src/pages/Dashboard.tsx, /src/index.css[22m
[2m18:49:44[22m [36m[1m[vite][22m[39m [32mhmr update [39m[2m/src/pages/Dashboard.tsx, /src/index.css[22m
[2m18:49:44[22m [31m[1m[vite][22m[39m [31mInternal server error: C:\Users\user\Desktop\opencode\frontend\src\pages\Dashboard.tsx: Unexpected token, expected "," (123:6)

[0m [90m 121 |[31m       [33m<[31m[33m/[31m[33mdiv[31m[33m>[31m
 [90m 122 |[31m
[31m[1m>[22m[31m[90m 123 |[31m       {[90m/* Monthly Balances Chart */[31m}
 [90m     |[31m       [31m[1m^[22m[31m
 [90m 124 |[31m       [33m<[31m[33mdiv[31m className[33m=[31m[32m"card space-y-4"[31m[33m>[31m
 [90m 125 |[31m         [33m<[31m[33mdiv[31m className[33m=[31m[32m"flex items-center justify-between flex-wrap gap-3"[31m[33m>[31m
 [90m 126 |[31m           [33m<[31m[33mh2[31m className[33m=[31m[32m"text-lg font-semibold text-gray-900 dark:text-gray-100"[31m[33m>[31m[33mSaldos[31m e [33mDespesas[31m por [33mMes[31m[33m<[31m[33m/[31m[33mh2[31m[33m>[31m[0m[39m
  Plugin: [35mvite:react-babel[39m
  File: [36mC:/Users/user/Desktop/opencode/frontend/src/pages/Dashboard.tsx[39m:123:6
[33m  121|        </div>
  122|  
  123|        {/* Monthly Balances Chart */}
     |        ^
  124|        <div className="card space-y-4">
  125|          <div className="flex items-center justify-between flex-wrap gap-3">[39m
      at constructor (C:\Users\user\Desktop\opencode\frontend\node_modules\@babel\parser\lib\index.js:369:19)
      at TypeScriptParserMixin.raise (C:\Users\user\Desktop\opencode\frontend\node_modules\@babel\parser\lib\index.js:6620:19)
      at TypeScriptParserMixin.unexpected (C:\Users\user\Desktop\opencode\frontend\node_modules\@babel\parser\lib\index.js:6640:16)
      at TypeScriptParserMixin.expect (C:\Users\user\Desktop\opencode\frontend\node_modules\@babel\parser\lib\index.js:6920:12)
      at TypeScriptParserMixin.parseExprList (C:\Users\user\Desktop\opencode\frontend\node_modules\@babel\parser\lib\index.js:12170:14)
      at TypeScriptParserMixin.parseArrayLike (C:\Users\user\Desktop\opencode\frontend\node_modules\@babel\parser\lib\index.js:12086:26)
      at TypeScriptParserMixin.parseArrayLike (C:\Users\user\Desktop\opencode\frontend\node_modules\@babel\parser\lib\index.js:9214:24)
      at TypeScriptParserMixin.parseExprAtom (C:\Users\user\Desktop\opencode\frontend\node_modules\@babel\parser\lib\index.js:11361:23)
      at TypeScriptParserMixin.parseExprAtom (C:\Users\user\Desktop\opencode\frontend\node_modules\@babel\parser\lib\index.js:4780:20)
      at TypeScriptParserMixin.parseExprSubscripts (C:\Users\user\Desktop\opencode\frontend\node_modules\@babel\parser\lib\index.js:11102:23)
      at TypeScriptParserMixin.parseUpdate (C:\Users\user\Desktop\opencode\frontend\node_modules\@babel\parser\lib\index.js:11087:21)
      at TypeScriptParserMixin.parseMaybeUnary (C:\Users\user\Desktop\opencode\frontend\node_modules\@babel\parser\lib\index.js:11067:23)
      at TypeScriptParserMixin.parseMaybeUnary (C:\Users\user\Desktop\opencode\frontend\node_modules\@babel\parser\lib\index.js:9858:18)
      at TypeScriptParserMixin.parseMaybeUnaryOrPrivate (C:\Users\user\Desktop\opencode\frontend\node_modules\@babel\parser\lib\index.js:10920:61)
      at TypeScriptParserMixin.parseExprOps (C:\Users\user\Desktop\opencode\frontend\node_modules\@babel\parser\lib\index.js:10925:23)
      at TypeScriptParserMixin.parseMaybeConditional (C:\Users\user\Desktop\opencode\frontend\node_modules\@babel\parser\lib\index.js:10902:23)
      at TypeScriptParserMixin.parseMaybeAssign (C:\Users\user\Desktop\opencode\frontend\node_modules\@babel\parser\lib\index.js:10852:21)
      at TypeScriptParserMixin.parseMaybeAssign (C:\Users\user\Desktop\opencode\frontend\node_modules\@babel\parser\lib\index.js:9807:20)
      at TypeScriptParserMixin.parseExpressionBase (C:\Users\user\Desktop\opencode\frontend\node_modules\@babel\parser\lib\index.js:10805:23)
      at C:\Users\user\Desktop\opencode\frontend\node_modules\@babel\parser\lib\index.js:10801:39
      at TypeScriptParserMixin.allowInAnd (C:\Users\user\Desktop\opencode\frontend\node_modules\@babel\parser\lib\index.js:12455:12)
      at TypeScriptParserMixin.parseExpression (C:\Users\user\Desktop\opencode\frontend\node_modules\@babel\parser\lib\index.js:10801:17)
      at TypeScriptParserMixin.jsxParseExpressionContainer (C:\Users\user\Desktop\opencode\frontend\node_modules\@babel\parser\lib\index.js:4648:31)
      at TypeScriptParserMixin.jsxParseElementAt (C:\Users\user\Desktop\opencode\frontend\node_modules\@babel\parser\lib\index.js:4727:36)
      at TypeScriptParserMixin.jsxParseElementAt (C:\Users\user\Desktop\opencode\frontend\node_modules\@babel\parser\lib\index.js:4714:32)
      at TypeScriptParserMixin.jsxParseElement (C:\Users\user\Desktop\opencode\frontend\node_modules\@babel\parser\lib\index.js:4765:17)
      at TypeScriptParserMixin.parseExprAtom (C:\Users\user\Desktop\opencode\frontend\node_modules\@babel\parser\lib\index.js:4775:19)
      at TypeScriptParserMixin.parseExprSubscripts (C:\Users\user\Desktop\opencode\frontend\node_modules\@babel\parser\lib\index.js:11102:23)
      at TypeScriptParserMixin.parseUpdate (C:\Users\user\Desktop\opencode\frontend\node_modules\@babel\parser\lib\index.js:11087:21)
      at TypeScriptParserMixin.parseMaybeUnary (C:\Users\user\Desktop\opencode\frontend\node_modules\@babel\parser\lib\index.js:11067:23)
      at TypeScriptParserMixin.parseMaybeUnary (C:\Users\user\Desktop\opencode\frontend\node_modules\@babel\parser\lib\index.js:9858:18)
      at TypeScriptParserMixin.parseMaybeUnaryOrPrivate (C:\Users\user\Desktop\opencode\frontend\node_modules\@babel\parser\lib\index.js:10920:61)
      at TypeScriptParserMixin.parseExprOps (C:\Users\user\Desktop\opencode\frontend\node_modules\@babel\parser\lib\index.js:10925:23)
      at TypeScriptParserMixin.parseMaybeConditional (C:\Users\user\Desktop\opencode\frontend\node_modules\@babel\parser\lib\index.js:10902:23)
      at TypeScriptParserMixin.parseMaybeAssign (C:\Users\user\Desktop\opencode\frontend\node_modules\@babel\parser\lib\index.js:10852:21)
      at C:\Users\user\Desktop\opencode\frontend\node_modules\@babel\parser\lib\index.js:9796:39
      at TypeScriptParserMixin.tryParse (C:\Users\user\Desktop\opencode\frontend\node_modules\@babel\parser\lib\index.js:6928:20)
      at TypeScriptParserMixin.parseMaybeAssign (C:\Users\user\Desktop\opencode\frontend\node_modules\@babel\parser\lib\index.js:9796:18)
      at C:\Users\user\Desktop\opencode\frontend\node_modules\@babel\parser\lib\index.js:10821:39
      at TypeScriptParserMixin.allowInAnd (C:\Users\user\Desktop\opencode\frontend\node_modules\@babel\parser\lib\index.js:12455:12)
      at TypeScriptParserMixin.parseMaybeAssignAllowIn (C:\Users\user\Desktop\opencode\frontend\node_modules\@babel\parser\lib\index.js:10821:17)
      at TypeScriptParserMixin.parseMaybeAssignAllowInOrVoidPattern (C:\Users\user\Desktop\opencode\frontend\node_modules\@babel\parser\lib\index.js:12522:17)
      at TypeScriptParserMixin.parseParenAndDistinguishExpression (C:\Users\user\Desktop\opencode\frontend\node_modules\@babel\parser\lib\index.js:11701:28)
      at TypeScriptParserMixin.parseExprAtom (C:\Users\user\Desktop\opencode\frontend\node_modules\@babel\parser\lib\index.js:11357:23)
      at TypeScriptParserMixin.parseExprAtom (C:\Users\user\Desktop\opencode\frontend\node_modules\@babel\parser\lib\index.js:4780:20)
      at TypeScriptParserMixin.parseExprSubscripts (C:\Users\user\Desktop\opencode\frontend\node_modules\@babel\parser\lib\index.js:11102:23)
      at TypeScriptParserMixin.parseUpdate (C:\Users\user\Desktop\opencode\frontend\node_modules\@babel\parser\lib\index.js:11087:21)
      at TypeScriptParserMixin.parseMaybeUnary (C:\Users\user\Desktop\opencode\frontend\node_modules\@babel\parser\lib\index.js:11067:23)
      at TypeScriptParserMixin.parseMaybeUnary (C:\Users\user\Desktop\opencode\frontend\node_modules\@babel\parser\lib\index.js:9858:18)
      at TypeScriptParserMixin.parseMaybeUnaryOrPrivate (C:\Users\user\Desktop\opencode\frontend\node_modules\@babel\parser\lib\index.js:10920:61)
[2m18:49:45[22m [31m[1m[vite][22m[39m [31mInternal server error: C:\Users\user\Desktop\opencode\frontend\src\pages\Dashboard.tsx: Unexpected token, expected "," (123:6)

[0m [90m 121 |[31m       [33m<[31m[33m/[31m[33mdiv[31m[33m>[31m
 [90m 122 |[31m
[31m[1m>[22m[31m[90m 123 |[31m       {[90m/* Monthly Balances Chart */[31m}
 [90m     |[31m       [31m[1m^[22m[31m
 [90m 124 |[31m       [33m<[31m[33mdiv[31m className[33m=[31m[32m"card space-y-4"[31m[33m>[31m
 [90m 125 |[31m         [33m<[31m[33mdiv[31m className[33m=[31m[32m"flex items-center justify-between flex-wrap gap-3"[31m[33m>[31m
 [90m 126 |[31m           [33m<[31m[33mh2[31m className[33m=[31m[32m"text-lg font-semibold text-gray-900 dark:text-gray-100"[31m[33m>[31m[33mSaldos[31m e [33mDespesas[31m por [33mMes[31m[33m<[31m[33m/[31m[33mh2[31m[33m>[31m[0m[39m
  Plugin: [35mvite:react-babel[39m
  File: [36mC:/Users/user/Desktop/opencode/frontend/src/pages/Dashboard.tsx[39m:123:6
[33m  121|        </div>
  122|  
  123|        {/* Monthly Balances Chart */}
     |        ^
  124|        <div className="card space-y-4">
  125|          <div className="flex items-center justify-between flex-wrap gap-3">[39m
      at constructor (C:\Users\user\Desktop\opencode\frontend\node_modules\@babel\parser\lib\index.js:369:19)
      at TypeScriptParserMixin.raise (C:\Users\user\Desktop\opencode\frontend\node_modules\@babel\parser\lib\index.js:6620:19)
      at TypeScriptParserMixin.unexpected (C:\Users\user\Desktop\opencode\frontend\node_modules\@babel\parser\lib\index.js:6640:16)
      at TypeScriptParserMixin.expect (C:\Users\user\Desktop\opencode\frontend\node_modules\@babel\parser\lib\index.js:6920:12)
      at TypeScriptParserMixin.parseExprList (C:\Users\user\Desktop\opencode\frontend\node_modules\@babel\parser\lib\index.js:12170:14)
      at TypeScriptParserMixin.parseArrayLike (C:\Users\user\Desktop\opencode\frontend\node_modules\@babel\parser\lib\index.js:12086:26)
      at TypeScriptParserMixin.parseArrayLike (C:\Users\user\Desktop\opencode\frontend\node_modules\@babel\parser\lib\index.js:9214:24)
      at TypeScriptParserMixin.parseExprAtom (C:\Users\user\Desktop\opencode\frontend\node_modules\@babel\parser\lib\index.js:11361:23)
      at TypeScriptParserMixin.parseExprAtom (C:\Users\user\Desktop\opencode\frontend\node_modules\@babel\parser\lib\index.js:4780:20)
      at TypeScriptParserMixin.parseExprSubscripts (C:\Users\user\Desktop\opencode\frontend\node_modules\@babel\parser\lib\index.js:11102:23)
      at TypeScriptParserMixin.parseUpdate (C:\Users\user\Desktop\opencode\frontend\node_modules\@babel\parser\lib\index.js:11087:21)
      at TypeScriptParserMixin.parseMaybeUnary (C:\Users\user\Desktop\opencode\frontend\node_modules\@babel\parser\lib\index.js:11067:23)
      at TypeScriptParserMixin.parseMaybeUnary (C:\Users\user\Desktop\opencode\frontend\node_modules\@babel\parser\lib\index.js:9858:18)
      at TypeScriptParserMixin.parseMaybeUnaryOrPrivate (C:\Users\user\Desktop\opencode\frontend\node_modules\@babel\parser\lib\index.js:10920:61)
      at TypeScriptParserMixin.parseExprOps (C:\Users\user\Desktop\opencode\frontend\node_modules\@babel\parser\lib\index.js:10925:23)
      at TypeScriptParserMixin.parseMaybeConditional (C:\Users\user\Desktop\opencode\frontend\node_modules\@babel\parser\lib\index.js:10902:23)
      at TypeScriptParserMixin.parseMaybeAssign (C:\Users\user\Desktop\opencode\frontend\node_modules\@babel\parser\lib\index.js:10852:21)
      at TypeScriptParserMixin.parseMaybeAssign (C:\Users\user\Desktop\opencode\frontend\node_modules\@babel\parser\lib\index.js:9807:20)
      at TypeScriptParserMixin.parseExpressionBase (C:\Users\user\Desktop\opencode\frontend\node_modules\@babel\parser\lib\index.js:10805:23)
      at C:\Users\user\Desktop\opencode\frontend\node_modules\@babel\parser\lib\index.js:10801:39
      at TypeScriptParserMixin.allowInAnd (C:\Users\user\Desktop\opencode\frontend\node_modules\@babel\parser\lib\index.js:12455:12)
      at TypeScriptParserMixin.parseExpression (C:\Users\user\Desktop\opencode\frontend\node_modules\@babel\parser\lib\index.js:10801:17)
      at TypeScriptParserMixin.jsxParseExpressionContainer (C:\Users\user\Desktop\opencode\frontend\node_modules\@babel\parser\lib\index.js:4648:31)
      at TypeScriptParserMixin.jsxParseElementAt (C:\Users\user\Desktop\opencode\frontend\node_modules\@babel\parser\lib\index.js:4727:36)
      at TypeScriptParserMixin.jsxParseElementAt (C:\Users\user\Desktop\opencode\frontend\node_modules\@babel\parser\lib\index.js:4714:32)
      at TypeScriptParserMixin.jsxParseElement (C:\Users\user\Desktop\opencode\frontend\node_modules\@babel\parser\lib\index.js:4765:17)
      at TypeScriptParserMixin.parseExprAtom (C:\Users\user\Desktop\opencode\frontend\node_modules\@babel\parser\lib\index.js:4775:19)
      at TypeScriptParserMixin.parseExprSubscripts (C:\Users\user\Desktop\opencode\frontend\node_modules\@babel\parser\lib\index.js:11102:23)
      at TypeScriptParserMixin.parseUpdate (C:\Users\user\Desktop\opencode\frontend\node_modules\@babel\parser\lib\index.js:11087:21)
      at TypeScriptParserMixin.parseMaybeUnary (C:\Users\user\Desktop\opencode\frontend\node_modules\@babel\parser\lib\index.js:11067:23)
      at TypeScriptParserMixin.parseMaybeUnary (C:\Users\user\Desktop\opencode\frontend\node_modules\@babel\parser\lib\index.js:9858:18)
      at TypeScriptParserMixin.parseMaybeUnaryOrPrivate (C:\Users\user\Desktop\opencode\frontend\node_modules\@babel\parser\lib\index.js:10920:61)
      at TypeScriptParserMixin.parseExprOps (C:\Users\user\Desktop\opencode\frontend\node_modules\@babel\parser\lib\index.js:10925:23)
      at TypeScriptParserMixin.parseMaybeConditional (C:\Users\user\Desktop\opencode\frontend\node_modules\@babel\parser\lib\index.js:10902:23)
      at TypeScriptParserMixin.parseMaybeAssign (C:\Users\user\Desktop\opencode\frontend\node_modules\@babel\parser\lib\index.js:10852:21)
      at C:\Users\user\Desktop\opencode\frontend\node_modules\@babel\parser\lib\index.js:9796:39
      at TypeScriptParserMixin.tryParse (C:\Users\user\Desktop\opencode\frontend\node_modules\@babel\parser\lib\index.js:6928:20)
      at TypeScriptParserMixin.parseMaybeAssign (C:\Users\user\Desktop\opencode\frontend\node_modules\@babel\parser\lib\index.js:9796:18)
      at C:\Users\user\Desktop\opencode\frontend\node_modules\@babel\parser\lib\index.js:10821:39
      at TypeScriptParserMixin.allowInAnd (C:\Users\user\Desktop\opencode\frontend\node_modules\@babel\parser\lib\index.js:12455:12)
      at TypeScriptParserMixin.parseMaybeAssignAllowIn (C:\Users\user\Desktop\opencode\frontend\node_modules\@babel\parser\lib\index.js:10821:17)
      at TypeScriptParserMixin.parseMaybeAssignAllowInOrVoidPattern (C:\Users\user\Desktop\opencode\frontend\node_modules\@babel\parser\lib\index.js:12522:17)
      at TypeScriptParserMixin.parseParenAndDistinguishExpression (C:\Users\user\Desktop\opencode\frontend\node_modules\@babel\parser\lib\index.js:11701:28)
      at TypeScriptParserMixin.parseExprAtom (C:\Users\user\Desktop\opencode\frontend\node_modules\@babel\parser\lib\index.js:11357:23)
      at TypeScriptParserMixin.parseExprAtom (C:\Users\user\Desktop\opencode\frontend\node_modules\@babel\parser\lib\index.js:4780:20)
      at TypeScriptParserMixin.parseExprSubscripts (C:\Users\user\Desktop\opencode\frontend\node_modules\@babel\parser\lib\index.js:11102:23)
      at TypeScriptParserMixin.parseUpdate (C:\Users\user\Desktop\opencode\frontend\node_modules\@babel\parser\lib\index.js:11087:21)
      at TypeScriptParserMixin.parseMaybeUnary (C:\Users\user\Desktop\opencode\frontend\node_modules\@babel\parser\lib\index.js:11067:23)
      at TypeScriptParserMixin.parseMaybeUnary (C:\Users\user\Desktop\opencode\frontend\node_modules\@babel\parser\lib\index.js:9858:18)
      at TypeScriptParserMixin.parseMaybeUnaryOrPrivate (C:\Users\user\Desktop\opencode\frontend\node_modules\@babel\parser\lib\index.js:10920:61)
[2m18:49:45[22m [31m[1m[vite][22m[39m [31mInternal server error: C:\Users\user\Desktop\opencode\frontend\src\pages\Dashboard.tsx: Unexpected token, expected "," (123:6)

[0m [90m 121 |[31m       [33m<[31m[33m/[31m[33mdiv[31m[33m>[31m
 [90m 122 |[31m
[31m[1m>[22m[31m[90m 123 |[31m       {[90m/* Monthly Balances Chart */[31m}
 [90m     |[31m       [31m[1m^[22m[31m
 [90m 124 |[31m       [33m<[31m[33mdiv[31m className[33m=[31m[32m"card space-y-4"[31m[33m>[31m
 [90m 125 |[31m         [33m<[31m[33mdiv[31m className[33m=[31m[32m"flex items-center justify-between flex-wrap gap-3"[31m[33m>[31m
 [90m 126 |[31m           [33m<[31m[33mh2[31m className[33m=[31m[32m"text-lg font-semibold text-gray-900 dark:text-gray-100"[31m[33m>[31m[33mSaldos[31m e [33mDespesas[31m por [33mMes[31m[33m<[31m[33m/[31m[33mh2[31m[33m>[31m[0m[39m
  Plugin: [35mvite:react-babel[39m
  File: [36mC:/Users/user/Desktop/opencode/frontend/src/pages/Dashboard.tsx[39m:123:6
[33m  121|        </div>
  122|  
  123|        {/* Monthly Balances Chart */}
     |        ^
  124|        <div className="card space-y-4">
  125|          <div className="flex items-center justify-between flex-wrap gap-3">[39m
      at constructor (C:\Users\user\Desktop\opencode\frontend\node_modules\@babel\parser\lib\index.js:369:19)
      at TypeScriptParserMixin.raise (C:\Users\user\Desktop\opencode\frontend\node_modules\@babel\parser\lib\index.js:6620:19)
      at TypeScriptParserMixin.unexpected (C:\Users\user\Desktop\opencode\frontend\node_modules\@babel\parser\lib\index.js:6640:16)
      at TypeScriptParserMixin.expect (C:\Users\user\Desktop\opencode\frontend\node_modules\@babel\parser\lib\index.js:6920:12)
      at TypeScriptParserMixin.parseExprList (C:\Users\user\Desktop\opencode\frontend\node_modules\@babel\parser\lib\index.js:12170:14)
      at TypeScriptParserMixin.parseArrayLike (C:\Users\user\Desktop\opencode\frontend\node_modules\@babel\parser\lib\index.js:12086:26)
      at TypeScriptParserMixin.parseArrayLike (C:\Users\user\Desktop\opencode\frontend\node_modules\@babel\parser\lib\index.js:9214:24)
      at TypeScriptParserMixin.parseExprAtom (C:\Users\user\Desktop\opencode\frontend\node_modules\@babel\parser\lib\index.js:11361:23)
      at TypeScriptParserMixin.parseExprAtom (C:\Users\user\Desktop\opencode\frontend\node_modules\@babel\parser\lib\index.js:4780:20)
      at TypeScriptParserMixin.parseExprSubscripts (C:\Users\user\Desktop\opencode\frontend\node_modules\@babel\parser\lib\index.js:11102:23)
      at TypeScriptParserMixin.parseUpdate (C:\Users\user\Desktop\opencode\frontend\node_modules\@babel\parser\lib\index.js:11087:21)
      at TypeScriptParserMixin.parseMaybeUnary (C:\Users\user\Desktop\opencode\frontend\node_modules\@babel\parser\lib\index.js:11067:23)
      at TypeScriptParserMixin.parseMaybeUnary (C:\Users\user\Desktop\opencode\frontend\node_modules\@babel\parser\lib\index.js:9858:18)
      at TypeScriptParserMixin.parseMaybeUnaryOrPrivate (C:\Users\user\Desktop\opencode\frontend\node_modules\@babel\parser\lib\index.js:10920:61)
      at TypeScriptParserMixin.parseExprOps (C:\Users\user\Desktop\opencode\frontend\node_modules\@babel\parser\lib\index.js:10925:23)
      at TypeScriptParserMixin.parseMaybeConditional (C:\Users\user\Desktop\opencode\frontend\node_modules\@babel\parser\lib\index.js:10902:23)
      at TypeScriptParserMixin.parseMaybeAssign (C:\Users\user\Desktop\opencode\frontend\node_modules\@babel\parser\lib\index.js:10852:21)
      at TypeScriptParserMixin.parseMaybeAssign (C:\Users\user\Desktop\opencode\frontend\node_modules\@babel\parser\lib\index.js:9807:20)
      at TypeScriptParserMixin.parseExpressionBase (C:\Users\user\Desktop\opencode\frontend\node_modules\@babel\parser\lib\index.js:10805:23)
      at C:\Users\user\Desktop\opencode\frontend\node_modules\@babel\parser\lib\index.js:10801:39
      at TypeScriptParserMixin.allowInAnd (C:\Users\user\Desktop\opencode\frontend\node_modules\@babel\parser\lib\index.js:12455:12)
      at TypeScriptParserMixin.parseExpression (C:\Users\user\Desktop\opencode\frontend\node_modules\@babel\parser\lib\index.js:10801:17)
      at TypeScriptParserMixin.jsxParseExpressionContainer (C:\Users\user\Desktop\opencode\frontend\node_modules\@babel\parser\lib\index.js:4648:31)
      at TypeScriptParserMixin.jsxParseElementAt (C:\Users\user\Desktop\opencode\frontend\node_modules\@babel\parser\lib\index.js:4727:36)
      at TypeScriptParserMixin.jsxParseElementAt (C:\Users\user\Desktop\opencode\frontend\node_modules\@babel\parser\lib\index.js:4714:32)
      at TypeScriptParserMixin.jsxParseElement (C:\Users\user\Desktop\opencode\frontend\node_modules\@babel\parser\lib\index.js:4765:17)
      at TypeScriptParserMixin.parseExprAtom (C:\Users\user\Desktop\opencode\frontend\node_modules\@babel\parser\lib\index.js:4775:19)
      at TypeScriptParserMixin.parseExprSubscripts (C:\Users\user\Desktop\opencode\frontend\node_modules\@babel\parser\lib\index.js:11102:23)
      at TypeScriptParserMixin.parseUpdate (C:\Users\user\Desktop\opencode\frontend\node_modules\@babel\parser\lib\index.js:11087:21)
      at TypeScriptParserMixin.parseMaybeUnary (C:\Users\user\Desktop\opencode\frontend\node_modules\@babel\parser\lib\index.js:11067:23)
      at TypeScriptParserMixin.parseMaybeUnary (C:\Users\user\Desktop\opencode\frontend\node_modules\@babel\parser\lib\index.js:9858:18)
      at TypeScriptParserMixin.parseMaybeUnaryOrPrivate (C:\Users\user\Desktop\opencode\frontend\node_modules\@babel\parser\lib\index.js:10920:61)
      at TypeScriptParserMixin.parseExprOps (C:\Users\user\Desktop\opencode\frontend\node_modules\@babel\parser\lib\index.js:10925:23)
      at TypeScriptParserMixin.parseMaybeConditional (C:\Users\user\Desktop\opencode\frontend\node_modules\@babel\parser\lib\index.js:10902:23)
      at TypeScriptParserMixin.parseMaybeAssign (C:\Users\user\Desktop\opencode\frontend\node_modules\@babel\parser\lib\index.js:10852:21)
      at C:\Users\user\Desktop\opencode\frontend\node_modules\@babel\parser\lib\index.js:9796:39
      at TypeScriptParserMixin.tryParse (C:\Users\user\Desktop\opencode\frontend\node_modules\@babel\parser\lib\index.js:6928:20)
      at TypeScriptParserMixin.parseMaybeAssign (C:\Users\user\Desktop\opencode\frontend\node_modules\@babel\parser\lib\index.js:9796:18)
      at C:\Users\user\Desktop\opencode\frontend\node_modules\@babel\parser\lib\index.js:10821:39
      at TypeScriptParserMixin.allowInAnd (C:\Users\user\Desktop\opencode\frontend\node_modules\@babel\parser\lib\index.js:12455:12)
      at TypeScriptParserMixin.parseMaybeAssignAllowIn (C:\Users\user\Desktop\opencode\frontend\node_modules\@babel\parser\lib\index.js:10821:17)
      at TypeScriptParserMixin.parseMaybeAssignAllowInOrVoidPattern (C:\Users\user\Desktop\opencode\frontend\node_modules\@babel\parser\lib\index.js:12522:17)
      at TypeScriptParserMixin.parseParenAndDistinguishExpression (C:\Users\user\Desktop\opencode\frontend\node_modules\@babel\parser\lib\index.js:11701:28)
      at TypeScriptParserMixin.parseExprAtom (C:\Users\user\Desktop\opencode\frontend\node_modules\@babel\parser\lib\index.js:11357:23)
      at TypeScriptParserMixin.parseExprAtom (C:\Users\user\Desktop\opencode\frontend\node_modules\@babel\parser\lib\index.js:4780:20)
      at TypeScriptParserMixin.parseExprSubscripts (C:\Users\user\Desktop\opencode\frontend\node_modules\@babel\parser\lib\index.js:11102:23)
      at TypeScriptParserMixin.parseUpdate (C:\Users\user\Desktop\opencode\frontend\node_modules\@babel\parser\lib\index.js:11087:21)
      at TypeScriptParserMixin.parseMaybeUnary (C:\Users\user\Desktop\opencode\frontend\node_modules\@babel\parser\lib\index.js:11067:23)
      at TypeScriptParserMixin.parseMaybeUnary (C:\Users\user\Desktop\opencode\frontend\node_modules\@babel\parser\lib\index.js:9858:18)
      at TypeScriptParserMixin.parseMaybeUnaryOrPrivate (C:\Users\user\Desktop\opencode\frontend\node_modules\@babel\parser\lib\index.js:10920:61)
[2m18:49:46[22m [31m[1m[vite][22m[39m [31mInternal server error: C:\Users\user\Desktop\opencode\frontend\src\pages\Dashboard.tsx: Unexpected token, expected "," (123:6)

[0m [90m 121 |[31m       [33m<[31m[33m/[31m[33mdiv[31m[33m>[31m
 [90m 122 |[31m
[31m[1m>[22m[31m[90m 123 |[31m       {[90m/* Monthly Balances Chart */[31m}
 [90m     |[31m       [31m[1m^[22m[31m
 [90m 124 |[31m       [33m<[31m[33mdiv[31m className[33m=[31m[32m"card space-y-4"[31m[33m>[31m
 [90m 125 |[31m         [33m<[31m[33mdiv[31m className[33m=[31m[32m"flex items-center justify-between flex-wrap gap-3"[31m[33m>[31m
 [90m 126 |[31m           [33m<[31m[33mh2[31m className[33m=[31m[32m"text-lg font-semibold text-gray-900 dark:text-gray-100"[31m[33m>[31m[33mSaldos[31m e [33mDespesas[31m por [33mMes[31m[33m<[31m[33m/[31m[33mh2[31m[33m>[31m[0m[39m
  Plugin: [35mvite:react-babel[39m
  File: [36mC:/Users/user/Desktop/opencode/frontend/src/pages/Dashboard.tsx[39m:123:6
[33m  121|        </div>
  122|  
  123|        {/* Monthly Balances Chart */}
     |        ^
  124|        <div className="card space-y-4">
  125|          <div className="flex items-center justify-between flex-wrap gap-3">[39m
      at constructor (C:\Users\user\Desktop\opencode\frontend\node_modules\@babel\parser\lib\index.js:369:19)
      at TypeScriptParserMixin.raise (C:\Users\user\Desktop\opencode\frontend\node_modules\@babel\parser\lib\index.js:6620:19)
      at TypeScriptParserMixin.unexpected (C:\Users\user\Desktop\opencode\frontend\node_modules\@babel\parser\lib\index.js:6640:16)
      at TypeScriptParserMixin.expect (C:\Users\user\Desktop\opencode\frontend\node_modules\@babel\parser\lib\index.js:6920:12)
      at TypeScriptParserMixin.parseExprList (C:\Users\user\Desktop\opencode\frontend\node_modules\@babel\parser\lib\index.js:12170:14)
      at TypeScriptParserMixin.parseArrayLike (C:\Users\user\Desktop\opencode\frontend\node_modules\@babel\parser\lib\index.js:12086:26)
      at TypeScriptParserMixin.parseArrayLike (C:\Users\user\Desktop\opencode\frontend\node_modules\@babel\parser\lib\index.js:9214:24)
      at TypeScriptParserMixin.parseExprAtom (C:\Users\user\Desktop\opencode\frontend\node_modules\@babel\parser\lib\index.js:11361:23)
      at TypeScriptParserMixin.parseExprAtom (C:\Users\user\Desktop\opencode\frontend\node_modules\@babel\parser\lib\index.js:4780:20)
      at TypeScriptParserMixin.parseExprSubscripts (C:\Users\user\Desktop\opencode\frontend\node_modules\@babel\parser\lib\index.js:11102:23)
      at TypeScriptParserMixin.parseUpdate (C:\Users\user\Desktop\opencode\frontend\node_modules\@babel\parser\lib\index.js:11087:21)
      at TypeScriptParserMixin.parseMaybeUnary (C:\Users\user\Desktop\opencode\frontend\node_modules\@babel\parser\lib\index.js:11067:23)
      at TypeScriptParserMixin.parseMaybeUnary (C:\Users\user\Desktop\opencode\frontend\node_modules\@babel\parser\lib\index.js:9858:18)
      at TypeScriptParserMixin.parseMaybeUnaryOrPrivate (C:\Users\user\Desktop\opencode\frontend\node_modules\@babel\parser\lib\index.js:10920:61)
      at TypeScriptParserMixin.parseExprOps (C:\Users\user\Desktop\opencode\frontend\node_modules\@babel\parser\lib\index.js:10925:23)
      at TypeScriptParserMixin.parseMaybeConditional (C:\Users\user\Desktop\opencode\frontend\node_modules\@babel\parser\lib\index.js:10902:23)
      at TypeScriptParserMixin.parseMaybeAssign (C:\Users\user\Desktop\opencode\frontend\node_modules\@babel\parser\lib\index.js:10852:21)
      at TypeScriptParserMixin.parseMaybeAssign (C:\Users\user\Desktop\opencode\frontend\node_modules\@babel\parser\lib\index.js:9807:20)
      at TypeScriptParserMixin.parseExpressionBase (C:\Users\user\Desktop\opencode\frontend\node_modules\@babel\parser\lib\index.js:10805:23)
      at C:\Users\user\Desktop\opencode\frontend\node_modules\@babel\parser\lib\index.js:10801:39
      at TypeScriptParserMixin.allowInAnd (C:\Users\user\Desktop\opencode\frontend\node_modules\@babel\parser\lib\index.js:12455:12)
      at TypeScriptParserMixin.parseExpression (C:\Users\user\Desktop\opencode\frontend\node_modules\@babel\parser\lib\index.js:10801:17)
      at TypeScriptParserMixin.jsxParseExpressionContainer (C:\Users\user\Desktop\opencode\frontend\node_modules\@babel\parser\lib\index.js:4648:31)
      at TypeScriptParserMixin.jsxParseElementAt (C:\Users\user\Desktop\opencode\frontend\node_modules\@babel\parser\lib\index.js:4727:36)
      at TypeScriptParserMixin.jsxParseElementAt (C:\Users\user\Desktop\opencode\frontend\node_modules\@babel\parser\lib\index.js:4714:32)
      at TypeScriptParserMixin.jsxParseElement (C:\Users\user\Desktop\opencode\frontend\node_modules\@babel\parser\lib\index.js:4765:17)
      at TypeScriptParserMixin.parseExprAtom (C:\Users\user\Desktop\opencode\frontend\node_modules\@babel\parser\lib\index.js:4775:19)
      at TypeScriptParserMixin.parseExprSubscripts (C:\Users\user\Desktop\opencode\frontend\node_modules\@babel\parser\lib\index.js:11102:23)
      at TypeScriptParserMixin.parseUpdate (C:\Users\user\Desktop\opencode\frontend\node_modules\@babel\parser\lib\index.js:11087:21)
      at TypeScriptParserMixin.parseMaybeUnary (C:\Users\user\Desktop\opencode\frontend\node_modules\@babel\parser\lib\index.js:11067:23)
      at TypeScriptParserMixin.parseMaybeUnary (C:\Users\user\Desktop\opencode\frontend\node_modules\@babel\parser\lib\index.js:9858:18)
      at TypeScriptParserMixin.parseMaybeUnaryOrPrivate (C:\Users\user\Desktop\opencode\frontend\node_modules\@babel\parser\lib\index.js:10920:61)
      at TypeScriptParserMixin.parseExprOps (C:\Users\user\Desktop\opencode\frontend\node_modules\@babel\parser\lib\index.js:10925:23)
      at TypeScriptParserMixin.parseMaybeConditional (C:\Users\user\Desktop\opencode\frontend\node_modules\@babel\parser\lib\index.js:10902:23)
      at TypeScriptParserMixin.parseMaybeAssign (C:\Users\user\Desktop\opencode\frontend\node_modules\@babel\parser\lib\index.js:10852:21)
      at C:\Users\user\Desktop\opencode\frontend\node_modules\@babel\parser\lib\index.js:9796:39
      at TypeScriptParserMixin.tryParse (C:\Users\user\Desktop\opencode\frontend\node_modules\@babel\parser\lib\index.js:6928:20)
      at TypeScriptParserMixin.parseMaybeAssign (C:\Users\user\Desktop\opencode\frontend\node_modules\@babel\parser\lib\index.js:9796:18)
      at C:\Users\user\Desktop\opencode\frontend\node_modules\@babel\parser\lib\index.js:10821:39
      at TypeScriptParserMixin.allowInAnd (C:\Users\user\Desktop\opencode\frontend\node_modules\@babel\parser\lib\index.js:12455:12)
      at TypeScriptParserMixin.parseMaybeAssignAllowIn (C:\Users\user\Desktop\opencode\frontend\node_modules\@babel\parser\lib\index.js:10821:17)
      at TypeScriptParserMixin.parseMaybeAssignAllowInOrVoidPattern (C:\Users\user\Desktop\opencode\frontend\node_modules\@babel\parser\lib\index.js:12522:17)
      at TypeScriptParserMixin.parseParenAndDistinguishExpression (C:\Users\user\Desktop\opencode\frontend\node_modules\@babel\parser\lib\index.js:11701:28)
      at TypeScriptParserMixin.parseExprAtom (C:\Users\user\Desktop\opencode\frontend\node_modules\@babel\parser\lib\index.js:11357:23)
      at TypeScriptParserMixin.parseExprAtom (C:\Users\user\Desktop\opencode\frontend\node_modules\@babel\parser\lib\index.js:4780:20)
      at TypeScriptParserMixin.parseExprSubscripts (C:\Users\user\Desktop\opencode\frontend\node_modules\@babel\parser\lib\index.js:11102:23)
      at TypeScriptParserMixin.parseUpdate (C:\Users\user\Desktop\opencode\frontend\node_modules\@babel\parser\lib\index.js:11087:21)
      at TypeScriptParserMixin.parseMaybeUnary (C:\Users\user\Desktop\opencode\frontend\node_modules\@babel\parser\lib\index.js:11067:23)
      at TypeScriptParserMixin.parseMaybeUnary (C:\Users\user\Desktop\opencode\frontend\node_modules\@babel\parser\lib\index.js:9858:18)
      at TypeScriptParserMixin.parseMaybeUnaryOrPrivate (C:\Users\user\Desktop\opencode\frontend\node_modules\@babel\parser\lib\index.js:10920:61)
[2m18:49:50[22m [36m[1m[vite][22m[39m [32mhmr update [39m[2m/src/pages/Dashboard.tsx, /src/index.css[22m
[2m18:49:50[22m [31m[1m[vite][22m[39m [31mInternal server error: C:\Users\user\Desktop\opencode\frontend\src\pages\Dashboard.tsx: Unexpected token, expected "," (177:6)

[0m [90m 175 |[31m       [33m<[31m[33m/[31m[33mdiv[31m[33m>[31m
 [90m 176 |[31m
[31m[1m>[22m[31m[90m 177 |[31m       {[90m/* Accounts */[31m}
 [90m     |[31m       [31m[1m^[22m[31m
 [90m 178 |[31m       [33m<[31m[33mdiv[31m className[33m=[31m[32m"card"[31m[33m>[31m
 [90m 179 |[31m         [33m<[31m[33mdiv[31m className[33m=[31m[32m"flex items-center justify-between mb-4"[31m[33m>[31m
 [90m 180 |[31m           [33m<[31m[33mh2[31m className[33m=[31m[32m"text-lg font-semibold text-gray-900 dark:text-gray-100"[31m[33m>[31m[33mContas[31m[33m<[31m[33m/[31m[33mh2[31m[33m>[31m[0m[39m
  Plugin: [35mvite:react-babel[39m
  File: [36mC:/Users/user/Desktop/opencode/frontend/src/pages/Dashboard.tsx[39m:177:6
[33m  175|        </div>
  176|  
  177|        {/* Accounts */}
     |        ^
  178|        <div className="card">
  179|          <div className="flex items-center justify-between mb-4">[39m
      at constructor (C:\Users\user\Desktop\opencode\frontend\node_modules\@babel\parser\lib\index.js:369:19)
      at TypeScriptParserMixin.raise (C:\Users\user\Desktop\opencode\frontend\node_modules\@babel\parser\lib\index.js:6620:19)
      at TypeScriptParserMixin.unexpected (C:\Users\user\Desktop\opencode\frontend\node_modules\@babel\parser\lib\index.js:6640:16)
      at TypeScriptParserMixin.expect (C:\Users\user\Desktop\opencode\frontend\node_modules\@babel\parser\lib\index.js:6920:12)
      at TypeScriptParserMixin.parseExprList (C:\Users\user\Desktop\opencode\frontend\node_modules\@babel\parser\lib\index.js:12170:14)
      at TypeScriptParserMixin.parseArrayLike (C:\Users\user\Desktop\opencode\frontend\node_modules\@babel\parser\lib\index.js:12086:26)
      at TypeScriptParserMixin.parseArrayLike (C:\Users\user\Desktop\opencode\frontend\node_modules\@babel\parser\lib\index.js:9214:24)
      at TypeScriptParserMixin.parseExprAtom (C:\Users\user\Desktop\opencode\frontend\node_modules\@babel\parser\lib\index.js:11361:23)
      at TypeScriptParserMixin.parseExprAtom (C:\Users\user\Desktop\opencode\frontend\node_modules\@babel\parser\lib\index.js:4780:20)
      at TypeScriptParserMixin.parseExprSubscripts (C:\Users\user\Desktop\opencode\frontend\node_modules\@babel\parser\lib\index.js:11102:23)
      at TypeScriptParserMixin.parseUpdate (C:\Users\user\Desktop\opencode\frontend\node_modules\@babel\parser\lib\index.js:11087:21)
      at TypeScriptParserMixin.parseMaybeUnary (C:\Users\user\Desktop\opencode\frontend\node_modules\@babel\parser\lib\index.js:11067:23)
      at TypeScriptParserMixin.parseMaybeUnary (C:\Users\user\Desktop\opencode\frontend\node_modules\@babel\parser\lib\index.js:9858:18)
      at TypeScriptParserMixin.parseMaybeUnaryOrPrivate (C:\Users\user\Desktop\opencode\frontend\node_modules\@babel\parser\lib\index.js:10920:61)
      at TypeScriptParserMixin.parseExprOps (C:\Users\user\Desktop\opencode\frontend\node_modules\@babel\parser\lib\index.js:10925:23)
      at TypeScriptParserMixin.parseMaybeConditional (C:\Users\user\Desktop\opencode\frontend\node_modules\@babel\parser\lib\index.js:10902:23)
      at TypeScriptParserMixin.parseMaybeAssign (C:\Users\user\Desktop\opencode\frontend\node_modules\@babel\parser\lib\index.js:10852:21)
      at TypeScriptParserMixin.parseMaybeAssign (C:\Users\user\Desktop\opencode\frontend\node_modules\@babel\parser\lib\index.js:9807:20)
      at TypeScriptParserMixin.parseExpressionBase (C:\Users\user\Desktop\opencode\frontend\node_modules\@babel\parser\lib\index.js:10805:23)
      at C:\Users\user\Desktop\opencode\frontend\node_modules\@babel\parser\lib\index.js:10801:39
      at TypeScriptParserMixin.allowInAnd (C:\Users\user\Desktop\opencode\frontend\node_modules\@babel\parser\lib\index.js:12455:12)
      at TypeScriptParserMixin.parseExpression (C:\Users\user\Desktop\opencode\frontend\node_modules\@babel\parser\lib\index.js:10801:17)
      at TypeScriptParserMixin.jsxParseExpressionContainer (C:\Users\user\Desktop\opencode\frontend\node_modules\@babel\parser\lib\index.js:4648:31)
      at TypeScriptParserMixin.jsxParseElementAt (C:\Users\user\Desktop\opencode\frontend\node_modules\@babel\parser\lib\index.js:4727:36)
      at TypeScriptParserMixin.jsxParseElementAt (C:\Users\user\Desktop\opencode\frontend\node_modules\@babel\parser\lib\index.js:4714:32)
      at TypeScriptParserMixin.jsxParseElement (C:\Users\user\Desktop\opencode\frontend\node_modules\@babel\parser\lib\index.js:4765:17)
      at TypeScriptParserMixin.parseExprAtom (C:\Users\user\Desktop\opencode\frontend\node_modules\@babel\parser\lib\index.js:4775:19)
      at TypeScriptParserMixin.parseExprSubscripts (C:\Users\user\Desktop\opencode\frontend\node_modules\@babel\parser\lib\index.js:11102:23)
      at TypeScriptParserMixin.parseUpdate (C:\Users\user\Desktop\opencode\frontend\node_modules\@babel\parser\lib\index.js:11087:21)
      at TypeScriptParserMixin.parseMaybeUnary (C:\Users\user\Desktop\opencode\frontend\node_modules\@babel\parser\lib\index.js:11067:23)
      at TypeScriptParserMixin.parseMaybeUnary (C:\Users\user\Desktop\opencode\frontend\node_modules\@babel\parser\lib\index.js:9858:18)
      at TypeScriptParserMixin.parseMaybeUnaryOrPrivate (C:\Users\user\Desktop\opencode\frontend\node_modules\@babel\parser\lib\index.js:10920:61)
      at TypeScriptParserMixin.parseExprOps (C:\Users\user\Desktop\opencode\frontend\node_modules\@babel\parser\lib\index.js:10925:23)
      at TypeScriptParserMixin.parseMaybeConditional (C:\Users\user\Desktop\opencode\frontend\node_modules\@babel\parser\lib\index.js:10902:23)
      at TypeScriptParserMixin.parseMaybeAssign (C:\Users\user\Desktop\opencode\frontend\node_modules\@babel\parser\lib\index.js:10852:21)
      at C:\Users\user\Desktop\opencode\frontend\node_modules\@babel\parser\lib\index.js:9796:39
      at TypeScriptParserMixin.tryParse (C:\Users\user\Desktop\opencode\frontend\node_modules\@babel\parser\lib\index.js:6928:20)
      at TypeScriptParserMixin.parseMaybeAssign (C:\Users\user\Desktop\opencode\frontend\node_modules\@babel\parser\lib\index.js:9796:18)
      at C:\Users\user\Desktop\opencode\frontend\node_modules\@babel\parser\lib\index.js:10821:39
      at TypeScriptParserMixin.allowInAnd (C:\Users\user\Desktop\opencode\frontend\node_modules\@babel\parser\lib\index.js:12455:12)
      at TypeScriptParserMixin.parseMaybeAssignAllowIn (C:\Users\user\Desktop\opencode\frontend\node_modules\@babel\parser\lib\index.js:10821:17)
      at TypeScriptParserMixin.parseMaybeAssignAllowInOrVoidPattern (C:\Users\user\Desktop\opencode\frontend\node_modules\@babel\parser\lib\index.js:12522:17)
      at TypeScriptParserMixin.parseParenAndDistinguishExpression (C:\Users\user\Desktop\opencode\frontend\node_modules\@babel\parser\lib\index.js:11701:28)
      at TypeScriptParserMixin.parseExprAtom (C:\Users\user\Desktop\opencode\frontend\node_modules\@babel\parser\lib\index.js:11357:23)
      at TypeScriptParserMixin.parseExprAtom (C:\Users\user\Desktop\opencode\frontend\node_modules\@babel\parser\lib\index.js:4780:20)
      at TypeScriptParserMixin.parseExprSubscripts (C:\Users\user\Desktop\opencode\frontend\node_modules\@babel\parser\lib\index.js:11102:23)
      at TypeScriptParserMixin.parseUpdate (C:\Users\user\Desktop\opencode\frontend\node_modules\@babel\parser\lib\index.js:11087:21)
      at TypeScriptParserMixin.parseMaybeUnary (C:\Users\user\Desktop\opencode\frontend\node_modules\@babel\parser\lib\index.js:11067:23)
      at TypeScriptParserMixin.parseMaybeUnary (C:\Users\user\Desktop\opencode\frontend\node_modules\@babel\parser\lib\index.js:9858:18)
      at TypeScriptParserMixin.parseMaybeUnaryOrPrivate (C:\Users\user\Desktop\opencode\frontend\node_modules\@babel\parser\lib\index.js:10920:61)
[2m18:49:50[22m [31m[1m[vite][22m[39m [31mInternal server error: C:\Users\user\Desktop\opencode\frontend\src\pages\Dashboard.tsx: Unexpected token, expected "," (177:6)

[0m [90m 175 |[31m       [33m<[31m[33m/[31m[33mdiv[31m[33m>[31m
 [90m 176 |[31m
[31m[1m>[22m[31m[90m 177 |[31m       {[90m/* Accounts */[31m}
 [90m     |[31m       [31m[1m^[22m[31m
 [90m 178 |[31m       [33m<[31m[33mdiv[31m className[33m=[31m[32m"card"[31m[33m>[31m
 [90m 179 |[31m         [33m<[31m[33mdiv[31m className[33m=[31m[32m"flex items-center justify-between mb-4"[31m[33m>[31m
 [90m 180 |[31m           [33m<[31m[33mh2[31m className[33m=[31m[32m"text-lg font-semibold text-gray-900 dark:text-gray-100"[31m[33m>[31m[33mContas[31m[33m<[31m[33m/[31m[33mh2[31m[33m>[31m[0m[39m
  Plugin: [35mvite:react-babel[39m
  File: [36mC:/Users/user/Desktop/opencode/frontend/src/pages/Dashboard.tsx[39m:177:6
[33m  175|        </div>
  176|  
  177|        {/* Accounts */}
     |        ^
  178|        <div className="card">
  179|          <div className="flex items-center justify-between mb-4">[39m
      at constructor (C:\Users\user\Desktop\opencode\frontend\node_modules\@babel\parser\lib\index.js:369:19)
      at TypeScriptParserMixin.raise (C:\Users\user\Desktop\opencode\frontend\node_modules\@babel\parser\lib\index.js:6620:19)
      at TypeScriptParserMixin.unexpected (C:\Users\user\Desktop\opencode\frontend\node_modules\@babel\parser\lib\index.js:6640:16)
      at TypeScriptParserMixin.expect (C:\Users\user\Desktop\opencode\frontend\node_modules\@babel\parser\lib\index.js:6920:12)
      at TypeScriptParserMixin.parseExprList (C:\Users\user\Desktop\opencode\frontend\node_modules\@babel\parser\lib\index.js:12170:14)
      at TypeScriptParserMixin.parseArrayLike (C:\Users\user\Desktop\opencode\frontend\node_modules\@babel\parser\lib\index.js:12086:26)
      at TypeScriptParserMixin.parseArrayLike (C:\Users\user\Desktop\opencode\frontend\node_modules\@babel\parser\lib\index.js:9214:24)
      at TypeScriptParserMixin.parseExprAtom (C:\Users\user\Desktop\opencode\frontend\node_modules\@babel\parser\lib\index.js:11361:23)
      at TypeScriptParserMixin.parseExprAtom (C:\Users\user\Desktop\opencode\frontend\node_modules\@babel\parser\lib\index.js:4780:20)
      at TypeScriptParserMixin.parseExprSubscripts (C:\Users\user\Desktop\opencode\frontend\node_modules\@babel\parser\lib\index.js:11102:23)
      at TypeScriptParserMixin.parseUpdate (C:\Users\user\Desktop\opencode\frontend\node_modules\@babel\parser\lib\index.js:11087:21)
      at TypeScriptParserMixin.parseMaybeUnary (C:\Users\user\Desktop\opencode\frontend\node_modules\@babel\parser\lib\index.js:11067:23)
      at TypeScriptParserMixin.parseMaybeUnary (C:\Users\user\Desktop\opencode\frontend\node_modules\@babel\parser\lib\index.js:9858:18)
      at TypeScriptParserMixin.parseMaybeUnaryOrPrivate (C:\Users\user\Desktop\opencode\frontend\node_modules\@babel\parser\lib\index.js:10920:61)
      at TypeScriptParserMixin.parseExprOps (C:\Users\user\Desktop\opencode\frontend\node_modules\@babel\parser\lib\index.js:10925:23)
      at TypeScriptParserMixin.parseMaybeConditional (C:\Users\user\Desktop\opencode\frontend\node_modules\@babel\parser\lib\index.js:10902:23)
      at TypeScriptParserMixin.parseMaybeAssign (C:\Users\user\Desktop\opencode\frontend\node_modules\@babel\parser\lib\index.js:10852:21)
      at TypeScriptParserMixin.parseMaybeAssign (C:\Users\user\Desktop\opencode\frontend\node_modules\@babel\parser\lib\index.js:9807:20)
      at TypeScriptParserMixin.parseExpressionBase (C:\Users\user\Desktop\opencode\frontend\node_modules\@babel\parser\lib\index.js:10805:23)
      at C:\Users\user\Desktop\opencode\frontend\node_modules\@babel\parser\lib\index.js:10801:39
      at TypeScriptParserMixin.allowInAnd (C:\Users\user\Desktop\opencode\frontend\node_modules\@babel\parser\lib\index.js:12455:12)
      at TypeScriptParserMixin.parseExpression (C:\Users\user\Desktop\opencode\frontend\node_modules\@babel\parser\lib\index.js:10801:17)
      at TypeScriptParserMixin.jsxParseExpressionContainer (C:\Users\user\Desktop\opencode\frontend\node_modules\@babel\parser\lib\index.js:4648:31)
      at TypeScriptParserMixin.jsxParseElementAt (C:\Users\user\Desktop\opencode\frontend\node_modules\@babel\parser\lib\index.js:4727:36)
      at TypeScriptParserMixin.jsxParseElementAt (C:\Users\user\Desktop\opencode\frontend\node_modules\@babel\parser\lib\index.js:4714:32)
      at TypeScriptParserMixin.jsxParseElement (C:\Users\user\Desktop\opencode\frontend\node_modules\@babel\parser\lib\index.js:4765:17)
      at TypeScriptParserMixin.parseExprAtom (C:\Users\user\Desktop\opencode\frontend\node_modules\@babel\parser\lib\index.js:4775:19)
      at TypeScriptParserMixin.parseExprSubscripts (C:\Users\user\Desktop\opencode\frontend\node_modules\@babel\parser\lib\index.js:11102:23)
      at TypeScriptParserMixin.parseUpdate (C:\Users\user\Desktop\opencode\frontend\node_modules\@babel\parser\lib\index.js:11087:21)
      at TypeScriptParserMixin.parseMaybeUnary (C:\Users\user\Desktop\opencode\frontend\node_modules\@babel\parser\lib\index.js:11067:23)
      at TypeScriptParserMixin.parseMaybeUnary (C:\Users\user\Desktop\opencode\frontend\node_modules\@babel\parser\lib\index.js:9858:18)
      at TypeScriptParserMixin.parseMaybeUnaryOrPrivate (C:\Users\user\Desktop\opencode\frontend\node_modules\@babel\parser\lib\index.js:10920:61)
      at TypeScriptParserMixin.parseExprOps (C:\Users\user\Desktop\opencode\frontend\node_modules\@babel\parser\lib\index.js:10925:23)
      at TypeScriptParserMixin.parseMaybeConditional (C:\Users\user\Desktop\opencode\frontend\node_modules\@babel\parser\lib\index.js:10902:23)
      at TypeScriptParserMixin.parseMaybeAssign (C:\Users\user\Desktop\opencode\frontend\node_modules\@babel\parser\lib\index.js:10852:21)
      at C:\Users\user\Desktop\opencode\frontend\node_modules\@babel\parser\lib\index.js:9796:39
      at TypeScriptParserMixin.tryParse (C:\Users\user\Desktop\opencode\frontend\node_modules\@babel\parser\lib\index.js:6928:20)
      at TypeScriptParserMixin.parseMaybeAssign (C:\Users\user\Desktop\opencode\frontend\node_modules\@babel\parser\lib\index.js:9796:18)
      at C:\Users\user\Desktop\opencode\frontend\node_modules\@babel\parser\lib\index.js:10821:39
      at TypeScriptParserMixin.allowInAnd (C:\Users\user\Desktop\opencode\frontend\node_modules\@babel\parser\lib\index.js:12455:12)
      at TypeScriptParserMixin.parseMaybeAssignAllowIn (C:\Users\user\Desktop\opencode\frontend\node_modules\@babel\parser\lib\index.js:10821:17)
      at TypeScriptParserMixin.parseMaybeAssignAllowInOrVoidPattern (C:\Users\user\Desktop\opencode\frontend\node_modules\@babel\parser\lib\index.js:12522:17)
      at TypeScriptParserMixin.parseParenAndDistinguishExpression (C:\Users\user\Desktop\opencode\frontend\node_modules\@babel\parser\lib\index.js:11701:28)
      at TypeScriptParserMixin.parseExprAtom (C:\Users\user\Desktop\opencode\frontend\node_modules\@babel\parser\lib\index.js:11357:23)
      at TypeScriptParserMixin.parseExprAtom (C:\Users\user\Desktop\opencode\frontend\node_modules\@babel\parser\lib\index.js:4780:20)
      at TypeScriptParserMixin.parseExprSubscripts (C:\Users\user\Desktop\opencode\frontend\node_modules\@babel\parser\lib\index.js:11102:23)
      at TypeScriptParserMixin.parseUpdate (C:\Users\user\Desktop\opencode\frontend\node_modules\@babel\parser\lib\index.js:11087:21)
      at TypeScriptParserMixin.parseMaybeUnary (C:\Users\user\Desktop\opencode\frontend\node_modules\@babel\parser\lib\index.js:11067:23)
      at TypeScriptParserMixin.parseMaybeUnary (C:\Users\user\Desktop\opencode\frontend\node_modules\@babel\parser\lib\index.js:9858:18)
      at TypeScriptParserMixin.parseMaybeUnaryOrPrivate (C:\Users\user\Desktop\opencode\frontend\node_modules\@babel\parser\lib\index.js:10920:61)
[2m18:49:50[22m [31m[1m[vite][22m[39m [31mInternal server error: C:\Users\user\Desktop\opencode\frontend\src\pages\Dashboard.tsx: Unexpected token, expected "," (177:6)

[0m [90m 175 |[31m       [33m<[31m[33m/[31m[33mdiv[31m[33m>[31m
 [90m 176 |[31m
[31m[1m>[22m[31m[90m 177 |[31m       {[90m/* Accounts */[31m}
 [90m     |[31m       [31m[1m^[22m[31m
 [90m 178 |[31m       [33m<[31m[33mdiv[31m className[33m=[31m[32m"card"[31m[33m>[31m
 [90m 179 |[31m         [33m<[31m[33mdiv[31m className[33m=[31m[32m"flex items-center justify-between mb-4"[31m[33m>[31m
 [90m 180 |[31m           [33m<[31m[33mh2[31m className[33m=[31m[32m"text-lg font-semibold text-gray-900 dark:text-gray-100"[31m[33m>[31m[33mContas[31m[33m<[31m[33m/[31m[33mh2[31m[33m>[31m[0m[39m
  Plugin: [35mvite:react-babel[39m
  File: [36mC:/Users/user/Desktop/opencode/frontend/src/pages/Dashboard.tsx[39m:177:6
[33m  175|        </div>
  176|  
  177|        {/* Accounts */}
     |        ^
  178|        <div className="card">
  179|          <div className="flex items-center justify-between mb-4">[39m
      at constructor (C:\Users\user\Desktop\opencode\frontend\node_modules\@babel\parser\lib\index.js:369:19)
      at TypeScriptParserMixin.raise (C:\Users\user\Desktop\opencode\frontend\node_modules\@babel\parser\lib\index.js:6620:19)
      at TypeScriptParserMixin.unexpected (C:\Users\user\Desktop\opencode\frontend\node_modules\@babel\parser\lib\index.js:6640:16)
      at TypeScriptParserMixin.expect (C:\Users\user\Desktop\opencode\frontend\node_modules\@babel\parser\lib\index.js:6920:12)
      at TypeScriptParserMixin.parseExprList (C:\Users\user\Desktop\opencode\frontend\node_modules\@babel\parser\lib\index.js:12170:14)
      at TypeScriptParserMixin.parseArrayLike (C:\Users\user\Desktop\opencode\frontend\node_modules\@babel\parser\lib\index.js:12086:26)
      at TypeScriptParserMixin.parseArrayLike (C:\Users\user\Desktop\opencode\frontend\node_modules\@babel\parser\lib\index.js:9214:24)
      at TypeScriptParserMixin.parseExprAtom (C:\Users\user\Desktop\opencode\frontend\node_modules\@babel\parser\lib\index.js:11361:23)
      at TypeScriptParserMixin.parseExprAtom (C:\Users\user\Desktop\opencode\frontend\node_modules\@babel\parser\lib\index.js:4780:20)
      at TypeScriptParserMixin.parseExprSubscripts (C:\Users\user\Desktop\opencode\frontend\node_modules\@babel\parser\lib\index.js:11102:23)
      at TypeScriptParserMixin.parseUpdate (C:\Users\user\Desktop\opencode\frontend\node_modules\@babel\parser\lib\index.js:11087:21)
      at TypeScriptParserMixin.parseMaybeUnary (C:\Users\user\Desktop\opencode\frontend\node_modules\@babel\parser\lib\index.js:11067:23)
      at TypeScriptParserMixin.parseMaybeUnary (C:\Users\user\Desktop\opencode\frontend\node_modules\@babel\parser\lib\index.js:9858:18)
      at TypeScriptParserMixin.parseMaybeUnaryOrPrivate (C:\Users\user\Desktop\opencode\frontend\node_modules\@babel\parser\lib\index.js:10920:61)
      at TypeScriptParserMixin.parseExprOps (C:\Users\user\Desktop\opencode\frontend\node_modules\@babel\parser\lib\index.js:10925:23)
      at TypeScriptParserMixin.parseMaybeConditional (C:\Users\user\Desktop\opencode\frontend\node_modules\@babel\parser\lib\index.js:10902:23)
      at TypeScriptParserMixin.parseMaybeAssign (C:\Users\user\Desktop\opencode\frontend\node_modules\@babel\parser\lib\index.js:10852:21)
      at TypeScriptParserMixin.parseMaybeAssign (C:\Users\user\Desktop\opencode\frontend\node_modules\@babel\parser\lib\index.js:9807:20)
      at TypeScriptParserMixin.parseExpressionBase (C:\Users\user\Desktop\opencode\frontend\node_modules\@babel\parser\lib\index.js:10805:23)
      at C:\Users\user\Desktop\opencode\frontend\node_modules\@babel\parser\lib\index.js:10801:39
      at TypeScriptParserMixin.allowInAnd (C:\Users\user\Desktop\opencode\frontend\node_modules\@babel\parser\lib\index.js:12455:12)
      at TypeScriptParserMixin.parseExpression (C:\Users\user\Desktop\opencode\frontend\node_modules\@babel\parser\lib\index.js:10801:17)
      at TypeScriptParserMixin.jsxParseExpressionContainer (C:\Users\user\Desktop\opencode\frontend\node_modules\@babel\parser\lib\index.js:4648:31)
      at TypeScriptParserMixin.jsxParseElementAt (C:\Users\user\Desktop\opencode\frontend\node_modules\@babel\parser\lib\index.js:4727:36)
      at TypeScriptParserMixin.jsxParseElementAt (C:\Users\user\Desktop\opencode\frontend\node_modules\@babel\parser\lib\index.js:4714:32)
      at TypeScriptParserMixin.jsxParseElement (C:\Users\user\Desktop\opencode\frontend\node_modules\@babel\parser\lib\index.js:4765:17)
      at TypeScriptParserMixin.parseExprAtom (C:\Users\user\Desktop\opencode\frontend\node_modules\@babel\parser\lib\index.js:4775:19)
      at TypeScriptParserMixin.parseExprSubscripts (C:\Users\user\Desktop\opencode\frontend\node_modules\@babel\parser\lib\index.js:11102:23)
      at TypeScriptParserMixin.parseUpdate (C:\Users\user\Desktop\opencode\frontend\node_modules\@babel\parser\lib\index.js:11087:21)
      at TypeScriptParserMixin.parseMaybeUnary (C:\Users\user\Desktop\opencode\frontend\node_modules\@babel\parser\lib\index.js:11067:23)
      at TypeScriptParserMixin.parseMaybeUnary (C:\Users\user\Desktop\opencode\frontend\node_modules\@babel\parser\lib\index.js:9858:18)
      at TypeScriptParserMixin.parseMaybeUnaryOrPrivate (C:\Users\user\Desktop\opencode\frontend\node_modules\@babel\parser\lib\index.js:10920:61)
      at TypeScriptParserMixin.parseExprOps (C:\Users\user\Desktop\opencode\frontend\node_modules\@babel\parser\lib\index.js:10925:23)
      at TypeScriptParserMixin.parseMaybeConditional (C:\Users\user\Desktop\opencode\frontend\node_modules\@babel\parser\lib\index.js:10902:23)
      at TypeScriptParserMixin.parseMaybeAssign (C:\Users\user\Desktop\opencode\frontend\node_modules\@babel\parser\lib\index.js:10852:21)
      at C:\Users\user\Desktop\opencode\frontend\node_modules\@babel\parser\lib\index.js:9796:39
      at TypeScriptParserMixin.tryParse (C:\Users\user\Desktop\opencode\frontend\node_modules\@babel\parser\lib\index.js:6928:20)
      at TypeScriptParserMixin.parseMaybeAssign (C:\Users\user\Desktop\opencode\frontend\node_modules\@babel\parser\lib\index.js:9796:18)
      at C:\Users\user\Desktop\opencode\frontend\node_modules\@babel\parser\lib\index.js:10821:39
      at TypeScriptParserMixin.allowInAnd (C:\Users\user\Desktop\opencode\frontend\node_modules\@babel\parser\lib\index.js:12455:12)
      at TypeScriptParserMixin.parseMaybeAssignAllowIn (C:\Users\user\Desktop\opencode\frontend\node_modules\@babel\parser\lib\index.js:10821:17)
      at TypeScriptParserMixin.parseMaybeAssignAllowInOrVoidPattern (C:\Users\user\Desktop\opencode\frontend\node_modules\@babel\parser\lib\index.js:12522:17)
      at TypeScriptParserMixin.parseParenAndDistinguishExpression (C:\Users\user\Desktop\opencode\frontend\node_modules\@babel\parser\lib\index.js:11701:28)
      at TypeScriptParserMixin.parseExprAtom (C:\Users\user\Desktop\opencode\frontend\node_modules\@babel\parser\lib\index.js:11357:23)
      at TypeScriptParserMixin.parseExprAtom (C:\Users\user\Desktop\opencode\frontend\node_modules\@babel\parser\lib\index.js:4780:20)
      at TypeScriptParserMixin.parseExprSubscripts (C:\Users\user\Desktop\opencode\frontend\node_modules\@babel\parser\lib\index.js:11102:23)
      at TypeScriptParserMixin.parseUpdate (C:\Users\user\Desktop\opencode\frontend\node_modules\@babel\parser\lib\index.js:11087:21)
      at TypeScriptParserMixin.parseMaybeUnary (C:\Users\user\Desktop\opencode\frontend\node_modules\@babel\parser\lib\index.js:11067:23)
      at TypeScriptParserMixin.parseMaybeUnary (C:\Users\user\Desktop\opencode\frontend\node_modules\@babel\parser\lib\index.js:9858:18)
      at TypeScriptParserMixin.parseMaybeUnaryOrPrivate (C:\Users\user\Desktop\opencode\frontend\node_modules\@babel\parser\lib\index.js:10920:61)
[2m18:49:50[22m [31m[1m[vite][22m[39m [31mInternal server error: C:\Users\user\Desktop\opencode\frontend\src\pages\Dashboard.tsx: Unexpected token, expected "," (177:6)

[0m [90m 175 |[31m       [33m<[31m[33m/[31m[33mdiv[31m[33m>[31m
 [90m 176 |[31m
[31m[1m>[22m[31m[90m 177 |[31m       {[90m/* Accounts */[31m}
 [90m     |[31m       [31m[1m^[22m[31m
 [90m 178 |[31m       [33m<[31m[33mdiv[31m className[33m=[31m[32m"card"[31m[33m>[31m
 [90m 179 |[31m         [33m<[31m[33mdiv[31m className[33m=[31m[32m"flex items-center justify-between mb-4"[31m[33m>[31m
 [90m 180 |[31m           [33m<[31m[33mh2[31m className[33m=[31m[32m"text-lg font-semibold text-gray-900 dark:text-gray-100"[31m[33m>[31m[33mContas[31m[33m<[31m[33m/[31m[33mh2[31m[33m>[31m[0m[39m
  Plugin: [35mvite:react-babel[39m
  File: [36mC:/Users/user/Desktop/opencode/frontend/src/pages/Dashboard.tsx[39m:177:6
[33m  175|        </div>
  176|  
  177|        {/* Accounts */}
     |        ^
  178|        <div className="card">
  179|          <div className="flex items-center justify-between mb-4">[39m
      at constructor (C:\Users\user\Desktop\opencode\frontend\node_modules\@babel\parser\lib\index.js:369:19)
      at TypeScriptParserMixin.raise (C:\Users\user\Desktop\opencode\frontend\node_modules\@babel\parser\lib\index.js:6620:19)
      at TypeScriptParserMixin.unexpected (C:\Users\user\Desktop\opencode\frontend\node_modules\@babel\parser\lib\index.js:6640:16)
      at TypeScriptParserMixin.expect (C:\Users\user\Desktop\opencode\frontend\node_modules\@babel\parser\lib\index.js:6920:12)
      at TypeScriptParserMixin.parseExprList (C:\Users\user\Desktop\opencode\frontend\node_modules\@babel\parser\lib\index.js:12170:14)
      at TypeScriptParserMixin.parseArrayLike (C:\Users\user\Desktop\opencode\frontend\node_modules\@babel\parser\lib\index.js:12086:26)
      at TypeScriptParserMixin.parseArrayLike (C:\Users\user\Desktop\opencode\frontend\node_modules\@babel\parser\lib\index.js:9214:24)
      at TypeScriptParserMixin.parseExprAtom (C:\Users\user\Desktop\opencode\frontend\node_modules\@babel\parser\lib\index.js:11361:23)
      at TypeScriptParserMixin.parseExprAtom (C:\Users\user\Desktop\opencode\frontend\node_modules\@babel\parser\lib\index.js:4780:20)
      at TypeScriptParserMixin.parseExprSubscripts (C:\Users\user\Desktop\opencode\frontend\node_modules\@babel\parser\lib\index.js:11102:23)
      at TypeScriptParserMixin.parseUpdate (C:\Users\user\Desktop\opencode\frontend\node_modules\@babel\parser\lib\index.js:11087:21)
      at TypeScriptParserMixin.parseMaybeUnary (C:\Users\user\Desktop\opencode\frontend\node_modules\@babel\parser\lib\index.js:11067:23)
      at TypeScriptParserMixin.parseMaybeUnary (C:\Users\user\Desktop\opencode\frontend\node_modules\@babel\parser\lib\index.js:9858:18)
      at TypeScriptParserMixin.parseMaybeUnaryOrPrivate (C:\Users\user\Desktop\opencode\frontend\node_modules\@babel\parser\lib\index.js:10920:61)
      at TypeScriptParserMixin.parseExprOps (C:\Users\user\Desktop\opencode\frontend\node_modules\@babel\parser\lib\index.js:10925:23)
      at TypeScriptParserMixin.parseMaybeConditional (C:\Users\user\Desktop\opencode\frontend\node_modules\@babel\parser\lib\index.js:10902:23)
      at TypeScriptParserMixin.parseMaybeAssign (C:\Users\user\Desktop\opencode\frontend\node_modules\@babel\parser\lib\index.js:10852:21)
      at TypeScriptParserMixin.parseMaybeAssign (C:\Users\user\Desktop\opencode\frontend\node_modules\@babel\parser\lib\index.js:9807:20)
      at TypeScriptParserMixin.parseExpressionBase (C:\Users\user\Desktop\opencode\frontend\node_modules\@babel\parser\lib\index.js:10805:23)
      at C:\Users\user\Desktop\opencode\frontend\node_modules\@babel\parser\lib\index.js:10801:39
      at TypeScriptParserMixin.allowInAnd (C:\Users\user\Desktop\opencode\frontend\node_modules\@babel\parser\lib\index.js:12455:12)
      at TypeScriptParserMixin.parseExpression (C:\Users\user\Desktop\opencode\frontend\node_modules\@babel\parser\lib\index.js:10801:17)
      at TypeScriptParserMixin.jsxParseExpressionContainer (C:\Users\user\Desktop\opencode\frontend\node_modules\@babel\parser\lib\index.js:4648:31)
      at TypeScriptParserMixin.jsxParseElementAt (C:\Users\user\Desktop\opencode\frontend\node_modules\@babel\parser\lib\index.js:4727:36)
      at TypeScriptParserMixin.jsxParseElementAt (C:\Users\user\Desktop\opencode\frontend\node_modules\@babel\parser\lib\index.js:4714:32)
      at TypeScriptParserMixin.jsxParseElement (C:\Users\user\Desktop\opencode\frontend\node_modules\@babel\parser\lib\index.js:4765:17)
      at TypeScriptParserMixin.parseExprAtom (C:\Users\user\Desktop\opencode\frontend\node_modules\@babel\parser\lib\index.js:4775:19)
      at TypeScriptParserMixin.parseExprSubscripts (C:\Users\user\Desktop\opencode\frontend\node_modules\@babel\parser\lib\index.js:11102:23)
      at TypeScriptParserMixin.parseUpdate (C:\Users\user\Desktop\opencode\frontend\node_modules\@babel\parser\lib\index.js:11087:21)
      at TypeScriptParserMixin.parseMaybeUnary (C:\Users\user\Desktop\opencode\frontend\node_modules\@babel\parser\lib\index.js:11067:23)
      at TypeScriptParserMixin.parseMaybeUnary (C:\Users\user\Desktop\opencode\frontend\node_modules\@babel\parser\lib\index.js:9858:18)
      at TypeScriptParserMixin.parseMaybeUnaryOrPrivate (C:\Users\user\Desktop\opencode\frontend\node_modules\@babel\parser\lib\index.js:10920:61)
      at TypeScriptParserMixin.parseExprOps (C:\Users\user\Desktop\opencode\frontend\node_modules\@babel\parser\lib\index.js:10925:23)
      at TypeScriptParserMixin.parseMaybeConditional (C:\Users\user\Desktop\opencode\frontend\node_modules\@babel\parser\lib\index.js:10902:23)
      at TypeScriptParserMixin.parseMaybeAssign (C:\Users\user\Desktop\opencode\frontend\node_modules\@babel\parser\lib\index.js:10852:21)
      at C:\Users\user\Desktop\opencode\frontend\node_modules\@babel\parser\lib\index.js:9796:39
      at TypeScriptParserMixin.tryParse (C:\Users\user\Desktop\opencode\frontend\node_modules\@babel\parser\lib\index.js:6928:20)
      at TypeScriptParserMixin.parseMaybeAssign (C:\Users\user\Desktop\opencode\frontend\node_modules\@babel\parser\lib\index.js:9796:18)
      at C:\Users\user\Desktop\opencode\frontend\node_modules\@babel\parser\lib\index.js:10821:39
      at TypeScriptParserMixin.allowInAnd (C:\Users\user\Desktop\opencode\frontend\node_modules\@babel\parser\lib\index.js:12455:12)
      at TypeScriptParserMixin.parseMaybeAssignAllowIn (C:\Users\user\Desktop\opencode\frontend\node_modules\@babel\parser\lib\index.js:10821:17)
      at TypeScriptParserMixin.parseMaybeAssignAllowInOrVoidPattern (C:\Users\user\Desktop\opencode\frontend\node_modules\@babel\parser\lib\index.js:12522:17)
      at TypeScriptParserMixin.parseParenAndDistinguishExpression (C:\Users\user\Desktop\opencode\frontend\node_modules\@babel\parser\lib\index.js:11701:28)
      at TypeScriptParserMixin.parseExprAtom (C:\Users\user\Desktop\opencode\frontend\node_modules\@babel\parser\lib\index.js:11357:23)
      at TypeScriptParserMixin.parseExprAtom (C:\Users\user\Desktop\opencode\frontend\node_modules\@babel\parser\lib\index.js:4780:20)
      at TypeScriptParserMixin.parseExprSubscripts (C:\Users\user\Desktop\opencode\frontend\node_modules\@babel\parser\lib\index.js:11102:23)
      at TypeScriptParserMixin.parseUpdate (C:\Users\user\Desktop\opencode\frontend\node_modules\@babel\parser\lib\index.js:11087:21)
      at TypeScriptParserMixin.parseMaybeUnary (C:\Users\user\Desktop\opencode\frontend\node_modules\@babel\parser\lib\index.js:11067:23)
      at TypeScriptParserMixin.parseMaybeUnary (C:\Users\user\Desktop\opencode\frontend\node_modules\@babel\parser\lib\index.js:9858:18)
      at TypeScriptParserMixin.parseMaybeUnaryOrPrivate (C:\Users\user\Desktop\opencode\frontend\node_modules\@babel\parser\lib\index.js:10920:61)
[2m18:49:54[22m [36m[1m[vite][22m[39m [32mhmr update [39m[2m/src/pages/Dashboard.tsx, /src/index.css[22m
[2m18:49:54[22m [31m[1m[vite][22m[39m [31mInternal server error: C:\Users\user\Desktop\opencode\frontend\src\pages\Dashboard.tsx: Unexpected token, expected "," (221:6)

[0m [90m 219 |[31m       [33m<[31m[33m/[31m[33mdiv[31m[33m>[31m
 [90m 220 |[31m
[31m[1m>[22m[31m[90m 221 |[31m       {[90m/* Recent Transactions */[31m}
 [90m     |[31m       [31m[1m^[22m[31m
 [90m 222 |[31m       [33m<[31m[33mdiv[31m className[33m=[31m[32m"card"[31m[33m>[31m
 [90m 223 |[31m         [33m<[31m[33mdiv[31m className[33m=[31m[32m"flex items-center justify-between mb-4"[31m[33m>[31m
 [90m 224 |[31m           [33m<[31m[33mh2[31m className[33m=[31m[32m"text-lg font-semibold text-gray-900 dark:text-gray-100"[31m[33m>[31m[33mUltimas[31m [33mTransacoes[31m[33m<[31m[33m/[31m[33mh2[31m[33m>[31m[0m[39m
  Plugin: [35mvite:react-babel[39m
  File: [36mC:/Users/user/Desktop/opencode/frontend/src/pages/Dashboard.tsx[39m:221:6
[33m  219|        </div>
  220|  
  221|        {/* Recent Transactions */}
     |        ^
  222|        <div className="card">
  223|          <div className="flex items-center justify-between mb-4">[39m
      at constructor (C:\Users\user\Desktop\opencode\frontend\node_modules\@babel\parser\lib\index.js:369:19)
      at TypeScriptParserMixin.raise (C:\Users\user\Desktop\opencode\frontend\node_modules\@babel\parser\lib\index.js:6620:19)
      at TypeScriptParserMixin.unexpected (C:\Users\user\Desktop\opencode\frontend\node_modules\@babel\parser\lib\index.js:6640:16)
      at TypeScriptParserMixin.expect (C:\Users\user\Desktop\opencode\frontend\node_modules\@babel\parser\lib\index.js:6920:12)
      at TypeScriptParserMixin.parseExprList (C:\Users\user\Desktop\opencode\frontend\node_modules\@babel\parser\lib\index.js:12170:14)
      at TypeScriptParserMixin.parseArrayLike (C:\Users\user\Desktop\opencode\frontend\node_modules\@babel\parser\lib\index.js:12086:26)
      at TypeScriptParserMixin.parseArrayLike (C:\Users\user\Desktop\opencode\frontend\node_modules\@babel\parser\lib\index.js:9214:24)
      at TypeScriptParserMixin.parseExprAtom (C:\Users\user\Desktop\opencode\frontend\node_modules\@babel\parser\lib\index.js:11361:23)
      at TypeScriptParserMixin.parseExprAtom (C:\Users\user\Desktop\opencode\frontend\node_modules\@babel\parser\lib\index.js:4780:20)
      at TypeScriptParserMixin.parseExprSubscripts (C:\Users\user\Desktop\opencode\frontend\node_modules\@babel\parser\lib\index.js:11102:23)
      at TypeScriptParserMixin.parseUpdate (C:\Users\user\Desktop\opencode\frontend\node_modules\@babel\parser\lib\index.js:11087:21)
      at TypeScriptParserMixin.parseMaybeUnary (C:\Users\user\Desktop\opencode\frontend\node_modules\@babel\parser\lib\index.js:11067:23)
      at TypeScriptParserMixin.parseMaybeUnary (C:\Users\user\Desktop\opencode\frontend\node_modules\@babel\parser\lib\index.js:9858:18)
      at TypeScriptParserMixin.parseMaybeUnaryOrPrivate (C:\Users\user\Desktop\opencode\frontend\node_modules\@babel\parser\lib\index.js:10920:61)
      at TypeScriptParserMixin.parseExprOps (C:\Users\user\Desktop\opencode\frontend\node_modules\@babel\parser\lib\index.js:10925:23)
      at TypeScriptParserMixin.parseMaybeConditional (C:\Users\user\Desktop\opencode\frontend\node_modules\@babel\parser\lib\index.js:10902:23)
      at TypeScriptParserMixin.parseMaybeAssign (C:\Users\user\Desktop\opencode\frontend\node_modules\@babel\parser\lib\index.js:10852:21)
      at TypeScriptParserMixin.parseMaybeAssign (C:\Users\user\Desktop\opencode\frontend\node_modules\@babel\parser\lib\index.js:9807:20)
      at TypeScriptParserMixin.parseExpressionBase (C:\Users\user\Desktop\opencode\frontend\node_modules\@babel\parser\lib\index.js:10805:23)
      at C:\Users\user\Desktop\opencode\frontend\node_modules\@babel\parser\lib\index.js:10801:39
      at TypeScriptParserMixin.allowInAnd (C:\Users\user\Desktop\opencode\frontend\node_modules\@babel\parser\lib\index.js:12455:12)
      at TypeScriptParserMixin.parseExpression (C:\Users\user\Desktop\opencode\frontend\node_modules\@babel\parser\lib\index.js:10801:17)
      at TypeScriptParserMixin.jsxParseExpressionContainer (C:\Users\user\Desktop\opencode\frontend\node_modules\@babel\parser\lib\index.js:4648:31)
      at TypeScriptParserMixin.jsxParseElementAt (C:\Users\user\Desktop\opencode\frontend\node_modules\@babel\parser\lib\index.js:4727:36)
      at TypeScriptParserMixin.jsxParseElementAt (C:\Users\user\Desktop\opencode\frontend\node_modules\@babel\parser\lib\index.js:4714:32)
      at TypeScriptParserMixin.jsxParseElement (C:\Users\user\Desktop\opencode\frontend\node_modules\@babel\parser\lib\index.js:4765:17)
      at TypeScriptParserMixin.parseExprAtom (C:\Users\user\Desktop\opencode\frontend\node_modules\@babel\parser\lib\index.js:4775:19)
      at TypeScriptParserMixin.parseExprSubscripts (C:\Users\user\Desktop\opencode\frontend\node_modules\@babel\parser\lib\index.js:11102:23)
      at TypeScriptParserMixin.parseUpdate (C:\Users\user\Desktop\opencode\frontend\node_modules\@babel\parser\lib\index.js:11087:21)
      at TypeScriptParserMixin.parseMaybeUnary (C:\Users\user\Desktop\opencode\frontend\node_modules\@babel\parser\lib\index.js:11067:23)
      at TypeScriptParserMixin.parseMaybeUnary (C:\Users\user\Desktop\opencode\frontend\node_modules\@babel\parser\lib\index.js:9858:18)
      at TypeScriptParserMixin.parseMaybeUnaryOrPrivate (C:\Users\user\Desktop\opencode\frontend\node_modules\@babel\parser\lib\index.js:10920:61)
      at TypeScriptParserMixin.parseExprOps (C:\Users\user\Desktop\opencode\frontend\node_modules\@babel\parser\lib\index.js:10925:23)
      at TypeScriptParserMixin.parseMaybeConditional (C:\Users\user\Desktop\opencode\frontend\node_modules\@babel\parser\lib\index.js:10902:23)
      at TypeScriptParserMixin.parseMaybeAssign (C:\Users\user\Desktop\opencode\frontend\node_modules\@babel\parser\lib\index.js:10852:21)
      at C:\Users\user\Desktop\opencode\frontend\node_modules\@babel\parser\lib\index.js:9796:39
      at TypeScriptParserMixin.tryParse (C:\Users\user\Desktop\opencode\frontend\node_modules\@babel\parser\lib\index.js:6928:20)
      at TypeScriptParserMixin.parseMaybeAssign (C:\Users\user\Desktop\opencode\frontend\node_modules\@babel\parser\lib\index.js:9796:18)
      at C:\Users\user\Desktop\opencode\frontend\node_modules\@babel\parser\lib\index.js:10821:39
      at TypeScriptParserMixin.allowInAnd (C:\Users\user\Desktop\opencode\frontend\node_modules\@babel\parser\lib\index.js:12455:12)
      at TypeScriptParserMixin.parseMaybeAssignAllowIn (C:\Users\user\Desktop\opencode\frontend\node_modules\@babel\parser\lib\index.js:10821:17)
      at TypeScriptParserMixin.parseMaybeAssignAllowInOrVoidPattern (C:\Users\user\Desktop\opencode\frontend\node_modules\@babel\parser\lib\index.js:12522:17)
      at TypeScriptParserMixin.parseParenAndDistinguishExpression (C:\Users\user\Desktop\opencode\frontend\node_modules\@babel\parser\lib\index.js:11701:28)
      at TypeScriptParserMixin.parseExprAtom (C:\Users\user\Desktop\opencode\frontend\node_modules\@babel\parser\lib\index.js:11357:23)
      at TypeScriptParserMixin.parseExprAtom (C:\Users\user\Desktop\opencode\frontend\node_modules\@babel\parser\lib\index.js:4780:20)
      at TypeScriptParserMixin.parseExprSubscripts (C:\Users\user\Desktop\opencode\frontend\node_modules\@babel\parser\lib\index.js:11102:23)
      at TypeScriptParserMixin.parseUpdate (C:\Users\user\Desktop\opencode\frontend\node_modules\@babel\parser\lib\index.js:11087:21)
      at TypeScriptParserMixin.parseMaybeUnary (C:\Users\user\Desktop\opencode\frontend\node_modules\@babel\parser\lib\index.js:11067:23)
      at TypeScriptParserMixin.parseMaybeUnary (C:\Users\user\Desktop\opencode\frontend\node_modules\@babel\parser\lib\index.js:9858:18)
      at TypeScriptParserMixin.parseMaybeUnaryOrPrivate (C:\Users\user\Desktop\opencode\frontend\node_modules\@babel\parser\lib\index.js:10920:61)
[2m18:49:54[22m [31m[1m[vite][22m[39m [31mInternal server error: C:\Users\user\Desktop\opencode\frontend\src\pages\Dashboard.tsx: Unexpected token, expected "," (221:6)

[0m [90m 219 |[31m       [33m<[31m[33m/[31m[33mdiv[31m[33m>[31m
 [90m 220 |[31m
[31m[1m>[22m[31m[90m 221 |[31m       {[90m/* Recent Transactions */[31m}
 [90m     |[31m       [31m[1m^[22m[31m
 [90m 222 |[31m       [33m<[31m[33mdiv[31m className[33m=[31m[32m"card"[31m[33m>[31m
 [90m 223 |[31m         [33m<[31m[33mdiv[31m className[33m=[31m[32m"flex items-center justify-between mb-4"[31m[33m>[31m
 [90m 224 |[31m           [33m<[31m[33mh2[31m className[33m=[31m[32m"text-lg font-semibold text-gray-900 dark:text-gray-100"[31m[33m>[31m[33mUltimas[31m [33mTransacoes[31m[33m<[31m[33m/[31m[33mh2[31m[33m>[31m[0m[39m
  Plugin: [35mvite:react-babel[39m
  File: [36mC:/Users/user/Desktop/opencode/frontend/src/pages/Dashboard.tsx[39m:221:6
[33m  219|        </div>
  220|  
  221|        {/* Recent Transactions */}
     |        ^
  222|        <div className="card">
  223|          <div className="flex items-center justify-between mb-4">[39m
      at constructor (C:\Users\user\Desktop\opencode\frontend\node_modules\@babel\parser\lib\index.js:369:19)
      at TypeScriptParserMixin.raise (C:\Users\user\Desktop\opencode\frontend\node_modules\@babel\parser\lib\index.js:6620:19)
      at TypeScriptParserMixin.unexpected (C:\Users\user\Desktop\opencode\frontend\node_modules\@babel\parser\lib\index.js:6640:16)
      at TypeScriptParserMixin.expect (C:\Users\user\Desktop\opencode\frontend\node_modules\@babel\parser\lib\index.js:6920:12)
      at TypeScriptParserMixin.parseExprList (C:\Users\user\Desktop\opencode\frontend\node_modules\@babel\parser\lib\index.js:12170:14)
      at TypeScriptParserMixin.parseArrayLike (C:\Users\user\Desktop\opencode\frontend\node_modules\@babel\parser\lib\index.js:12086:26)
      at TypeScriptParserMixin.parseArrayLike (C:\Users\user\Desktop\opencode\frontend\node_modules\@babel\parser\lib\index.js:9214:24)
      at TypeScriptParserMixin.parseExprAtom (C:\Users\user\Desktop\opencode\frontend\node_modules\@babel\parser\lib\index.js:11361:23)
      at TypeScriptParserMixin.parseExprAtom (C:\Users\user\Desktop\opencode\frontend\node_modules\@babel\parser\lib\index.js:4780:20)
      at TypeScriptParserMixin.parseExprSubscripts (C:\Users\user\Desktop\opencode\frontend\node_modules\@babel\parser\lib\index.js:11102:23)
      at TypeScriptParserMixin.parseUpdate (C:\Users\user\Desktop\opencode\frontend\node_modules\@babel\parser\lib\index.js:11087:21)
      at TypeScriptParserMixin.parseMaybeUnary (C:\Users\user\Desktop\opencode\frontend\node_modules\@babel\parser\lib\index.js:11067:23)
      at TypeScriptParserMixin.parseMaybeUnary (C:\Users\user\Desktop\opencode\frontend\node_modules\@babel\parser\lib\index.js:9858:18)
      at TypeScriptParserMixin.parseMaybeUnaryOrPrivate (C:\Users\user\Desktop\opencode\frontend\node_modules\@babel\parser\lib\index.js:10920:61)
      at TypeScriptParserMixin.parseExprOps (C:\Users\user\Desktop\opencode\frontend\node_modules\@babel\parser\lib\index.js:10925:23)
      at TypeScriptParserMixin.parseMaybeConditional (C:\Users\user\Desktop\opencode\frontend\node_modules\@babel\parser\lib\index.js:10902:23)
      at TypeScriptParserMixin.parseMaybeAssign (C:\Users\user\Desktop\opencode\frontend\node_modules\@babel\parser\lib\index.js:10852:21)
      at TypeScriptParserMixin.parseMaybeAssign (C:\Users\user\Desktop\opencode\frontend\node_modules\@babel\parser\lib\index.js:9807:20)
      at TypeScriptParserMixin.parseExpressionBase (C:\Users\user\Desktop\opencode\frontend\node_modules\@babel\parser\lib\index.js:10805:23)
      at C:\Users\user\Desktop\opencode\frontend\node_modules\@babel\parser\lib\index.js:10801:39
      at TypeScriptParserMixin.allowInAnd (C:\Users\user\Desktop\opencode\frontend\node_modules\@babel\parser\lib\index.js:12455:12)
      at TypeScriptParserMixin.parseExpression (C:\Users\user\Desktop\opencode\frontend\node_modules\@babel\parser\lib\index.js:10801:17)
      at TypeScriptParserMixin.jsxParseExpressionContainer (C:\Users\user\Desktop\opencode\frontend\node_modules\@babel\parser\lib\index.js:4648:31)
      at TypeScriptParserMixin.jsxParseElementAt (C:\Users\user\Desktop\opencode\frontend\node_modules\@babel\parser\lib\index.js:4727:36)
      at TypeScriptParserMixin.jsxParseElementAt (C:\Users\user\Desktop\opencode\frontend\node_modules\@babel\parser\lib\index.js:4714:32)
      at TypeScriptParserMixin.jsxParseElement (C:\Users\user\Desktop\opencode\frontend\node_modules\@babel\parser\lib\index.js:4765:17)
      at TypeScriptParserMixin.parseExprAtom (C:\Users\user\Desktop\opencode\frontend\node_modules\@babel\parser\lib\index.js:4775:19)
      at TypeScriptParserMixin.parseExprSubscripts (C:\Users\user\Desktop\opencode\frontend\node_modules\@babel\parser\lib\index.js:11102:23)
      at TypeScriptParserMixin.parseUpdate (C:\Users\user\Desktop\opencode\frontend\node_modules\@babel\parser\lib\index.js:11087:21)
      at TypeScriptParserMixin.parseMaybeUnary (C:\Users\user\Desktop\opencode\frontend\node_modules\@babel\parser\lib\index.js:11067:23)
      at TypeScriptParserMixin.parseMaybeUnary (C:\Users\user\Desktop\opencode\frontend\node_modules\@babel\parser\lib\index.js:9858:18)
      at TypeScriptParserMixin.parseMaybeUnaryOrPrivate (C:\Users\user\Desktop\opencode\frontend\node_modules\@babel\parser\lib\index.js:10920:61)
      at TypeScriptParserMixin.parseExprOps (C:\Users\user\Desktop\opencode\frontend\node_modules\@babel\parser\lib\index.js:10925:23)
      at TypeScriptParserMixin.parseMaybeConditional (C:\Users\user\Desktop\opencode\frontend\node_modules\@babel\parser\lib\index.js:10902:23)
      at TypeScriptParserMixin.parseMaybeAssign (C:\Users\user\Desktop\opencode\frontend\node_modules\@babel\parser\lib\index.js:10852:21)
      at C:\Users\user\Desktop\opencode\frontend\node_modules\@babel\parser\lib\index.js:9796:39
      at TypeScriptParserMixin.tryParse (C:\Users\user\Desktop\opencode\frontend\node_modules\@babel\parser\lib\index.js:6928:20)
      at TypeScriptParserMixin.parseMaybeAssign (C:\Users\user\Desktop\opencode\frontend\node_modules\@babel\parser\lib\index.js:9796:18)
      at C:\Users\user\Desktop\opencode\frontend\node_modules\@babel\parser\lib\index.js:10821:39
      at TypeScriptParserMixin.allowInAnd (C:\Users\user\Desktop\opencode\frontend\node_modules\@babel\parser\lib\index.js:12455:12)
      at TypeScriptParserMixin.parseMaybeAssignAllowIn (C:\Users\user\Desktop\opencode\frontend\node_modules\@babel\parser\lib\index.js:10821:17)
      at TypeScriptParserMixin.parseMaybeAssignAllowInOrVoidPattern (C:\Users\user\Desktop\opencode\frontend\node_modules\@babel\parser\lib\index.js:12522:17)
      at TypeScriptParserMixin.parseParenAndDistinguishExpression (C:\Users\user\Desktop\opencode\frontend\node_modules\@babel\parser\lib\index.js:11701:28)
      at TypeScriptParserMixin.parseExprAtom (C:\Users\user\Desktop\opencode\frontend\node_modules\@babel\parser\lib\index.js:11357:23)
      at TypeScriptParserMixin.parseExprAtom (C:\Users\user\Desktop\opencode\frontend\node_modules\@babel\parser\lib\index.js:4780:20)
      at TypeScriptParserMixin.parseExprSubscripts (C:\Users\user\Desktop\opencode\frontend\node_modules\@babel\parser\lib\index.js:11102:23)
      at TypeScriptParserMixin.parseUpdate (C:\Users\user\Desktop\opencode\frontend\node_modules\@babel\parser\lib\index.js:11087:21)
      at TypeScriptParserMixin.parseMaybeUnary (C:\Users\user\Desktop\opencode\frontend\node_modules\@babel\parser\lib\index.js:11067:23)
      at TypeScriptParserMixin.parseMaybeUnary (C:\Users\user\Desktop\opencode\frontend\node_modules\@babel\parser\lib\index.js:9858:18)
      at TypeScriptParserMixin.parseMaybeUnaryOrPrivate (C:\Users\user\Desktop\opencode\frontend\node_modules\@babel\parser\lib\index.js:10920:61)
[2m18:49:54[22m [31m[1m[vite][22m[39m [31mInternal server error: C:\Users\user\Desktop\opencode\frontend\src\pages\Dashboard.tsx: Unexpected token, expected "," (221:6)

[0m [90m 219 |[31m       [33m<[31m[33m/[31m[33mdiv[31m[33m>[31m
 [90m 220 |[31m
[31m[1m>[22m[31m[90m 221 |[31m       {[90m/* Recent Transactions */[31m}
 [90m     |[31m       [31m[1m^[22m[31m
 [90m 222 |[31m       [33m<[31m[33mdiv[31m className[33m=[31m[32m"card"[31m[33m>[31m
 [90m 223 |[31m         [33m<[31m[33mdiv[31m className[33m=[31m[32m"flex items-center justify-between mb-4"[31m[33m>[31m
 [90m 224 |[31m           [33m<[31m[33mh2[31m className[33m=[31m[32m"text-lg font-semibold text-gray-900 dark:text-gray-100"[31m[33m>[31m[33mUltimas[31m [33mTransacoes[31m[33m<[31m[33m/[31m[33mh2[31m[33m>[31m[0m[39m
  Plugin: [35mvite:react-babel[39m
  File: [36mC:/Users/user/Desktop/opencode/frontend/src/pages/Dashboard.tsx[39m:221:6
[33m  219|        </div>
  220|  
  221|        {/* Recent Transactions */}
     |        ^
  222|        <div className="card">
  223|          <div className="flex items-center justify-between mb-4">[39m
      at constructor (C:\Users\user\Desktop\opencode\frontend\node_modules\@babel\parser\lib\index.js:369:19)
      at TypeScriptParserMixin.raise (C:\Users\user\Desktop\opencode\frontend\node_modules\@babel\parser\lib\index.js:6620:19)
      at TypeScriptParserMixin.unexpected (C:\Users\user\Desktop\opencode\frontend\node_modules\@babel\parser\lib\index.js:6640:16)
      at TypeScriptParserMixin.expect (C:\Users\user\Desktop\opencode\frontend\node_modules\@babel\parser\lib\index.js:6920:12)
      at TypeScriptParserMixin.parseExprList (C:\Users\user\Desktop\opencode\frontend\node_modules\@babel\parser\lib\index.js:12170:14)
      at TypeScriptParserMixin.parseArrayLike (C:\Users\user\Desktop\opencode\frontend\node_modules\@babel\parser\lib\index.js:12086:26)
      at TypeScriptParserMixin.parseArrayLike (C:\Users\user\Desktop\opencode\frontend\node_modules\@babel\parser\lib\index.js:9214:24)
      at TypeScriptParserMixin.parseExprAtom (C:\Users\user\Desktop\opencode\frontend\node_modules\@babel\parser\lib\index.js:11361:23)
      at TypeScriptParserMixin.parseExprAtom (C:\Users\user\Desktop\opencode\frontend\node_modules\@babel\parser\lib\index.js:4780:20)
      at TypeScriptParserMixin.parseExprSubscripts (C:\Users\user\Desktop\opencode\frontend\node_modules\@babel\parser\lib\index.js:11102:23)
      at TypeScriptParserMixin.parseUpdate (C:\Users\user\Desktop\opencode\frontend\node_modules\@babel\parser\lib\index.js:11087:21)
      at TypeScriptParserMixin.parseMaybeUnary (C:\Users\user\Desktop\opencode\frontend\node_modules\@babel\parser\lib\index.js:11067:23)
      at TypeScriptParserMixin.parseMaybeUnary (C:\Users\user\Desktop\opencode\frontend\node_modules\@babel\parser\lib\index.js:9858:18)
      at TypeScriptParserMixin.parseMaybeUnaryOrPrivate (C:\Users\user\Desktop\opencode\frontend\node_modules\@babel\parser\lib\index.js:10920:61)
      at TypeScriptParserMixin.parseExprOps (C:\Users\user\Desktop\opencode\frontend\node_modules\@babel\parser\lib\index.js:10925:23)
      at TypeScriptParserMixin.parseMaybeConditional (C:\Users\user\Desktop\opencode\frontend\node_modules\@babel\parser\lib\index.js:10902:23)
      at TypeScriptParserMixin.parseMaybeAssign (C:\Users\user\Desktop\opencode\frontend\node_modules\@babel\parser\lib\index.js:10852:21)
      at TypeScriptParserMixin.parseMaybeAssign (C:\Users\user\Desktop\opencode\frontend\node_modules\@babel\parser\lib\index.js:9807:20)
      at TypeScriptParserMixin.parseExpressionBase (C:\Users\user\Desktop\opencode\frontend\node_modules\@babel\parser\lib\index.js:10805:23)
      at C:\Users\user\Desktop\opencode\frontend\node_modules\@babel\parser\lib\index.js:10801:39
      at TypeScriptParserMixin.allowInAnd (C:\Users\user\Desktop\opencode\frontend\node_modules\@babel\parser\lib\index.js:12455:12)
      at TypeScriptParserMixin.parseExpression (C:\Users\user\Desktop\opencode\frontend\node_modules\@babel\parser\lib\index.js:10801:17)
      at TypeScriptParserMixin.jsxParseExpressionContainer (C:\Users\user\Desktop\opencode\frontend\node_modules\@babel\parser\lib\index.js:4648:31)
      at TypeScriptParserMixin.jsxParseElementAt (C:\Users\user\Desktop\opencode\frontend\node_modules\@babel\parser\lib\index.js:4727:36)
      at TypeScriptParserMixin.jsxParseElementAt (C:\Users\user\Desktop\opencode\frontend\node_modules\@babel\parser\lib\index.js:4714:32)
      at TypeScriptParserMixin.jsxParseElement (C:\Users\user\Desktop\opencode\frontend\node_modules\@babel\parser\lib\index.js:4765:17)
      at TypeScriptParserMixin.parseExprAtom (C:\Users\user\Desktop\opencode\frontend\node_modules\@babel\parser\lib\index.js:4775:19)
      at TypeScriptParserMixin.parseExprSubscripts (C:\Users\user\Desktop\opencode\frontend\node_modules\@babel\parser\lib\index.js:11102:23)
      at TypeScriptParserMixin.parseUpdate (C:\Users\user\Desktop\opencode\frontend\node_modules\@babel\parser\lib\index.js:11087:21)
      at TypeScriptParserMixin.parseMaybeUnary (C:\Users\user\Desktop\opencode\frontend\node_modules\@babel\parser\lib\index.js:11067:23)
      at TypeScriptParserMixin.parseMaybeUnary (C:\Users\user\Desktop\opencode\frontend\node_modules\@babel\parser\lib\index.js:9858:18)
      at TypeScriptParserMixin.parseMaybeUnaryOrPrivate (C:\Users\user\Desktop\opencode\frontend\node_modules\@babel\parser\lib\index.js:10920:61)
      at TypeScriptParserMixin.parseExprOps (C:\Users\user\Desktop\opencode\frontend\node_modules\@babel\parser\lib\index.js:10925:23)
      at TypeScriptParserMixin.parseMaybeConditional (C:\Users\user\Desktop\opencode\frontend\node_modules\@babel\parser\lib\index.js:10902:23)
      at TypeScriptParserMixin.parseMaybeAssign (C:\Users\user\Desktop\opencode\frontend\node_modules\@babel\parser\lib\index.js:10852:21)
      at C:\Users\user\Desktop\opencode\frontend\node_modules\@babel\parser\lib\index.js:9796:39
      at TypeScriptParserMixin.tryParse (C:\Users\user\Desktop\opencode\frontend\node_modules\@babel\parser\lib\index.js:6928:20)
      at TypeScriptParserMixin.parseMaybeAssign (C:\Users\user\Desktop\opencode\frontend\node_modules\@babel\parser\lib\index.js:9796:18)
      at C:\Users\user\Desktop\opencode\frontend\node_modules\@babel\parser\lib\index.js:10821:39
      at TypeScriptParserMixin.allowInAnd (C:\Users\user\Desktop\opencode\frontend\node_modules\@babel\parser\lib\index.js:12455:12)
      at TypeScriptParserMixin.parseMaybeAssignAllowIn (C:\Users\user\Desktop\opencode\frontend\node_modules\@babel\parser\lib\index.js:10821:17)
      at TypeScriptParserMixin.parseMaybeAssignAllowInOrVoidPattern (C:\Users\user\Desktop\opencode\frontend\node_modules\@babel\parser\lib\index.js:12522:17)
      at TypeScriptParserMixin.parseParenAndDistinguishExpression (C:\Users\user\Desktop\opencode\frontend\node_modules\@babel\parser\lib\index.js:11701:28)
      at TypeScriptParserMixin.parseExprAtom (C:\Users\user\Desktop\opencode\frontend\node_modules\@babel\parser\lib\index.js:11357:23)
      at TypeScriptParserMixin.parseExprAtom (C:\Users\user\Desktop\opencode\frontend\node_modules\@babel\parser\lib\index.js:4780:20)
      at TypeScriptParserMixin.parseExprSubscripts (C:\Users\user\Desktop\opencode\frontend\node_modules\@babel\parser\lib\index.js:11102:23)
      at TypeScriptParserMixin.parseUpdate (C:\Users\user\Desktop\opencode\frontend\node_modules\@babel\parser\lib\index.js:11087:21)
      at TypeScriptParserMixin.parseMaybeUnary (C:\Users\user\Desktop\opencode\frontend\node_modules\@babel\parser\lib\index.js:11067:23)
      at TypeScriptParserMixin.parseMaybeUnary (C:\Users\user\Desktop\opencode\frontend\node_modules\@babel\parser\lib\index.js:9858:18)
      at TypeScriptParserMixin.parseMaybeUnaryOrPrivate (C:\Users\user\Desktop\opencode\frontend\node_modules\@babel\parser\lib\index.js:10920:61)
[2m18:49:54[22m [31m[1m[vite][22m[39m [31mInternal server error: C:\Users\user\Desktop\opencode\frontend\src\pages\Dashboard.tsx: Unexpected token, expected "," (221:6)

[0m [90m 219 |[31m       [33m<[31m[33m/[31m[33mdiv[31m[33m>[31m
 [90m 220 |[31m
[31m[1m>[22m[31m[90m 221 |[31m       {[90m/* Recent Transactions */[31m}
 [90m     |[31m       [31m[1m^[22m[31m
 [90m 222 |[31m       [33m<[31m[33mdiv[31m className[33m=[31m[32m"card"[31m[33m>[31m
 [90m 223 |[31m         [33m<[31m[33mdiv[31m className[33m=[31m[32m"flex items-center justify-between mb-4"[31m[33m>[31m
 [90m 224 |[31m           [33m<[31m[33mh2[31m className[33m=[31m[32m"text-lg font-semibold text-gray-900 dark:text-gray-100"[31m[33m>[31m[33mUltimas[31m [33mTransacoes[31m[33m<[31m[33m/[31m[33mh2[31m[33m>[31m[0m[39m
  Plugin: [35mvite:react-babel[39m
  File: [36mC:/Users/user/Desktop/opencode/frontend/src/pages/Dashboard.tsx[39m:221:6
[33m  219|        </div>
  220|  
  221|        {/* Recent Transactions */}
     |        ^
  222|        <div className="card">
  223|          <div className="flex items-center justify-between mb-4">[39m
      at constructor (C:\Users\user\Desktop\opencode\frontend\node_modules\@babel\parser\lib\index.js:369:19)
      at TypeScriptParserMixin.raise (C:\Users\user\Desktop\opencode\frontend\node_modules\@babel\parser\lib\index.js:6620:19)
      at TypeScriptParserMixin.unexpected (C:\Users\user\Desktop\opencode\frontend\node_modules\@babel\parser\lib\index.js:6640:16)
      at TypeScriptParserMixin.expect (C:\Users\user\Desktop\opencode\frontend\node_modules\@babel\parser\lib\index.js:6920:12)
      at TypeScriptParserMixin.parseExprList (C:\Users\user\Desktop\opencode\frontend\node_modules\@babel\parser\lib\index.js:12170:14)
      at TypeScriptParserMixin.parseArrayLike (C:\Users\user\Desktop\opencode\frontend\node_modules\@babel\parser\lib\index.js:12086:26)
      at TypeScriptParserMixin.parseArrayLike (C:\Users\user\Desktop\opencode\frontend\node_modules\@babel\parser\lib\index.js:9214:24)
      at TypeScriptParserMixin.parseExprAtom (C:\Users\user\Desktop\opencode\frontend\node_modules\@babel\parser\lib\index.js:11361:23)
      at TypeScriptParserMixin.parseExprAtom (C:\Users\user\Desktop\opencode\frontend\node_modules\@babel\parser\lib\index.js:4780:20)
      at TypeScriptParserMixin.parseExprSubscripts (C:\Users\user\Desktop\opencode\frontend\node_modules\@babel\parser\lib\index.js:11102:23)
      at TypeScriptParserMixin.parseUpdate (C:\Users\user\Desktop\opencode\frontend\node_modules\@babel\parser\lib\index.js:11087:21)
      at TypeScriptParserMixin.parseMaybeUnary (C:\Users\user\Desktop\opencode\frontend\node_modules\@babel\parser\lib\index.js:11067:23)
      at TypeScriptParserMixin.parseMaybeUnary (C:\Users\user\Desktop\opencode\frontend\node_modules\@babel\parser\lib\index.js:9858:18)
      at TypeScriptParserMixin.parseMaybeUnaryOrPrivate (C:\Users\user\Desktop\opencode\frontend\node_modules\@babel\parser\lib\index.js:10920:61)
      at TypeScriptParserMixin.parseExprOps (C:\Users\user\Desktop\opencode\frontend\node_modules\@babel\parser\lib\index.js:10925:23)
      at TypeScriptParserMixin.parseMaybeConditional (C:\Users\user\Desktop\opencode\frontend\node_modules\@babel\parser\lib\index.js:10902:23)
      at TypeScriptParserMixin.parseMaybeAssign (C:\Users\user\Desktop\opencode\frontend\node_modules\@babel\parser\lib\index.js:10852:21)
      at TypeScriptParserMixin.parseMaybeAssign (C:\Users\user\Desktop\opencode\frontend\node_modules\@babel\parser\lib\index.js:9807:20)
      at TypeScriptParserMixin.parseExpressionBase (C:\Users\user\Desktop\opencode\frontend\node_modules\@babel\parser\lib\index.js:10805:23)
      at C:\Users\user\Desktop\opencode\frontend\node_modules\@babel\parser\lib\index.js:10801:39
      at TypeScriptParserMixin.allowInAnd (C:\Users\user\Desktop\opencode\frontend\node_modules\@babel\parser\lib\index.js:12455:12)
      at TypeScriptParserMixin.parseExpression (C:\Users\user\Desktop\opencode\frontend\node_modules\@babel\parser\lib\index.js:10801:17)
      at TypeScriptParserMixin.jsxParseExpressionContainer (C:\Users\user\Desktop\opencode\frontend\node_modules\@babel\parser\lib\index.js:4648:31)
      at TypeScriptParserMixin.jsxParseElementAt (C:\Users\user\Desktop\opencode\frontend\node_modules\@babel\parser\lib\index.js:4727:36)
      at TypeScriptParserMixin.jsxParseElementAt (C:\Users\user\Desktop\opencode\frontend\node_modules\@babel\parser\lib\index.js:4714:32)
      at TypeScriptParserMixin.jsxParseElement (C:\Users\user\Desktop\opencode\frontend\node_modules\@babel\parser\lib\index.js:4765:17)
      at TypeScriptParserMixin.parseExprAtom (C:\Users\user\Desktop\opencode\frontend\node_modules\@babel\parser\lib\index.js:4775:19)
      at TypeScriptParserMixin.parseExprSubscripts (C:\Users\user\Desktop\opencode\frontend\node_modules\@babel\parser\lib\index.js:11102:23)
      at TypeScriptParserMixin.parseUpdate (C:\Users\user\Desktop\opencode\frontend\node_modules\@babel\parser\lib\index.js:11087:21)
      at TypeScriptParserMixin.parseMaybeUnary (C:\Users\user\Desktop\opencode\frontend\node_modules\@babel\parser\lib\index.js:11067:23)
      at TypeScriptParserMixin.parseMaybeUnary (C:\Users\user\Desktop\opencode\frontend\node_modules\@babel\parser\lib\index.js:9858:18)
      at TypeScriptParserMixin.parseMaybeUnaryOrPrivate (C:\Users\user\Desktop\opencode\frontend\node_modules\@babel\parser\lib\index.js:10920:61)
      at TypeScriptParserMixin.parseExprOps (C:\Users\user\Desktop\opencode\frontend\node_modules\@babel\parser\lib\index.js:10925:23)
      at TypeScriptParserMixin.parseMaybeConditional (C:\Users\user\Desktop\opencode\frontend\node_modules\@babel\parser\lib\index.js:10902:23)
      at TypeScriptParserMixin.parseMaybeAssign (C:\Users\user\Desktop\opencode\frontend\node_modules\@babel\parser\lib\index.js:10852:21)
      at C:\Users\user\Desktop\opencode\frontend\node_modules\@babel\parser\lib\index.js:9796:39
      at TypeScriptParserMixin.tryParse (C:\Users\user\Desktop\opencode\frontend\node_modules\@babel\parser\lib\index.js:6928:20)
      at TypeScriptParserMixin.parseMaybeAssign (C:\Users\user\Desktop\opencode\frontend\node_modules\@babel\parser\lib\index.js:9796:18)
      at C:\Users\user\Desktop\opencode\frontend\node_modules\@babel\parser\lib\index.js:10821:39
      at TypeScriptParserMixin.allowInAnd (C:\Users\user\Desktop\opencode\frontend\node_modules\@babel\parser\lib\index.js:12455:12)
      at TypeScriptParserMixin.parseMaybeAssignAllowIn (C:\Users\user\Desktop\opencode\frontend\node_modules\@babel\parser\lib\index.js:10821:17)
      at TypeScriptParserMixin.parseMaybeAssignAllowInOrVoidPattern (C:\Users\user\Desktop\opencode\frontend\node_modules\@babel\parser\lib\index.js:12522:17)
      at TypeScriptParserMixin.parseParenAndDistinguishExpression (C:\Users\user\Desktop\opencode\frontend\node_modules\@babel\parser\lib\index.js:11701:28)
      at TypeScriptParserMixin.parseExprAtom (C:\Users\user\Desktop\opencode\frontend\node_modules\@babel\parser\lib\index.js:11357:23)
      at TypeScriptParserMixin.parseExprAtom (C:\Users\user\Desktop\opencode\frontend\node_modules\@babel\parser\lib\index.js:4780:20)
      at TypeScriptParserMixin.parseExprSubscripts (C:\Users\user\Desktop\opencode\frontend\node_modules\@babel\parser\lib\index.js:11102:23)
      at TypeScriptParserMixin.parseUpdate (C:\Users\user\Desktop\opencode\frontend\node_modules\@babel\parser\lib\index.js:11087:21)
      at TypeScriptParserMixin.parseMaybeUnary (C:\Users\user\Desktop\opencode\frontend\node_modules\@babel\parser\lib\index.js:11067:23)
      at TypeScriptParserMixin.parseMaybeUnary (C:\Users\user\Desktop\opencode\frontend\node_modules\@babel\parser\lib\index.js:9858:18)
      at TypeScriptParserMixin.parseMaybeUnaryOrPrivate (C:\Users\user\Desktop\opencode\frontend\node_modules\@babel\parser\lib\index.js:10920:61)
[2m18:49:56[22m [36m[1m[vite][22m[39m [32mhmr update [39m[2m/src/pages/Dashboard.tsx, /src/index.css[22m
[2m18:49:56[22m [31m[1m[vite][22m[39m [31mInternal server error: C:\Users\user\Desktop\opencode\frontend\src\pages\Dashboard.tsx: Unexpected token, expected "," (273:6)

[0m [90m 271 |[31m       [33m<[31m[33m/[31m[33mdiv[31m[33m>[31m
 [90m 272 |[31m
[31m[1m>[22m[31m[90m 273 |[31m       {[90m/* Goals */[31m}
 [90m     |[31m       [31m[1m^[22m[31m
 [90m 274 |[31m       {goals[33m.[31mlength [33m>[31m [35m0[31m [33m&&[31m (
 [90m 275 |[31m         [33m<[31m[33mdiv[31m className[33m=[31m[32m"card"[31m[33m>[31m
 [90m 276 |[31m           [33m<[31m[33mdiv[31m className[33m=[31m[32m"flex items-center justify-between mb-4"[31m[33m>[31m[0m[39m
  Plugin: [35mvite:react-babel[39m
  File: [36mC:/Users/user/Desktop/opencode/frontend/src/pages/Dashboard.tsx[39m:273:6
[33m  271|        </div>
  272|  
  273|        {/* Goals */}
     |        ^
  274|        {goals.length > 0 && (
  275|          <div className="card">[39m
      at constructor (C:\Users\user\Desktop\opencode\frontend\node_modules\@babel\parser\lib\index.js:369:19)
      at TypeScriptParserMixin.raise (C:\Users\user\Desktop\opencode\frontend\node_modules\@babel\parser\lib\index.js:6620:19)
      at TypeScriptParserMixin.unexpected (C:\Users\user\Desktop\opencode\frontend\node_modules\@babel\parser\lib\index.js:6640:16)
      at TypeScriptParserMixin.expect (C:\Users\user\Desktop\opencode\frontend\node_modules\@babel\parser\lib\index.js:6920:12)
      at TypeScriptParserMixin.parseExprList (C:\Users\user\Desktop\opencode\frontend\node_modules\@babel\parser\lib\index.js:12170:14)
      at TypeScriptParserMixin.parseArrayLike (C:\Users\user\Desktop\opencode\frontend\node_modules\@babel\parser\lib\index.js:12086:26)
      at TypeScriptParserMixin.parseArrayLike (C:\Users\user\Desktop\opencode\frontend\node_modules\@babel\parser\lib\index.js:9214:24)
      at TypeScriptParserMixin.parseExprAtom (C:\Users\user\Desktop\opencode\frontend\node_modules\@babel\parser\lib\index.js:11361:23)
      at TypeScriptParserMixin.parseExprAtom (C:\Users\user\Desktop\opencode\frontend\node_modules\@babel\parser\lib\index.js:4780:20)
      at TypeScriptParserMixin.parseExprSubscripts (C:\Users\user\Desktop\opencode\frontend\node_modules\@babel\parser\lib\index.js:11102:23)
      at TypeScriptParserMixin.parseUpdate (C:\Users\user\Desktop\opencode\frontend\node_modules\@babel\parser\lib\index.js:11087:21)
      at TypeScriptParserMixin.parseMaybeUnary (C:\Users\user\Desktop\opencode\frontend\node_modules\@babel\parser\lib\index.js:11067:23)
      at TypeScriptParserMixin.parseMaybeUnary (C:\Users\user\Desktop\opencode\frontend\node_modules\@babel\parser\lib\index.js:9858:18)
      at TypeScriptParserMixin.parseMaybeUnaryOrPrivate (C:\Users\user\Desktop\opencode\frontend\node_modules\@babel\parser\lib\index.js:10920:61)
      at TypeScriptParserMixin.parseExprOps (C:\Users\user\Desktop\opencode\frontend\node_modules\@babel\parser\lib\index.js:10925:23)
      at TypeScriptParserMixin.parseMaybeConditional (C:\Users\user\Desktop\opencode\frontend\node_modules\@babel\parser\lib\index.js:10902:23)
      at TypeScriptParserMixin.parseMaybeAssign (C:\Users\user\Desktop\opencode\frontend\node_modules\@babel\parser\lib\index.js:10852:21)
      at TypeScriptParserMixin.parseMaybeAssign (C:\Users\user\Desktop\opencode\frontend\node_modules\@babel\parser\lib\index.js:9807:20)
      at TypeScriptParserMixin.parseExpressionBase (C:\Users\user\Desktop\opencode\frontend\node_modules\@babel\parser\lib\index.js:10805:23)
      at C:\Users\user\Desktop\opencode\frontend\node_modules\@babel\parser\lib\index.js:10801:39
      at TypeScriptParserMixin.allowInAnd (C:\Users\user\Desktop\opencode\frontend\node_modules\@babel\parser\lib\index.js:12455:12)
      at TypeScriptParserMixin.parseExpression (C:\Users\user\Desktop\opencode\frontend\node_modules\@babel\parser\lib\index.js:10801:17)
      at TypeScriptParserMixin.jsxParseExpressionContainer (C:\Users\user\Desktop\opencode\frontend\node_modules\@babel\parser\lib\index.js:4648:31)
      at TypeScriptParserMixin.jsxParseElementAt (C:\Users\user\Desktop\opencode\frontend\node_modules\@babel\parser\lib\index.js:4727:36)
      at TypeScriptParserMixin.jsxParseElementAt (C:\Users\user\Desktop\opencode\frontend\node_modules\@babel\parser\lib\index.js:4714:32)
      at TypeScriptParserMixin.jsxParseElement (C:\Users\user\Desktop\opencode\frontend\node_modules\@babel\parser\lib\index.js:4765:17)
      at TypeScriptParserMixin.parseExprAtom (C:\Users\user\Desktop\opencode\frontend\node_modules\@babel\parser\lib\index.js:4775:19)
      at TypeScriptParserMixin.parseExprSubscripts (C:\Users\user\Desktop\opencode\frontend\node_modules\@babel\parser\lib\index.js:11102:23)
      at TypeScriptParserMixin.parseUpdate (C:\Users\user\Desktop\opencode\frontend\node_modules\@babel\parser\lib\index.js:11087:21)
      at TypeScriptParserMixin.parseMaybeUnary (C:\Users\user\Desktop\opencode\frontend\node_modules\@babel\parser\lib\index.js:11067:23)
      at TypeScriptParserMixin.parseMaybeUnary (C:\Users\user\Desktop\opencode\frontend\node_modules\@babel\parser\lib\index.js:9858:18)
      at TypeScriptParserMixin.parseMaybeUnaryOrPrivate (C:\Users\user\Desktop\opencode\frontend\node_modules\@babel\parser\lib\index.js:10920:61)
      at TypeScriptParserMixin.parseExprOps (C:\Users\user\Desktop\opencode\frontend\node_modules\@babel\parser\lib\index.js:10925:23)
      at TypeScriptParserMixin.parseMaybeConditional (C:\Users\user\Desktop\opencode\frontend\node_modules\@babel\parser\lib\index.js:10902:23)
      at TypeScriptParserMixin.parseMaybeAssign (C:\Users\user\Desktop\opencode\frontend\node_modules\@babel\parser\lib\index.js:10852:21)
      at C:\Users\user\Desktop\opencode\frontend\node_modules\@babel\parser\lib\index.js:9796:39
      at TypeScriptParserMixin.tryParse (C:\Users\user\Desktop\opencode\frontend\node_modules\@babel\parser\lib\index.js:6928:20)
      at TypeScriptParserMixin.parseMaybeAssign (C:\Users\user\Desktop\opencode\frontend\node_modules\@babel\parser\lib\index.js:9796:18)
      at C:\Users\user\Desktop\opencode\frontend\node_modules\@babel\parser\lib\index.js:10821:39
      at TypeScriptParserMixin.allowInAnd (C:\Users\user\Desktop\opencode\frontend\node_modules\@babel\parser\lib\index.js:12455:12)
      at TypeScriptParserMixin.parseMaybeAssignAllowIn (C:\Users\user\Desktop\opencode\frontend\node_modules\@babel\parser\lib\index.js:10821:17)
      at TypeScriptParserMixin.parseMaybeAssignAllowInOrVoidPattern (C:\Users\user\Desktop\opencode\frontend\node_modules\@babel\parser\lib\index.js:12522:17)
      at TypeScriptParserMixin.parseParenAndDistinguishExpression (C:\Users\user\Desktop\opencode\frontend\node_modules\@babel\parser\lib\index.js:11701:28)
      at TypeScriptParserMixin.parseExprAtom (C:\Users\user\Desktop\opencode\frontend\node_modules\@babel\parser\lib\index.js:11357:23)
      at TypeScriptParserMixin.parseExprAtom (C:\Users\user\Desktop\opencode\frontend\node_modules\@babel\parser\lib\index.js:4780:20)
      at TypeScriptParserMixin.parseExprSubscripts (C:\Users\user\Desktop\opencode\frontend\node_modules\@babel\parser\lib\index.js:11102:23)
      at TypeScriptParserMixin.parseUpdate (C:\Users\user\Desktop\opencode\frontend\node_modules\@babel\parser\lib\index.js:11087:21)
      at TypeScriptParserMixin.parseMaybeUnary (C:\Users\user\Desktop\opencode\frontend\node_modules\@babel\parser\lib\index.js:11067:23)
      at TypeScriptParserMixin.parseMaybeUnary (C:\Users\user\Desktop\opencode\frontend\node_modules\@babel\parser\lib\index.js:9858:18)
      at TypeScriptParserMixin.parseMaybeUnaryOrPrivate (C:\Users\user\Desktop\opencode\frontend\node_modules\@babel\parser\lib\index.js:10920:61)
[2m18:49:56[22m [31m[1m[vite][22m[39m [31mInternal server error: C:\Users\user\Desktop\opencode\frontend\src\pages\Dashboard.tsx: Unexpected token, expected "," (273:6)

[0m [90m 271 |[31m       [33m<[31m[33m/[31m[33mdiv[31m[33m>[31m
 [90m 272 |[31m
[31m[1m>[22m[31m[90m 273 |[31m       {[90m/* Goals */[31m}
 [90m     |[31m       [31m[1m^[22m[31m
 [90m 274 |[31m       {goals[33m.[31mlength [33m>[31m [35m0[31m [33m&&[31m (
 [90m 275 |[31m         [33m<[31m[33mdiv[31m className[33m=[31m[32m"card"[31m[33m>[31m
 [90m 276 |[31m           [33m<[31m[33mdiv[31m className[33m=[31m[32m"flex items-center justify-between mb-4"[31m[33m>[31m[0m[39m
  Plugin: [35mvite:react-babel[39m
  File: [36mC:/Users/user/Desktop/opencode/frontend/src/pages/Dashboard.tsx[39m:273:6
[33m  271|        </div>
  272|  
  273|        {/* Goals */}
     |        ^
  274|        {goals.length > 0 && (
  275|          <div className="card">[39m
      at constructor (C:\Users\user\Desktop\opencode\frontend\node_modules\@babel\parser\lib\index.js:369:19)
      at TypeScriptParserMixin.raise (C:\Users\user\Desktop\opencode\frontend\node_modules\@babel\parser\lib\index.js:6620:19)
      at TypeScriptParserMixin.unexpected (C:\Users\user\Desktop\opencode\frontend\node_modules\@babel\parser\lib\index.js:6640:16)
      at TypeScriptParserMixin.expect (C:\Users\user\Desktop\opencode\frontend\node_modules\@babel\parser\lib\index.js:6920:12)
      at TypeScriptParserMixin.parseExprList (C:\Users\user\Desktop\opencode\frontend\node_modules\@babel\parser\lib\index.js:12170:14)
      at TypeScriptParserMixin.parseArrayLike (C:\Users\user\Desktop\opencode\frontend\node_modules\@babel\parser\lib\index.js:12086:26)
      at TypeScriptParserMixin.parseArrayLike (C:\Users\user\Desktop\opencode\frontend\node_modules\@babel\parser\lib\index.js:9214:24)
      at TypeScriptParserMixin.parseExprAtom (C:\Users\user\Desktop\opencode\frontend\node_modules\@babel\parser\lib\index.js:11361:23)
      at TypeScriptParserMixin.parseExprAtom (C:\Users\user\Desktop\opencode\frontend\node_modules\@babel\parser\lib\index.js:4780:20)
      at TypeScriptParserMixin.parseExprSubscripts (C:\Users\user\Desktop\opencode\frontend\node_modules\@babel\parser\lib\index.js:11102:23)
      at TypeScriptParserMixin.parseUpdate (C:\Users\user\Desktop\opencode\frontend\node_modules\@babel\parser\lib\index.js:11087:21)
      at TypeScriptParserMixin.parseMaybeUnary (C:\Users\user\Desktop\opencode\frontend\node_modules\@babel\parser\lib\index.js:11067:23)
      at TypeScriptParserMixin.parseMaybeUnary (C:\Users\user\Desktop\opencode\frontend\node_modules\@babel\parser\lib\index.js:9858:18)
      at TypeScriptParserMixin.parseMaybeUnaryOrPrivate (C:\Users\user\Desktop\opencode\frontend\node_modules\@babel\parser\lib\index.js:10920:61)
      at TypeScriptParserMixin.parseExprOps (C:\Users\user\Desktop\opencode\frontend\node_modules\@babel\parser\lib\index.js:10925:23)
      at TypeScriptParserMixin.parseMaybeConditional (C:\Users\user\Desktop\opencode\frontend\node_modules\@babel\parser\lib\index.js:10902:23)
      at TypeScriptParserMixin.parseMaybeAssign (C:\Users\user\Desktop\opencode\frontend\node_modules\@babel\parser\lib\index.js:10852:21)
      at TypeScriptParserMixin.parseMaybeAssign (C:\Users\user\Desktop\opencode\frontend\node_modules\@babel\parser\lib\index.js:9807:20)
      at TypeScriptParserMixin.parseExpressionBase (C:\Users\user\Desktop\opencode\frontend\node_modules\@babel\parser\lib\index.js:10805:23)
      at C:\Users\user\Desktop\opencode\frontend\node_modules\@babel\parser\lib\index.js:10801:39
      at TypeScriptParserMixin.allowInAnd (C:\Users\user\Desktop\opencode\frontend\node_modules\@babel\parser\lib\index.js:12455:12)
      at TypeScriptParserMixin.parseExpression (C:\Users\user\Desktop\opencode\frontend\node_modules\@babel\parser\lib\index.js:10801:17)
      at TypeScriptParserMixin.jsxParseExpressionContainer (C:\Users\user\Desktop\opencode\frontend\node_modules\@babel\parser\lib\index.js:4648:31)
      at TypeScriptParserMixin.jsxParseElementAt (C:\Users\user\Desktop\opencode\frontend\node_modules\@babel\parser\lib\index.js:4727:36)
      at TypeScriptParserMixin.jsxParseElementAt (C:\Users\user\Desktop\opencode\frontend\node_modules\@babel\parser\lib\index.js:4714:32)
      at TypeScriptParserMixin.jsxParseElement (C:\Users\user\Desktop\opencode\frontend\node_modules\@babel\parser\lib\index.js:4765:17)
      at TypeScriptParserMixin.parseExprAtom (C:\Users\user\Desktop\opencode\frontend\node_modules\@babel\parser\lib\index.js:4775:19)
      at TypeScriptParserMixin.parseExprSubscripts (C:\Users\user\Desktop\opencode\frontend\node_modules\@babel\parser\lib\index.js:11102:23)
      at TypeScriptParserMixin.parseUpdate (C:\Users\user\Desktop\opencode\frontend\node_modules\@babel\parser\lib\index.js:11087:21)
      at TypeScriptParserMixin.parseMaybeUnary (C:\Users\user\Desktop\opencode\frontend\node_modules\@babel\parser\lib\index.js:11067:23)
      at TypeScriptParserMixin.parseMaybeUnary (C:\Users\user\Desktop\opencode\frontend\node_modules\@babel\parser\lib\index.js:9858:18)
      at TypeScriptParserMixin.parseMaybeUnaryOrPrivate (C:\Users\user\Desktop\opencode\frontend\node_modules\@babel\parser\lib\index.js:10920:61)
      at TypeScriptParserMixin.parseExprOps (C:\Users\user\Desktop\opencode\frontend\node_modules\@babel\parser\lib\index.js:10925:23)
      at TypeScriptParserMixin.parseMaybeConditional (C:\Users\user\Desktop\opencode\frontend\node_modules\@babel\parser\lib\index.js:10902:23)
      at TypeScriptParserMixin.parseMaybeAssign (C:\Users\user\Desktop\opencode\frontend\node_modules\@babel\parser\lib\index.js:10852:21)
      at C:\Users\user\Desktop\opencode\frontend\node_modules\@babel\parser\lib\index.js:9796:39
      at TypeScriptParserMixin.tryParse (C:\Users\user\Desktop\opencode\frontend\node_modules\@babel\parser\lib\index.js:6928:20)
      at TypeScriptParserMixin.parseMaybeAssign (C:\Users\user\Desktop\opencode\frontend\node_modules\@babel\parser\lib\index.js:9796:18)
      at C:\Users\user\Desktop\opencode\frontend\node_modules\@babel\parser\lib\index.js:10821:39
      at TypeScriptParserMixin.allowInAnd (C:\Users\user\Desktop\opencode\frontend\node_modules\@babel\parser\lib\index.js:12455:12)
      at TypeScriptParserMixin.parseMaybeAssignAllowIn (C:\Users\user\Desktop\opencode\frontend\node_modules\@babel\parser\lib\index.js:10821:17)
      at TypeScriptParserMixin.parseMaybeAssignAllowInOrVoidPattern (C:\Users\user\Desktop\opencode\frontend\node_modules\@babel\parser\lib\index.js:12522:17)
      at TypeScriptParserMixin.parseParenAndDistinguishExpression (C:\Users\user\Desktop\opencode\frontend\node_modules\@babel\parser\lib\index.js:11701:28)
      at TypeScriptParserMixin.parseExprAtom (C:\Users\user\Desktop\opencode\frontend\node_modules\@babel\parser\lib\index.js:11357:23)
      at TypeScriptParserMixin.parseExprAtom (C:\Users\user\Desktop\opencode\frontend\node_modules\@babel\parser\lib\index.js:4780:20)
      at TypeScriptParserMixin.parseExprSubscripts (C:\Users\user\Desktop\opencode\frontend\node_modules\@babel\parser\lib\index.js:11102:23)
      at TypeScriptParserMixin.parseUpdate (C:\Users\user\Desktop\opencode\frontend\node_modules\@babel\parser\lib\index.js:11087:21)
      at TypeScriptParserMixin.parseMaybeUnary (C:\Users\user\Desktop\opencode\frontend\node_modules\@babel\parser\lib\index.js:11067:23)
      at TypeScriptParserMixin.parseMaybeUnary (C:\Users\user\Desktop\opencode\frontend\node_modules\@babel\parser\lib\index.js:9858:18)
      at TypeScriptParserMixin.parseMaybeUnaryOrPrivate (C:\Users\user\Desktop\opencode\frontend\node_modules\@babel\parser\lib\index.js:10920:61)
[2m18:49:56[22m [31m[1m[vite][22m[39m [31mInternal server error: C:\Users\user\Desktop\opencode\frontend\src\pages\Dashboard.tsx: Unexpected token, expected "," (273:6)

[0m [90m 271 |[31m       [33m<[31m[33m/[31m[33mdiv[31m[33m>[31m
 [90m 272 |[31m
[31m[1m>[22m[31m[90m 273 |[31m       {[90m/* Goals */[31m}
 [90m     |[31m       [31m[1m^[22m[31m
 [90m 274 |[31m       {goals[33m.[31mlength [33m>[31m [35m0[31m [33m&&[31m (
 [90m 275 |[31m         [33m<[31m[33mdiv[31m className[33m=[31m[32m"card"[31m[33m>[31m
 [90m 276 |[31m           [33m<[31m[33mdiv[31m className[33m=[31m[32m"flex items-center justify-between mb-4"[31m[33m>[31m[0m[39m
  Plugin: [35mvite:react-babel[39m
  File: [36mC:/Users/user/Desktop/opencode/frontend/src/pages/Dashboard.tsx[39m:273:6
[33m  271|        </div>
  272|  
  273|        {/* Goals */}
     |        ^
  274|        {goals.length > 0 && (
  275|          <div className="card">[39m
      at constructor (C:\Users\user\Desktop\opencode\frontend\node_modules\@babel\parser\lib\index.js:369:19)
      at TypeScriptParserMixin.raise (C:\Users\user\Desktop\opencode\frontend\node_modules\@babel\parser\lib\index.js:6620:19)
      at TypeScriptParserMixin.unexpected (C:\Users\user\Desktop\opencode\frontend\node_modules\@babel\parser\lib\index.js:6640:16)
      at TypeScriptParserMixin.expect (C:\Users\user\Desktop\opencode\frontend\node_modules\@babel\parser\lib\index.js:6920:12)
      at TypeScriptParserMixin.parseExprList (C:\Users\user\Desktop\opencode\frontend\node_modules\@babel\parser\lib\index.js:12170:14)
      at TypeScriptParserMixin.parseArrayLike (C:\Users\user\Desktop\opencode\frontend\node_modules\@babel\parser\lib\index.js:12086:26)
      at TypeScriptParserMixin.parseArrayLike (C:\Users\user\Desktop\opencode\frontend\node_modules\@babel\parser\lib\index.js:9214:24)
      at TypeScriptParserMixin.parseExprAtom (C:\Users\user\Desktop\opencode\frontend\node_modules\@babel\parser\lib\index.js:11361:23)
      at TypeScriptParserMixin.parseExprAtom (C:\Users\user\Desktop\opencode\frontend\node_modules\@babel\parser\lib\index.js:4780:20)
      at TypeScriptParserMixin.parseExprSubscripts (C:\Users\user\Desktop\opencode\frontend\node_modules\@babel\parser\lib\index.js:11102:23)
      at TypeScriptParserMixin.parseUpdate (C:\Users\user\Desktop\opencode\frontend\node_modules\@babel\parser\lib\index.js:11087:21)
      at TypeScriptParserMixin.parseMaybeUnary (C:\Users\user\Desktop\opencode\frontend\node_modules\@babel\parser\lib\index.js:11067:23)
      at TypeScriptParserMixin.parseMaybeUnary (C:\Users\user\Desktop\opencode\frontend\node_modules\@babel\parser\lib\index.js:9858:18)
      at TypeScriptParserMixin.parseMaybeUnaryOrPrivate (C:\Users\user\Desktop\opencode\frontend\node_modules\@babel\parser\lib\index.js:10920:61)
      at TypeScriptParserMixin.parseExprOps (C:\Users\user\Desktop\opencode\frontend\node_modules\@babel\parser\lib\index.js:10925:23)
      at TypeScriptParserMixin.parseMaybeConditional (C:\Users\user\Desktop\opencode\frontend\node_modules\@babel\parser\lib\index.js:10902:23)
      at TypeScriptParserMixin.parseMaybeAssign (C:\Users\user\Desktop\opencode\frontend\node_modules\@babel\parser\lib\index.js:10852:21)
      at TypeScriptParserMixin.parseMaybeAssign (C:\Users\user\Desktop\opencode\frontend\node_modules\@babel\parser\lib\index.js:9807:20)
      at TypeScriptParserMixin.parseExpressionBase (C:\Users\user\Desktop\opencode\frontend\node_modules\@babel\parser\lib\index.js:10805:23)
      at C:\Users\user\Desktop\opencode\frontend\node_modules\@babel\parser\lib\index.js:10801:39
      at TypeScriptParserMixin.allowInAnd (C:\Users\user\Desktop\opencode\frontend\node_modules\@babel\parser\lib\index.js:12455:12)
      at TypeScriptParserMixin.parseExpression (C:\Users\user\Desktop\opencode\frontend\node_modules\@babel\parser\lib\index.js:10801:17)
      at TypeScriptParserMixin.jsxParseExpressionContainer (C:\Users\user\Desktop\opencode\frontend\node_modules\@babel\parser\lib\index.js:4648:31)
      at TypeScriptParserMixin.jsxParseElementAt (C:\Users\user\Desktop\opencode\frontend\node_modules\@babel\parser\lib\index.js:4727:36)
      at TypeScriptParserMixin.jsxParseElementAt (C:\Users\user\Desktop\opencode\frontend\node_modules\@babel\parser\lib\index.js:4714:32)
      at TypeScriptParserMixin.jsxParseElement (C:\Users\user\Desktop\opencode\frontend\node_modules\@babel\parser\lib\index.js:4765:17)
      at TypeScriptParserMixin.parseExprAtom (C:\Users\user\Desktop\opencode\frontend\node_modules\@babel\parser\lib\index.js:4775:19)
      at TypeScriptParserMixin.parseExprSubscripts (C:\Users\user\Desktop\opencode\frontend\node_modules\@babel\parser\lib\index.js:11102:23)
      at TypeScriptParserMixin.parseUpdate (C:\Users\user\Desktop\opencode\frontend\node_modules\@babel\parser\lib\index.js:11087:21)
      at TypeScriptParserMixin.parseMaybeUnary (C:\Users\user\Desktop\opencode\frontend\node_modules\@babel\parser\lib\index.js:11067:23)
      at TypeScriptParserMixin.parseMaybeUnary (C:\Users\user\Desktop\opencode\frontend\node_modules\@babel\parser\lib\index.js:9858:18)
      at TypeScriptParserMixin.parseMaybeUnaryOrPrivate (C:\Users\user\Desktop\opencode\frontend\node_modules\@babel\parser\lib\index.js:10920:61)
      at TypeScriptParserMixin.parseExprOps (C:\Users\user\Desktop\opencode\frontend\node_modules\@babel\parser\lib\index.js:10925:23)
      at TypeScriptParserMixin.parseMaybeConditional (C:\Users\user\Desktop\opencode\frontend\node_modules\@babel\parser\lib\index.js:10902:23)
      at TypeScriptParserMixin.parseMaybeAssign (C:\Users\user\Desktop\opencode\frontend\node_modules\@babel\parser\lib\index.js:10852:21)
      at C:\Users\user\Desktop\opencode\frontend\node_modules\@babel\parser\lib\index.js:9796:39
      at TypeScriptParserMixin.tryParse (C:\Users\user\Desktop\opencode\frontend\node_modules\@babel\parser\lib\index.js:6928:20)
      at TypeScriptParserMixin.parseMaybeAssign (C:\Users\user\Desktop\opencode\frontend\node_modules\@babel\parser\lib\index.js:9796:18)
      at C:\Users\user\Desktop\opencode\frontend\node_modules\@babel\parser\lib\index.js:10821:39
      at TypeScriptParserMixin.allowInAnd (C:\Users\user\Desktop\opencode\frontend\node_modules\@babel\parser\lib\index.js:12455:12)
      at TypeScriptParserMixin.parseMaybeAssignAllowIn (C:\Users\user\Desktop\opencode\frontend\node_modules\@babel\parser\lib\index.js:10821:17)
      at TypeScriptParserMixin.parseMaybeAssignAllowInOrVoidPattern (C:\Users\user\Desktop\opencode\frontend\node_modules\@babel\parser\lib\index.js:12522:17)
      at TypeScriptParserMixin.parseParenAndDistinguishExpression (C:\Users\user\Desktop\opencode\frontend\node_modules\@babel\parser\lib\index.js:11701:28)
      at TypeScriptParserMixin.parseExprAtom (C:\Users\user\Desktop\opencode\frontend\node_modules\@babel\parser\lib\index.js:11357:23)
      at TypeScriptParserMixin.parseExprAtom (C:\Users\user\Desktop\opencode\frontend\node_modules\@babel\parser\lib\index.js:4780:20)
      at TypeScriptParserMixin.parseExprSubscripts (C:\Users\user\Desktop\opencode\frontend\node_modules\@babel\parser\lib\index.js:11102:23)
      at TypeScriptParserMixin.parseUpdate (C:\Users\user\Desktop\opencode\frontend\node_modules\@babel\parser\lib\index.js:11087:21)
      at TypeScriptParserMixin.parseMaybeUnary (C:\Users\user\Desktop\opencode\frontend\node_modules\@babel\parser\lib\index.js:11067:23)
      at TypeScriptParserMixin.parseMaybeUnary (C:\Users\user\Desktop\opencode\frontend\node_modules\@babel\parser\lib\index.js:9858:18)
      at TypeScriptParserMixin.parseMaybeUnaryOrPrivate (C:\Users\user\Desktop\opencode\frontend\node_modules\@babel\parser\lib\index.js:10920:61)
[2m18:49:56[22m [31m[1m[vite][22m[39m [31mInternal server error: C:\Users\user\Desktop\opencode\frontend\src\pages\Dashboard.tsx: Unexpected token, expected "," (273:6)

[0m [90m 271 |[31m       [33m<[31m[33m/[31m[33mdiv[31m[33m>[31m
 [90m 272 |[31m
[31m[1m>[22m[31m[90m 273 |[31m       {[90m/* Goals */[31m}
 [90m     |[31m       [31m[1m^[22m[31m
 [90m 274 |[31m       {goals[33m.[31mlength [33m>[31m [35m0[31m [33m&&[31m (
 [90m 275 |[31m         [33m<[31m[33mdiv[31m className[33m=[31m[32m"card"[31m[33m>[31m
 [90m 276 |[31m           [33m<[31m[33mdiv[31m className[33m=[31m[32m"flex items-center justify-between mb-4"[31m[33m>[31m[0m[39m
  Plugin: [35mvite:react-babel[39m
  File: [36mC:/Users/user/Desktop/opencode/frontend/src/pages/Dashboard.tsx[39m:273:6
[33m  271|        </div>
  272|  
  273|        {/* Goals */}
     |        ^
  274|        {goals.length > 0 && (
  275|          <div className="card">[39m
      at constructor (C:\Users\user\Desktop\opencode\frontend\node_modules\@babel\parser\lib\index.js:369:19)
      at TypeScriptParserMixin.raise (C:\Users\user\Desktop\opencode\frontend\node_modules\@babel\parser\lib\index.js:6620:19)
      at TypeScriptParserMixin.unexpected (C:\Users\user\Desktop\opencode\frontend\node_modules\@babel\parser\lib\index.js:6640:16)
      at TypeScriptParserMixin.expect (C:\Users\user\Desktop\opencode\frontend\node_modules\@babel\parser\lib\index.js:6920:12)
      at TypeScriptParserMixin.parseExprList (C:\Users\user\Desktop\opencode\frontend\node_modules\@babel\parser\lib\index.js:12170:14)
      at TypeScriptParserMixin.parseArrayLike (C:\Users\user\Desktop\opencode\frontend\node_modules\@babel\parser\lib\index.js:12086:26)
      at TypeScriptParserMixin.parseArrayLike (C:\Users\user\Desktop\opencode\frontend\node_modules\@babel\parser\lib\index.js:9214:24)
      at TypeScriptParserMixin.parseExprAtom (C:\Users\user\Desktop\opencode\frontend\node_modules\@babel\parser\lib\index.js:11361:23)
      at TypeScriptParserMixin.parseExprAtom (C:\Users\user\Desktop\opencode\frontend\node_modules\@babel\parser\lib\index.js:4780:20)
      at TypeScriptParserMixin.parseExprSubscripts (C:\Users\user\Desktop\opencode\frontend\node_modules\@babel\parser\lib\index.js:11102:23)
      at TypeScriptParserMixin.parseUpdate (C:\Users\user\Desktop\opencode\frontend\node_modules\@babel\parser\lib\index.js:11087:21)
      at TypeScriptParserMixin.parseMaybeUnary (C:\Users\user\Desktop\opencode\frontend\node_modules\@babel\parser\lib\index.js:11067:23)
      at TypeScriptParserMixin.parseMaybeUnary (C:\Users\user\Desktop\opencode\frontend\node_modules\@babel\parser\lib\index.js:9858:18)
      at TypeScriptParserMixin.parseMaybeUnaryOrPrivate (C:\Users\user\Desktop\opencode\frontend\node_modules\@babel\parser\lib\index.js:10920:61)
      at TypeScriptParserMixin.parseExprOps (C:\Users\user\Desktop\opencode\frontend\node_modules\@babel\parser\lib\index.js:10925:23)
      at TypeScriptParserMixin.parseMaybeConditional (C:\Users\user\Desktop\opencode\frontend\node_modules\@babel\parser\lib\index.js:10902:23)
      at TypeScriptParserMixin.parseMaybeAssign (C:\Users\user\Desktop\opencode\frontend\node_modules\@babel\parser\lib\index.js:10852:21)
      at TypeScriptParserMixin.parseMaybeAssign (C:\Users\user\Desktop\opencode\frontend\node_modules\@babel\parser\lib\index.js:9807:20)
      at TypeScriptParserMixin.parseExpressionBase (C:\Users\user\Desktop\opencode\frontend\node_modules\@babel\parser\lib\index.js:10805:23)
      at C:\Users\user\Desktop\opencode\frontend\node_modules\@babel\parser\lib\index.js:10801:39
      at TypeScriptParserMixin.allowInAnd (C:\Users\user\Desktop\opencode\frontend\node_modules\@babel\parser\lib\index.js:12455:12)
      at TypeScriptParserMixin.parseExpression (C:\Users\user\Desktop\opencode\frontend\node_modules\@babel\parser\lib\index.js:10801:17)
      at TypeScriptParserMixin.jsxParseExpressionContainer (C:\Users\user\Desktop\opencode\frontend\node_modules\@babel\parser\lib\index.js:4648:31)
      at TypeScriptParserMixin.jsxParseElementAt (C:\Users\user\Desktop\opencode\frontend\node_modules\@babel\parser\lib\index.js:4727:36)
      at TypeScriptParserMixin.jsxParseElementAt (C:\Users\user\Desktop\opencode\frontend\node_modules\@babel\parser\lib\index.js:4714:32)
      at TypeScriptParserMixin.jsxParseElement (C:\Users\user\Desktop\opencode\frontend\node_modules\@babel\parser\lib\index.js:4765:17)
      at TypeScriptParserMixin.parseExprAtom (C:\Users\user\Desktop\opencode\frontend\node_modules\@babel\parser\lib\index.js:4775:19)
      at TypeScriptParserMixin.parseExprSubscripts (C:\Users\user\Desktop\opencode\frontend\node_modules\@babel\parser\lib\index.js:11102:23)
      at TypeScriptParserMixin.parseUpdate (C:\Users\user\Desktop\opencode\frontend\node_modules\@babel\parser\lib\index.js:11087:21)
      at TypeScriptParserMixin.parseMaybeUnary (C:\Users\user\Desktop\opencode\frontend\node_modules\@babel\parser\lib\index.js:11067:23)
      at TypeScriptParserMixin.parseMaybeUnary (C:\Users\user\Desktop\opencode\frontend\node_modules\@babel\parser\lib\index.js:9858:18)
      at TypeScriptParserMixin.parseMaybeUnaryOrPrivate (C:\Users\user\Desktop\opencode\frontend\node_modules\@babel\parser\lib\index.js:10920:61)
      at TypeScriptParserMixin.parseExprOps (C:\Users\user\Desktop\opencode\frontend\node_modules\@babel\parser\lib\index.js:10925:23)
      at TypeScriptParserMixin.parseMaybeConditional (C:\Users\user\Desktop\opencode\frontend\node_modules\@babel\parser\lib\index.js:10902:23)
      at TypeScriptParserMixin.parseMaybeAssign (C:\Users\user\Desktop\opencode\frontend\node_modules\@babel\parser\lib\index.js:10852:21)
      at C:\Users\user\Desktop\opencode\frontend\node_modules\@babel\parser\lib\index.js:9796:39
      at TypeScriptParserMixin.tryParse (C:\Users\user\Desktop\opencode\frontend\node_modules\@babel\parser\lib\index.js:6928:20)
      at TypeScriptParserMixin.parseMaybeAssign (C:\Users\user\Desktop\opencode\frontend\node_modules\@babel\parser\lib\index.js:9796:18)
      at C:\Users\user\Desktop\opencode\frontend\node_modules\@babel\parser\lib\index.js:10821:39
      at TypeScriptParserMixin.allowInAnd (C:\Users\user\Desktop\opencode\frontend\node_modules\@babel\parser\lib\index.js:12455:12)
      at TypeScriptParserMixin.parseMaybeAssignAllowIn (C:\Users\user\Desktop\opencode\frontend\node_modules\@babel\parser\lib\index.js:10821:17)
      at TypeScriptParserMixin.parseMaybeAssignAllowInOrVoidPattern (C:\Users\user\Desktop\opencode\frontend\node_modules\@babel\parser\lib\index.js:12522:17)
      at TypeScriptParserMixin.parseParenAndDistinguishExpression (C:\Users\user\Desktop\opencode\frontend\node_modules\@babel\parser\lib\index.js:11701:28)
      at TypeScriptParserMixin.parseExprAtom (C:\Users\user\Desktop\opencode\frontend\node_modules\@babel\parser\lib\index.js:11357:23)
      at TypeScriptParserMixin.parseExprAtom (C:\Users\user\Desktop\opencode\frontend\node_modules\@babel\parser\lib\index.js:4780:20)
      at TypeScriptParserMixin.parseExprSubscripts (C:\Users\user\Desktop\opencode\frontend\node_modules\@babel\parser\lib\index.js:11102:23)
      at TypeScriptParserMixin.parseUpdate (C:\Users\user\Desktop\opencode\frontend\node_modules\@babel\parser\lib\index.js:11087:21)
      at TypeScriptParserMixin.parseMaybeUnary (C:\Users\user\Desktop\opencode\frontend\node_modules\@babel\parser\lib\index.js:11067:23)
      at TypeScriptParserMixin.parseMaybeUnary (C:\Users\user\Desktop\opencode\frontend\node_modules\@babel\parser\lib\index.js:9858:18)
      at TypeScriptParserMixin.parseMaybeUnaryOrPrivate (C:\Users\user\Desktop\opencode\frontend\node_modules\@babel\parser\lib\index.js:10920:61)
[2m18:50:05[22m [36m[1m[vite][22m[39m [32mhmr update [39m[2m/src/pages/Dashboard.tsx, /src/index.css[22m
[2m18:50:25[22m [36m[1m[vite][22m[39m [32mhmr update [39m[2m/src/pages/MasterDashboard.tsx, /src/index.css[22m
[2m18:50:29[22m [36m[1m[vite][22m[39m [32mhmr update [39m[2m/src/pages/MasterDashboard.tsx, /src/index.css[22m
[2m18:50:29[22m [31m[1m[vite][22m[39m [31mInternal server error: C:\Users\user\Desktop\opencode\frontend\src\pages\MasterDashboard.tsx: Unexpected token, expected "," (267:6)

[0m [90m 265 |[31m       [33m<[31m[33m/[31m[33mdiv[31m[33m>[31m
 [90m 266 |[31m
[31m[1m>[22m[31m[90m 267 |[31m       {[90m/* Workspace Info */[31m}
 [90m     |[31m       [31m[1m^[22m[31m
 [90m 268 |[31m       {workspaceStats[33m?[31m[33m.[31mworkspace [33m&&[31m (
 [90m 269 |[31m         [33m<[31m[33mdiv[31m className[33m=[31m[32m"card"[31m[33m>[31m
 [90m 270 |[31m           [33m<[31m[33mh2[31m className[33m=[31m[32m"text-lg font-semibold text-gray-900 dark:text-gray-100 mb-4"[31m[33m>[31m[33mInformacoes[31m [36mdo[31m [33mWorkspace[31m[33m<[31m[33m/[31m[33mh2[31m[33m>[31m[0m[39m
  Plugin: [35mvite:react-babel[39m
  File: [36mC:/Users/user/Desktop/opencode/frontend/src/pages/MasterDashboard.tsx[39m:267:6
[33m  265|        </div>
  266|  
  267|        {/* Workspace Info */}
     |        ^
  268|        {workspaceStats?.workspace && (
  269|          <div className="card">[39m
      at constructor (C:\Users\user\Desktop\opencode\frontend\node_modules\@babel\parser\lib\index.js:369:19)
      at TypeScriptParserMixin.raise (C:\Users\user\Desktop\opencode\frontend\node_modules\@babel\parser\lib\index.js:6620:19)
      at TypeScriptParserMixin.unexpected (C:\Users\user\Desktop\opencode\frontend\node_modules\@babel\parser\lib\index.js:6640:16)
      at TypeScriptParserMixin.expect (C:\Users\user\Desktop\opencode\frontend\node_modules\@babel\parser\lib\index.js:6920:12)
      at TypeScriptParserMixin.parseExprList (C:\Users\user\Desktop\opencode\frontend\node_modules\@babel\parser\lib\index.js:12170:14)
      at TypeScriptParserMixin.parseArrayLike (C:\Users\user\Desktop\opencode\frontend\node_modules\@babel\parser\lib\index.js:12086:26)
      at TypeScriptParserMixin.parseArrayLike (C:\Users\user\Desktop\opencode\frontend\node_modules\@babel\parser\lib\index.js:9214:24)
      at TypeScriptParserMixin.parseExprAtom (C:\Users\user\Desktop\opencode\frontend\node_modules\@babel\parser\lib\index.js:11361:23)
      at TypeScriptParserMixin.parseExprAtom (C:\Users\user\Desktop\opencode\frontend\node_modules\@babel\parser\lib\index.js:4780:20)
      at TypeScriptParserMixin.parseExprSubscripts (C:\Users\user\Desktop\opencode\frontend\node_modules\@babel\parser\lib\index.js:11102:23)
      at TypeScriptParserMixin.parseUpdate (C:\Users\user\Desktop\opencode\frontend\node_modules\@babel\parser\lib\index.js:11087:21)
      at TypeScriptParserMixin.parseMaybeUnary (C:\Users\user\Desktop\opencode\frontend\node_modules\@babel\parser\lib\index.js:11067:23)
      at TypeScriptParserMixin.parseMaybeUnary (C:\Users\user\Desktop\opencode\frontend\node_modules\@babel\parser\lib\index.js:9858:18)
      at TypeScriptParserMixin.parseMaybeUnaryOrPrivate (C:\Users\user\Desktop\opencode\frontend\node_modules\@babel\parser\lib\index.js:10920:61)
      at TypeScriptParserMixin.parseExprOps (C:\Users\user\Desktop\opencode\frontend\node_modules\@babel\parser\lib\index.js:10925:23)
      at TypeScriptParserMixin.parseMaybeConditional (C:\Users\user\Desktop\opencode\frontend\node_modules\@babel\parser\lib\index.js:10902:23)
      at TypeScriptParserMixin.parseMaybeAssign (C:\Users\user\Desktop\opencode\frontend\node_modules\@babel\parser\lib\index.js:10852:21)
      at TypeScriptParserMixin.parseMaybeAssign (C:\Users\user\Desktop\opencode\frontend\node_modules\@babel\parser\lib\index.js:9807:20)
      at TypeScriptParserMixin.parseExpressionBase (C:\Users\user\Desktop\opencode\frontend\node_modules\@babel\parser\lib\index.js:10805:23)
      at C:\Users\user\Desktop\opencode\frontend\node_modules\@babel\parser\lib\index.js:10801:39
      at TypeScriptParserMixin.allowInAnd (C:\Users\user\Desktop\opencode\frontend\node_modules\@babel\parser\lib\index.js:12455:12)
      at TypeScriptParserMixin.parseExpression (C:\Users\user\Desktop\opencode\frontend\node_modules\@babel\parser\lib\index.js:10801:17)
      at TypeScriptParserMixin.jsxParseExpressionContainer (C:\Users\user\Desktop\opencode\frontend\node_modules\@babel\parser\lib\index.js:4648:31)
      at TypeScriptParserMixin.jsxParseElementAt (C:\Users\user\Desktop\opencode\frontend\node_modules\@babel\parser\lib\index.js:4727:36)
      at TypeScriptParserMixin.jsxParseElementAt (C:\Users\user\Desktop\opencode\frontend\node_modules\@babel\parser\lib\index.js:4714:32)
      at TypeScriptParserMixin.jsxParseElement (C:\Users\user\Desktop\opencode\frontend\node_modules\@babel\parser\lib\index.js:4765:17)
      at TypeScriptParserMixin.parseExprAtom (C:\Users\user\Desktop\opencode\frontend\node_modules\@babel\parser\lib\index.js:4775:19)
      at TypeScriptParserMixin.parseExprSubscripts (C:\Users\user\Desktop\opencode\frontend\node_modules\@babel\parser\lib\index.js:11102:23)
      at TypeScriptParserMixin.parseUpdate (C:\Users\user\Desktop\opencode\frontend\node_modules\@babel\parser\lib\index.js:11087:21)
      at TypeScriptParserMixin.parseMaybeUnary (C:\Users\user\Desktop\opencode\frontend\node_modules\@babel\parser\lib\index.js:11067:23)
      at TypeScriptParserMixin.parseMaybeUnary (C:\Users\user\Desktop\opencode\frontend\node_modules\@babel\parser\lib\index.js:9858:18)
      at TypeScriptParserMixin.parseMaybeUnaryOrPrivate (C:\Users\user\Desktop\opencode\frontend\node_modules\@babel\parser\lib\index.js:10920:61)
      at TypeScriptParserMixin.parseExprOps (C:\Users\user\Desktop\opencode\frontend\node_modules\@babel\parser\lib\index.js:10925:23)
      at TypeScriptParserMixin.parseMaybeConditional (C:\Users\user\Desktop\opencode\frontend\node_modules\@babel\parser\lib\index.js:10902:23)
      at TypeScriptParserMixin.parseMaybeAssign (C:\Users\user\Desktop\opencode\frontend\node_modules\@babel\parser\lib\index.js:10852:21)
      at C:\Users\user\Desktop\opencode\frontend\node_modules\@babel\parser\lib\index.js:9796:39
      at TypeScriptParserMixin.tryParse (C:\Users\user\Desktop\opencode\frontend\node_modules\@babel\parser\lib\index.js:6928:20)
      at TypeScriptParserMixin.parseMaybeAssign (C:\Users\user\Desktop\opencode\frontend\node_modules\@babel\parser\lib\index.js:9796:18)
      at C:\Users\user\Desktop\opencode\frontend\node_modules\@babel\parser\lib\index.js:10821:39
      at TypeScriptParserMixin.allowInAnd (C:\Users\user\Desktop\opencode\frontend\node_modules\@babel\parser\lib\index.js:12455:12)
      at TypeScriptParserMixin.parseMaybeAssignAllowIn (C:\Users\user\Desktop\opencode\frontend\node_modules\@babel\parser\lib\index.js:10821:17)
      at TypeScriptParserMixin.parseMaybeAssignAllowInOrVoidPattern (C:\Users\user\Desktop\opencode\frontend\node_modules\@babel\parser\lib\index.js:12522:17)
      at TypeScriptParserMixin.parseParenAndDistinguishExpression (C:\Users\user\Desktop\opencode\frontend\node_modules\@babel\parser\lib\index.js:11701:28)
      at TypeScriptParserMixin.parseExprAtom (C:\Users\user\Desktop\opencode\frontend\node_modules\@babel\parser\lib\index.js:11357:23)
      at TypeScriptParserMixin.parseExprAtom (C:\Users\user\Desktop\opencode\frontend\node_modules\@babel\parser\lib\index.js:4780:20)
      at TypeScriptParserMixin.parseExprSubscripts (C:\Users\user\Desktop\opencode\frontend\node_modules\@babel\parser\lib\index.js:11102:23)
      at TypeScriptParserMixin.parseUpdate (C:\Users\user\Desktop\opencode\frontend\node_modules\@babel\parser\lib\index.js:11087:21)
      at TypeScriptParserMixin.parseMaybeUnary (C:\Users\user\Desktop\opencode\frontend\node_modules\@babel\parser\lib\index.js:11067:23)
      at TypeScriptParserMixin.parseMaybeUnary (C:\Users\user\Desktop\opencode\frontend\node_modules\@babel\parser\lib\index.js:9858:18)
      at TypeScriptParserMixin.parseMaybeUnaryOrPrivate (C:\Users\user\Desktop\opencode\frontend\node_modules\@babel\parser\lib\index.js:10920:61)
[2m18:50:30[22m [31m[1m[vite][22m[39m [31mInternal server error: C:\Users\user\Desktop\opencode\frontend\src\pages\MasterDashboard.tsx: Unexpected token, expected "," (267:6)

[0m [90m 265 |[31m       [33m<[31m[33m/[31m[33mdiv[31m[33m>[31m
 [90m 266 |[31m
[31m[1m>[22m[31m[90m 267 |[31m       {[90m/* Workspace Info */[31m}
 [90m     |[31m       [31m[1m^[22m[31m
 [90m 268 |[31m       {workspaceStats[33m?[31m[33m.[31mworkspace [33m&&[31m (
 [90m 269 |[31m         [33m<[31m[33mdiv[31m className[33m=[31m[32m"card"[31m[33m>[31m
 [90m 270 |[31m           [33m<[31m[33mh2[31m className[33m=[31m[32m"text-lg font-semibold text-gray-900 dark:text-gray-100 mb-4"[31m[33m>[31m[33mInformacoes[31m [36mdo[31m [33mWorkspace[31m[33m<[31m[33m/[31m[33mh2[31m[33m>[31m[0m[39m
  Plugin: [35mvite:react-babel[39m
  File: [36mC:/Users/user/Desktop/opencode/frontend/src/pages/MasterDashboard.tsx[39m:267:6
[33m  265|        </div>
  266|  
  267|        {/* Workspace Info */}
     |        ^
  268|        {workspaceStats?.workspace && (
  269|          <div className="card">[39m
      at constructor (C:\Users\user\Desktop\opencode\frontend\node_modules\@babel\parser\lib\index.js:369:19)
      at TypeScriptParserMixin.raise (C:\Users\user\Desktop\opencode\frontend\node_modules\@babel\parser\lib\index.js:6620:19)
      at TypeScriptParserMixin.unexpected (C:\Users\user\Desktop\opencode\frontend\node_modules\@babel\parser\lib\index.js:6640:16)
      at TypeScriptParserMixin.expect (C:\Users\user\Desktop\opencode\frontend\node_modules\@babel\parser\lib\index.js:6920:12)
      at TypeScriptParserMixin.parseExprList (C:\Users\user\Desktop\opencode\frontend\node_modules\@babel\parser\lib\index.js:12170:14)
      at TypeScriptParserMixin.parseArrayLike (C:\Users\user\Desktop\opencode\frontend\node_modules\@babel\parser\lib\index.js:12086:26)
      at TypeScriptParserMixin.parseArrayLike (C:\Users\user\Desktop\opencode\frontend\node_modules\@babel\parser\lib\index.js:9214:24)
      at TypeScriptParserMixin.parseExprAtom (C:\Users\user\Desktop\opencode\frontend\node_modules\@babel\parser\lib\index.js:11361:23)
      at TypeScriptParserMixin.parseExprAtom (C:\Users\user\Desktop\opencode\frontend\node_modules\@babel\parser\lib\index.js:4780:20)
      at TypeScriptParserMixin.parseExprSubscripts (C:\Users\user\Desktop\opencode\frontend\node_modules\@babel\parser\lib\index.js:11102:23)
      at TypeScriptParserMixin.parseUpdate (C:\Users\user\Desktop\opencode\frontend\node_modules\@babel\parser\lib\index.js:11087:21)
      at TypeScriptParserMixin.parseMaybeUnary (C:\Users\user\Desktop\opencode\frontend\node_modules\@babel\parser\lib\index.js:11067:23)
      at TypeScriptParserMixin.parseMaybeUnary (C:\Users\user\Desktop\opencode\frontend\node_modules\@babel\parser\lib\index.js:9858:18)
      at TypeScriptParserMixin.parseMaybeUnaryOrPrivate (C:\Users\user\Desktop\opencode\frontend\node_modules\@babel\parser\lib\index.js:10920:61)
      at TypeScriptParserMixin.parseExprOps (C:\Users\user\Desktop\opencode\frontend\node_modules\@babel\parser\lib\index.js:10925:23)
      at TypeScriptParserMixin.parseMaybeConditional (C:\Users\user\Desktop\opencode\frontend\node_modules\@babel\parser\lib\index.js:10902:23)
      at TypeScriptParserMixin.parseMaybeAssign (C:\Users\user\Desktop\opencode\frontend\node_modules\@babel\parser\lib\index.js:10852:21)
      at TypeScriptParserMixin.parseMaybeAssign (C:\Users\user\Desktop\opencode\frontend\node_modules\@babel\parser\lib\index.js:9807:20)
      at TypeScriptParserMixin.parseExpressionBase (C:\Users\user\Desktop\opencode\frontend\node_modules\@babel\parser\lib\index.js:10805:23)
      at C:\Users\user\Desktop\opencode\frontend\node_modules\@babel\parser\lib\index.js:10801:39
      at TypeScriptParserMixin.allowInAnd (C:\Users\user\Desktop\opencode\frontend\node_modules\@babel\parser\lib\index.js:12455:12)
      at TypeScriptParserMixin.parseExpression (C:\Users\user\Desktop\opencode\frontend\node_modules\@babel\parser\lib\index.js:10801:17)
      at TypeScriptParserMixin.jsxParseExpressionContainer (C:\Users\user\Desktop\opencode\frontend\node_modules\@babel\parser\lib\index.js:4648:31)
      at TypeScriptParserMixin.jsxParseElementAt (C:\Users\user\Desktop\opencode\frontend\node_modules\@babel\parser\lib\index.js:4727:36)
      at TypeScriptParserMixin.jsxParseElementAt (C:\Users\user\Desktop\opencode\frontend\node_modules\@babel\parser\lib\index.js:4714:32)
      at TypeScriptParserMixin.jsxParseElement (C:\Users\user\Desktop\opencode\frontend\node_modules\@babel\parser\lib\index.js:4765:17)
      at TypeScriptParserMixin.parseExprAtom (C:\Users\user\Desktop\opencode\frontend\node_modules\@babel\parser\lib\index.js:4775:19)
      at TypeScriptParserMixin.parseExprSubscripts (C:\Users\user\Desktop\opencode\frontend\node_modules\@babel\parser\lib\index.js:11102:23)
      at TypeScriptParserMixin.parseUpdate (C:\Users\user\Desktop\opencode\frontend\node_modules\@babel\parser\lib\index.js:11087:21)
      at TypeScriptParserMixin.parseMaybeUnary (C:\Users\user\Desktop\opencode\frontend\node_modules\@babel\parser\lib\index.js:11067:23)
      at TypeScriptParserMixin.parseMaybeUnary (C:\Users\user\Desktop\opencode\frontend\node_modules\@babel\parser\lib\index.js:9858:18)
      at TypeScriptParserMixin.parseMaybeUnaryOrPrivate (C:\Users\user\Desktop\opencode\frontend\node_modules\@babel\parser\lib\index.js:10920:61)
      at TypeScriptParserMixin.parseExprOps (C:\Users\user\Desktop\opencode\frontend\node_modules\@babel\parser\lib\index.js:10925:23)
      at TypeScriptParserMixin.parseMaybeConditional (C:\Users\user\Desktop\opencode\frontend\node_modules\@babel\parser\lib\index.js:10902:23)
      at TypeScriptParserMixin.parseMaybeAssign (C:\Users\user\Desktop\opencode\frontend\node_modules\@babel\parser\lib\index.js:10852:21)
      at C:\Users\user\Desktop\opencode\frontend\node_modules\@babel\parser\lib\index.js:9796:39
      at TypeScriptParserMixin.tryParse (C:\Users\user\Desktop\opencode\frontend\node_modules\@babel\parser\lib\index.js:6928:20)
      at TypeScriptParserMixin.parseMaybeAssign (C:\Users\user\Desktop\opencode\frontend\node_modules\@babel\parser\lib\index.js:9796:18)
      at C:\Users\user\Desktop\opencode\frontend\node_modules\@babel\parser\lib\index.js:10821:39
      at TypeScriptParserMixin.allowInAnd (C:\Users\user\Desktop\opencode\frontend\node_modules\@babel\parser\lib\index.js:12455:12)
      at TypeScriptParserMixin.parseMaybeAssignAllowIn (C:\Users\user\Desktop\opencode\frontend\node_modules\@babel\parser\lib\index.js:10821:17)
      at TypeScriptParserMixin.parseMaybeAssignAllowInOrVoidPattern (C:\Users\user\Desktop\opencode\frontend\node_modules\@babel\parser\lib\index.js:12522:17)
      at TypeScriptParserMixin.parseParenAndDistinguishExpression (C:\Users\user\Desktop\opencode\frontend\node_modules\@babel\parser\lib\index.js:11701:28)
      at TypeScriptParserMixin.parseExprAtom (C:\Users\user\Desktop\opencode\frontend\node_modules\@babel\parser\lib\index.js:11357:23)
      at TypeScriptParserMixin.parseExprAtom (C:\Users\user\Desktop\opencode\frontend\node_modules\@babel\parser\lib\index.js:4780:20)
      at TypeScriptParserMixin.parseExprSubscripts (C:\Users\user\Desktop\opencode\frontend\node_modules\@babel\parser\lib\index.js:11102:23)
      at TypeScriptParserMixin.parseUpdate (C:\Users\user\Desktop\opencode\frontend\node_modules\@babel\parser\lib\index.js:11087:21)
      at TypeScriptParserMixin.parseMaybeUnary (C:\Users\user\Desktop\opencode\frontend\node_modules\@babel\parser\lib\index.js:11067:23)
      at TypeScriptParserMixin.parseMaybeUnary (C:\Users\user\Desktop\opencode\frontend\node_modules\@babel\parser\lib\index.js:9858:18)
      at TypeScriptParserMixin.parseMaybeUnaryOrPrivate (C:\Users\user\Desktop\opencode\frontend\node_modules\@babel\parser\lib\index.js:10920:61)
[2m18:50:30[22m [31m[1m[vite][22m[39m [31mInternal server error: C:\Users\user\Desktop\opencode\frontend\src\pages\MasterDashboard.tsx: Unexpected token, expected "," (267:6)

[0m [90m 265 |[31m       [33m<[31m[33m/[31m[33mdiv[31m[33m>[31m
 [90m 266 |[31m
[31m[1m>[22m[31m[90m 267 |[31m       {[90m/* Workspace Info */[31m}
 [90m     |[31m       [31m[1m^[22m[31m
 [90m 268 |[31m       {workspaceStats[33m?[31m[33m.[31mworkspace [33m&&[31m (
 [90m 269 |[31m         [33m<[31m[33mdiv[31m className[33m=[31m[32m"card"[31m[33m>[31m
 [90m 270 |[31m           [33m<[31m[33mh2[31m className[33m=[31m[32m"text-lg font-semibold text-gray-900 dark:text-gray-100 mb-4"[31m[33m>[31m[33mInformacoes[31m [36mdo[31m [33mWorkspace[31m[33m<[31m[33m/[31m[33mh2[31m[33m>[31m[0m[39m
  Plugin: [35mvite:react-babel[39m
  File: [36mC:/Users/user/Desktop/opencode/frontend/src/pages/MasterDashboard.tsx[39m:267:6
[33m  265|        </div>
  266|  
  267|        {/* Workspace Info */}
     |        ^
  268|        {workspaceStats?.workspace && (
  269|          <div className="card">[39m
      at constructor (C:\Users\user\Desktop\opencode\frontend\node_modules\@babel\parser\lib\index.js:369:19)
      at TypeScriptParserMixin.raise (C:\Users\user\Desktop\opencode\frontend\node_modules\@babel\parser\lib\index.js:6620:19)
      at TypeScriptParserMixin.unexpected (C:\Users\user\Desktop\opencode\frontend\node_modules\@babel\parser\lib\index.js:6640:16)
      at TypeScriptParserMixin.expect (C:\Users\user\Desktop\opencode\frontend\node_modules\@babel\parser\lib\index.js:6920:12)
      at TypeScriptParserMixin.parseExprList (C:\Users\user\Desktop\opencode\frontend\node_modules\@babel\parser\lib\index.js:12170:14)
      at TypeScriptParserMixin.parseArrayLike (C:\Users\user\Desktop\opencode\frontend\node_modules\@babel\parser\lib\index.js:12086:26)
      at TypeScriptParserMixin.parseArrayLike (C:\Users\user\Desktop\opencode\frontend\node_modules\@babel\parser\lib\index.js:9214:24)
      at TypeScriptParserMixin.parseExprAtom (C:\Users\user\Desktop\opencode\frontend\node_modules\@babel\parser\lib\index.js:11361:23)
      at TypeScriptParserMixin.parseExprAtom (C:\Users\user\Desktop\opencode\frontend\node_modules\@babel\parser\lib\index.js:4780:20)
      at TypeScriptParserMixin.parseExprSubscripts (C:\Users\user\Desktop\opencode\frontend\node_modules\@babel\parser\lib\index.js:11102:23)
      at TypeScriptParserMixin.parseUpdate (C:\Users\user\Desktop\opencode\frontend\node_modules\@babel\parser\lib\index.js:11087:21)
      at TypeScriptParserMixin.parseMaybeUnary (C:\Users\user\Desktop\opencode\frontend\node_modules\@babel\parser\lib\index.js:11067:23)
      at TypeScriptParserMixin.parseMaybeUnary (C:\Users\user\Desktop\opencode\frontend\node_modules\@babel\parser\lib\index.js:9858:18)
      at TypeScriptParserMixin.parseMaybeUnaryOrPrivate (C:\Users\user\Desktop\opencode\frontend\node_modules\@babel\parser\lib\index.js:10920:61)
      at TypeScriptParserMixin.parseExprOps (C:\Users\user\Desktop\opencode\frontend\node_modules\@babel\parser\lib\index.js:10925:23)
      at TypeScriptParserMixin.parseMaybeConditional (C:\Users\user\Desktop\opencode\frontend\node_modules\@babel\parser\lib\index.js:10902:23)
      at TypeScriptParserMixin.parseMaybeAssign (C:\Users\user\Desktop\opencode\frontend\node_modules\@babel\parser\lib\index.js:10852:21)
      at TypeScriptParserMixin.parseMaybeAssign (C:\Users\user\Desktop\opencode\frontend\node_modules\@babel\parser\lib\index.js:9807:20)
      at TypeScriptParserMixin.parseExpressionBase (C:\Users\user\Desktop\opencode\frontend\node_modules\@babel\parser\lib\index.js:10805:23)
      at C:\Users\user\Desktop\opencode\frontend\node_modules\@babel\parser\lib\index.js:10801:39
      at TypeScriptParserMixin.allowInAnd (C:\Users\user\Desktop\opencode\frontend\node_modules\@babel\parser\lib\index.js:12455:12)
      at TypeScriptParserMixin.parseExpression (C:\Users\user\Desktop\opencode\frontend\node_modules\@babel\parser\lib\index.js:10801:17)
      at TypeScriptParserMixin.jsxParseExpressionContainer (C:\Users\user\Desktop\opencode\frontend\node_modules\@babel\parser\lib\index.js:4648:31)
      at TypeScriptParserMixin.jsxParseElementAt (C:\Users\user\Desktop\opencode\frontend\node_modules\@babel\parser\lib\index.js:4727:36)
      at TypeScriptParserMixin.jsxParseElementAt (C:\Users\user\Desktop\opencode\frontend\node_modules\@babel\parser\lib\index.js:4714:32)
      at TypeScriptParserMixin.jsxParseElement (C:\Users\user\Desktop\opencode\frontend\node_modules\@babel\parser\lib\index.js:4765:17)
      at TypeScriptParserMixin.parseExprAtom (C:\Users\user\Desktop\opencode\frontend\node_modules\@babel\parser\lib\index.js:4775:19)
      at TypeScriptParserMixin.parseExprSubscripts (C:\Users\user\Desktop\opencode\frontend\node_modules\@babel\parser\lib\index.js:11102:23)
      at TypeScriptParserMixin.parseUpdate (C:\Users\user\Desktop\opencode\frontend\node_modules\@babel\parser\lib\index.js:11087:21)
      at TypeScriptParserMixin.parseMaybeUnary (C:\Users\user\Desktop\opencode\frontend\node_modules\@babel\parser\lib\index.js:11067:23)
      at TypeScriptParserMixin.parseMaybeUnary (C:\Users\user\Desktop\opencode\frontend\node_modules\@babel\parser\lib\index.js:9858:18)
      at TypeScriptParserMixin.parseMaybeUnaryOrPrivate (C:\Users\user\Desktop\opencode\frontend\node_modules\@babel\parser\lib\index.js:10920:61)
      at TypeScriptParserMixin.parseExprOps (C:\Users\user\Desktop\opencode\frontend\node_modules\@babel\parser\lib\index.js:10925:23)
      at TypeScriptParserMixin.parseMaybeConditional (C:\Users\user\Desktop\opencode\frontend\node_modules\@babel\parser\lib\index.js:10902:23)
      at TypeScriptParserMixin.parseMaybeAssign (C:\Users\user\Desktop\opencode\frontend\node_modules\@babel\parser\lib\index.js:10852:21)
      at C:\Users\user\Desktop\opencode\frontend\node_modules\@babel\parser\lib\index.js:9796:39
      at TypeScriptParserMixin.tryParse (C:\Users\user\Desktop\opencode\frontend\node_modules\@babel\parser\lib\index.js:6928:20)
      at TypeScriptParserMixin.parseMaybeAssign (C:\Users\user\Desktop\opencode\frontend\node_modules\@babel\parser\lib\index.js:9796:18)
      at C:\Users\user\Desktop\opencode\frontend\node_modules\@babel\parser\lib\index.js:10821:39
      at TypeScriptParserMixin.allowInAnd (C:\Users\user\Desktop\opencode\frontend\node_modules\@babel\parser\lib\index.js:12455:12)
      at TypeScriptParserMixin.parseMaybeAssignAllowIn (C:\Users\user\Desktop\opencode\frontend\node_modules\@babel\parser\lib\index.js:10821:17)
      at TypeScriptParserMixin.parseMaybeAssignAllowInOrVoidPattern (C:\Users\user\Desktop\opencode\frontend\node_modules\@babel\parser\lib\index.js:12522:17)
      at TypeScriptParserMixin.parseParenAndDistinguishExpression (C:\Users\user\Desktop\opencode\frontend\node_modules\@babel\parser\lib\index.js:11701:28)
      at TypeScriptParserMixin.parseExprAtom (C:\Users\user\Desktop\opencode\frontend\node_modules\@babel\parser\lib\index.js:11357:23)
      at TypeScriptParserMixin.parseExprAtom (C:\Users\user\Desktop\opencode\frontend\node_modules\@babel\parser\lib\index.js:4780:20)
      at TypeScriptParserMixin.parseExprSubscripts (C:\Users\user\Desktop\opencode\frontend\node_modules\@babel\parser\lib\index.js:11102:23)
      at TypeScriptParserMixin.parseUpdate (C:\Users\user\Desktop\opencode\frontend\node_modules\@babel\parser\lib\index.js:11087:21)
      at TypeScriptParserMixin.parseMaybeUnary (C:\Users\user\Desktop\opencode\frontend\node_modules\@babel\parser\lib\index.js:11067:23)
      at TypeScriptParserMixin.parseMaybeUnary (C:\Users\user\Desktop\opencode\frontend\node_modules\@babel\parser\lib\index.js:9858:18)
      at TypeScriptParserMixin.parseMaybeUnaryOrPrivate (C:\Users\user\Desktop\opencode\frontend\node_modules\@babel\parser\lib\index.js:10920:61)
[2m18:50:30[22m [31m[1m[vite][22m[39m [31mInternal server error: C:\Users\user\Desktop\opencode\frontend\src\pages\MasterDashboard.tsx: Unexpected token, expected "," (267:6)

[0m [90m 265 |[31m       [33m<[31m[33m/[31m[33mdiv[31m[33m>[31m
 [90m 266 |[31m
[31m[1m>[22m[31m[90m 267 |[31m       {[90m/* Workspace Info */[31m}
 [90m     |[31m       [31m[1m^[22m[31m
 [90m 268 |[31m       {workspaceStats[33m?[31m[33m.[31mworkspace [33m&&[31m (
 [90m 269 |[31m         [33m<[31m[33mdiv[31m className[33m=[31m[32m"card"[31m[33m>[31m
 [90m 270 |[31m           [33m<[31m[33mh2[31m className[33m=[31m[32m"text-lg font-semibold text-gray-900 dark:text-gray-100 mb-4"[31m[33m>[31m[33mInformacoes[31m [36mdo[31m [33mWorkspace[31m[33m<[31m[33m/[31m[33mh2[31m[33m>[31m[0m[39m
  Plugin: [35mvite:react-babel[39m
  File: [36mC:/Users/user/Desktop/opencode/frontend/src/pages/MasterDashboard.tsx[39m:267:6
[33m  265|        </div>
  266|  
  267|        {/* Workspace Info */}
     |        ^
  268|        {workspaceStats?.workspace && (
  269|          <div className="card">[39m
      at constructor (C:\Users\user\Desktop\opencode\frontend\node_modules\@babel\parser\lib\index.js:369:19)
      at TypeScriptParserMixin.raise (C:\Users\user\Desktop\opencode\frontend\node_modules\@babel\parser\lib\index.js:6620:19)
      at TypeScriptParserMixin.unexpected (C:\Users\user\Desktop\opencode\frontend\node_modules\@babel\parser\lib\index.js:6640:16)
      at TypeScriptParserMixin.expect (C:\Users\user\Desktop\opencode\frontend\node_modules\@babel\parser\lib\index.js:6920:12)
      at TypeScriptParserMixin.parseExprList (C:\Users\user\Desktop\opencode\frontend\node_modules\@babel\parser\lib\index.js:12170:14)
      at TypeScriptParserMixin.parseArrayLike (C:\Users\user\Desktop\opencode\frontend\node_modules\@babel\parser\lib\index.js:12086:26)
      at TypeScriptParserMixin.parseArrayLike (C:\Users\user\Desktop\opencode\frontend\node_modules\@babel\parser\lib\index.js:9214:24)
      at TypeScriptParserMixin.parseExprAtom (C:\Users\user\Desktop\opencode\frontend\node_modules\@babel\parser\lib\index.js:11361:23)
      at TypeScriptParserMixin.parseExprAtom (C:\Users\user\Desktop\opencode\frontend\node_modules\@babel\parser\lib\index.js:4780:20)
      at TypeScriptParserMixin.parseExprSubscripts (C:\Users\user\Desktop\opencode\frontend\node_modules\@babel\parser\lib\index.js:11102:23)
      at TypeScriptParserMixin.parseUpdate (C:\Users\user\Desktop\opencode\frontend\node_modules\@babel\parser\lib\index.js:11087:21)
      at TypeScriptParserMixin.parseMaybeUnary (C:\Users\user\Desktop\opencode\frontend\node_modules\@babel\parser\lib\index.js:11067:23)
      at TypeScriptParserMixin.parseMaybeUnary (C:\Users\user\Desktop\opencode\frontend\node_modules\@babel\parser\lib\index.js:9858:18)
      at TypeScriptParserMixin.parseMaybeUnaryOrPrivate (C:\Users\user\Desktop\opencode\frontend\node_modules\@babel\parser\lib\index.js:10920:61)
      at TypeScriptParserMixin.parseExprOps (C:\Users\user\Desktop\opencode\frontend\node_modules\@babel\parser\lib\index.js:10925:23)
      at TypeScriptParserMixin.parseMaybeConditional (C:\Users\user\Desktop\opencode\frontend\node_modules\@babel\parser\lib\index.js:10902:23)
      at TypeScriptParserMixin.parseMaybeAssign (C:\Users\user\Desktop\opencode\frontend\node_modules\@babel\parser\lib\index.js:10852:21)
      at TypeScriptParserMixin.parseMaybeAssign (C:\Users\user\Desktop\opencode\frontend\node_modules\@babel\parser\lib\index.js:9807:20)
      at TypeScriptParserMixin.parseExpressionBase (C:\Users\user\Desktop\opencode\frontend\node_modules\@babel\parser\lib\index.js:10805:23)
      at C:\Users\user\Desktop\opencode\frontend\node_modules\@babel\parser\lib\index.js:10801:39
      at TypeScriptParserMixin.allowInAnd (C:\Users\user\Desktop\opencode\frontend\node_modules\@babel\parser\lib\index.js:12455:12)
      at TypeScriptParserMixin.parseExpression (C:\Users\user\Desktop\opencode\frontend\node_modules\@babel\parser\lib\index.js:10801:17)
      at TypeScriptParserMixin.jsxParseExpressionContainer (C:\Users\user\Desktop\opencode\frontend\node_modules\@babel\parser\lib\index.js:4648:31)
      at TypeScriptParserMixin.jsxParseElementAt (C:\Users\user\Desktop\opencode\frontend\node_modules\@babel\parser\lib\index.js:4727:36)
      at TypeScriptParserMixin.jsxParseElementAt (C:\Users\user\Desktop\opencode\frontend\node_modules\@babel\parser\lib\index.js:4714:32)
      at TypeScriptParserMixin.jsxParseElement (C:\Users\user\Desktop\opencode\frontend\node_modules\@babel\parser\lib\index.js:4765:17)
      at TypeScriptParserMixin.parseExprAtom (C:\Users\user\Desktop\opencode\frontend\node_modules\@babel\parser\lib\index.js:4775:19)
      at TypeScriptParserMixin.parseExprSubscripts (C:\Users\user\Desktop\opencode\frontend\node_modules\@babel\parser\lib\index.js:11102:23)
      at TypeScriptParserMixin.parseUpdate (C:\Users\user\Desktop\opencode\frontend\node_modules\@babel\parser\lib\index.js:11087:21)
      at TypeScriptParserMixin.parseMaybeUnary (C:\Users\user\Desktop\opencode\frontend\node_modules\@babel\parser\lib\index.js:11067:23)
      at TypeScriptParserMixin.parseMaybeUnary (C:\Users\user\Desktop\opencode\frontend\node_modules\@babel\parser\lib\index.js:9858:18)
      at TypeScriptParserMixin.parseMaybeUnaryOrPrivate (C:\Users\user\Desktop\opencode\frontend\node_modules\@babel\parser\lib\index.js:10920:61)
      at TypeScriptParserMixin.parseExprOps (C:\Users\user\Desktop\opencode\frontend\node_modules\@babel\parser\lib\index.js:10925:23)
      at TypeScriptParserMixin.parseMaybeConditional (C:\Users\user\Desktop\opencode\frontend\node_modules\@babel\parser\lib\index.js:10902:23)
      at TypeScriptParserMixin.parseMaybeAssign (C:\Users\user\Desktop\opencode\frontend\node_modules\@babel\parser\lib\index.js:10852:21)
      at C:\Users\user\Desktop\opencode\frontend\node_modules\@babel\parser\lib\index.js:9796:39
      at TypeScriptParserMixin.tryParse (C:\Users\user\Desktop\opencode\frontend\node_modules\@babel\parser\lib\index.js:6928:20)
      at TypeScriptParserMixin.parseMaybeAssign (C:\Users\user\Desktop\opencode\frontend\node_modules\@babel\parser\lib\index.js:9796:18)
      at C:\Users\user\Desktop\opencode\frontend\node_modules\@babel\parser\lib\index.js:10821:39
      at TypeScriptParserMixin.allowInAnd (C:\Users\user\Desktop\opencode\frontend\node_modules\@babel\parser\lib\index.js:12455:12)
      at TypeScriptParserMixin.parseMaybeAssignAllowIn (C:\Users\user\Desktop\opencode\frontend\node_modules\@babel\parser\lib\index.js:10821:17)
      at TypeScriptParserMixin.parseMaybeAssignAllowInOrVoidPattern (C:\Users\user\Desktop\opencode\frontend\node_modules\@babel\parser\lib\index.js:12522:17)
      at TypeScriptParserMixin.parseParenAndDistinguishExpression (C:\Users\user\Desktop\opencode\frontend\node_modules\@babel\parser\lib\index.js:11701:28)
      at TypeScriptParserMixin.parseExprAtom (C:\Users\user\Desktop\opencode\frontend\node_modules\@babel\parser\lib\index.js:11357:23)
      at TypeScriptParserMixin.parseExprAtom (C:\Users\user\Desktop\opencode\frontend\node_modules\@babel\parser\lib\index.js:4780:20)
      at TypeScriptParserMixin.parseExprSubscripts (C:\Users\user\Desktop\opencode\frontend\node_modules\@babel\parser\lib\index.js:11102:23)
      at TypeScriptParserMixin.parseUpdate (C:\Users\user\Desktop\opencode\frontend\node_modules\@babel\parser\lib\index.js:11087:21)
      at TypeScriptParserMixin.parseMaybeUnary (C:\Users\user\Desktop\opencode\frontend\node_modules\@babel\parser\lib\index.js:11067:23)
      at TypeScriptParserMixin.parseMaybeUnary (C:\Users\user\Desktop\opencode\frontend\node_modules\@babel\parser\lib\index.js:9858:18)
      at TypeScriptParserMixin.parseMaybeUnaryOrPrivate (C:\Users\user\Desktop\opencode\frontend\node_modules\@babel\parser\lib\index.js:10920:61)
[2m18:50:42[22m [36m[1m[vite][22m[39m [32mhmr update [39m[2m/src/pages/MasterDashboard.tsx, /src/index.css[22m
[2m18:50:42[22m [31m[1m[vite][22m[39m [31mInternal server error: C:\Users\user\Desktop\opencode\frontend\src\pages\MasterDashboard.tsx: Unexpected token, expected "," (469:6)

[0m [90m 467 |[31m       [33m<[31m[33m/[31m[33mdiv[31m[33m>[31m
 [90m 468 |[31m
[31m[1m>[22m[31m[90m 469 |[31m       {[90m/* Plan Modal */[31m}
 [90m     |[31m       [31m[1m^[22m[31m
 [90m 470 |[31m       {showPlanModal [33m&&[31m (
 [90m 471 |[31m         [33m<[31m[33mdiv[31m className[33m=[31m[32m"fixed inset-0 bg-black bg-opacity-50 z-50 flex items-center justify-center p-4"[31m[33m>[31m
 [90m 472 |[31m           [33m<[31m[33mdiv[31m className[33m=[31m[32m"bg-white dark:bg-gray-900 rounded-2xl w-full max-w-2xl p-6"[31m[33m>[31m[0m[39m
  Plugin: [35mvite:react-babel[39m
  File: [36mC:/Users/user/Desktop/opencode/frontend/src/pages/MasterDashboard.tsx[39m:469:6
[33m  467|        </div>
  468|  
  469|        {/* Plan Modal */}
     |        ^
  470|        {showPlanModal && (
  471|          <div className="fixed inset-0 bg-black bg-opacity-50 z-50 flex items-center justify-center p-4">[39m
      at constructor (C:\Users\user\Desktop\opencode\frontend\node_modules\@babel\parser\lib\index.js:369:19)
      at TypeScriptParserMixin.raise (C:\Users\user\Desktop\opencode\frontend\node_modules\@babel\parser\lib\index.js:6620:19)
      at TypeScriptParserMixin.unexpected (C:\Users\user\Desktop\opencode\frontend\node_modules\@babel\parser\lib\index.js:6640:16)
      at TypeScriptParserMixin.expect (C:\Users\user\Desktop\opencode\frontend\node_modules\@babel\parser\lib\index.js:6920:12)
      at TypeScriptParserMixin.parseExprList (C:\Users\user\Desktop\opencode\frontend\node_modules\@babel\parser\lib\index.js:12170:14)
      at TypeScriptParserMixin.parseArrayLike (C:\Users\user\Desktop\opencode\frontend\node_modules\@babel\parser\lib\index.js:12086:26)
      at TypeScriptParserMixin.parseArrayLike (C:\Users\user\Desktop\opencode\frontend\node_modules\@babel\parser\lib\index.js:9214:24)
      at TypeScriptParserMixin.parseExprAtom (C:\Users\user\Desktop\opencode\frontend\node_modules\@babel\parser\lib\index.js:11361:23)
      at TypeScriptParserMixin.parseExprAtom (C:\Users\user\Desktop\opencode\frontend\node_modules\@babel\parser\lib\index.js:4780:20)
      at TypeScriptParserMixin.parseExprSubscripts (C:\Users\user\Desktop\opencode\frontend\node_modules\@babel\parser\lib\index.js:11102:23)
      at TypeScriptParserMixin.parseUpdate (C:\Users\user\Desktop\opencode\frontend\node_modules\@babel\parser\lib\index.js:11087:21)
      at TypeScriptParserMixin.parseMaybeUnary (C:\Users\user\Desktop\opencode\frontend\node_modules\@babel\parser\lib\index.js:11067:23)
      at TypeScriptParserMixin.parseMaybeUnary (C:\Users\user\Desktop\opencode\frontend\node_modules\@babel\parser\lib\index.js:9858:18)
      at TypeScriptParserMixin.parseMaybeUnaryOrPrivate (C:\Users\user\Desktop\opencode\frontend\node_modules\@babel\parser\lib\index.js:10920:61)
      at TypeScriptParserMixin.parseExprOps (C:\Users\user\Desktop\opencode\frontend\node_modules\@babel\parser\lib\index.js:10925:23)
      at TypeScriptParserMixin.parseMaybeConditional (C:\Users\user\Desktop\opencode\frontend\node_modules\@babel\parser\lib\index.js:10902:23)
      at TypeScriptParserMixin.parseMaybeAssign (C:\Users\user\Desktop\opencode\frontend\node_modules\@babel\parser\lib\index.js:10852:21)
      at TypeScriptParserMixin.parseMaybeAssign (C:\Users\user\Desktop\opencode\frontend\node_modules\@babel\parser\lib\index.js:9807:20)
      at TypeScriptParserMixin.parseExpressionBase (C:\Users\user\Desktop\opencode\frontend\node_modules\@babel\parser\lib\index.js:10805:23)
      at C:\Users\user\Desktop\opencode\frontend\node_modules\@babel\parser\lib\index.js:10801:39
      at TypeScriptParserMixin.allowInAnd (C:\Users\user\Desktop\opencode\frontend\node_modules\@babel\parser\lib\index.js:12455:12)
      at TypeScriptParserMixin.parseExpression (C:\Users\user\Desktop\opencode\frontend\node_modules\@babel\parser\lib\index.js:10801:17)
      at TypeScriptParserMixin.jsxParseExpressionContainer (C:\Users\user\Desktop\opencode\frontend\node_modules\@babel\parser\lib\index.js:4648:31)
      at TypeScriptParserMixin.jsxParseElementAt (C:\Users\user\Desktop\opencode\frontend\node_modules\@babel\parser\lib\index.js:4727:36)
      at TypeScriptParserMixin.jsxParseElementAt (C:\Users\user\Desktop\opencode\frontend\node_modules\@babel\parser\lib\index.js:4714:32)
      at TypeScriptParserMixin.jsxParseElement (C:\Users\user\Desktop\opencode\frontend\node_modules\@babel\parser\lib\index.js:4765:17)
      at TypeScriptParserMixin.parseExprAtom (C:\Users\user\Desktop\opencode\frontend\node_modules\@babel\parser\lib\index.js:4775:19)
      at TypeScriptParserMixin.parseExprSubscripts (C:\Users\user\Desktop\opencode\frontend\node_modules\@babel\parser\lib\index.js:11102:23)
      at TypeScriptParserMixin.parseUpdate (C:\Users\user\Desktop\opencode\frontend\node_modules\@babel\parser\lib\index.js:11087:21)
      at TypeScriptParserMixin.parseMaybeUnary (C:\Users\user\Desktop\opencode\frontend\node_modules\@babel\parser\lib\index.js:11067:23)
      at TypeScriptParserMixin.parseMaybeUnary (C:\Users\user\Desktop\opencode\frontend\node_modules\@babel\parser\lib\index.js:9858:18)
      at TypeScriptParserMixin.parseMaybeUnaryOrPrivate (C:\Users\user\Desktop\opencode\frontend\node_modules\@babel\parser\lib\index.js:10920:61)
      at TypeScriptParserMixin.parseExprOps (C:\Users\user\Desktop\opencode\frontend\node_modules\@babel\parser\lib\index.js:10925:23)
      at TypeScriptParserMixin.parseMaybeConditional (C:\Users\user\Desktop\opencode\frontend\node_modules\@babel\parser\lib\index.js:10902:23)
      at TypeScriptParserMixin.parseMaybeAssign (C:\Users\user\Desktop\opencode\frontend\node_modules\@babel\parser\lib\index.js:10852:21)
      at C:\Users\user\Desktop\opencode\frontend\node_modules\@babel\parser\lib\index.js:9796:39
      at TypeScriptParserMixin.tryParse (C:\Users\user\Desktop\opencode\frontend\node_modules\@babel\parser\lib\index.js:6928:20)
      at TypeScriptParserMixin.parseMaybeAssign (C:\Users\user\Desktop\opencode\frontend\node_modules\@babel\parser\lib\index.js:9796:18)
      at C:\Users\user\Desktop\opencode\frontend\node_modules\@babel\parser\lib\index.js:10821:39
      at TypeScriptParserMixin.allowInAnd (C:\Users\user\Desktop\opencode\frontend\node_modules\@babel\parser\lib\index.js:12455:12)
      at TypeScriptParserMixin.parseMaybeAssignAllowIn (C:\Users\user\Desktop\opencode\frontend\node_modules\@babel\parser\lib\index.js:10821:17)
      at TypeScriptParserMixin.parseMaybeAssignAllowInOrVoidPattern (C:\Users\user\Desktop\opencode\frontend\node_modules\@babel\parser\lib\index.js:12522:17)
      at TypeScriptParserMixin.parseParenAndDistinguishExpression (C:\Users\user\Desktop\opencode\frontend\node_modules\@babel\parser\lib\index.js:11701:28)
      at TypeScriptParserMixin.parseExprAtom (C:\Users\user\Desktop\opencode\frontend\node_modules\@babel\parser\lib\index.js:11357:23)
      at TypeScriptParserMixin.parseExprAtom (C:\Users\user\Desktop\opencode\frontend\node_modules\@babel\parser\lib\index.js:4780:20)
      at TypeScriptParserMixin.parseExprSubscripts (C:\Users\user\Desktop\opencode\frontend\node_modules\@babel\parser\lib\index.js:11102:23)
      at TypeScriptParserMixin.parseUpdate (C:\Users\user\Desktop\opencode\frontend\node_modules\@babel\parser\lib\index.js:11087:21)
      at TypeScriptParserMixin.parseMaybeUnary (C:\Users\user\Desktop\opencode\frontend\node_modules\@babel\parser\lib\index.js:11067:23)
      at TypeScriptParserMixin.parseMaybeUnary (C:\Users\user\Desktop\opencode\frontend\node_modules\@babel\parser\lib\index.js:9858:18)
      at TypeScriptParserMixin.parseMaybeUnaryOrPrivate (C:\Users\user\Desktop\opencode\frontend\node_modules\@babel\parser\lib\index.js:10920:61)
[2m18:50:42[22m [31m[1m[vite][22m[39m [31mInternal server error: C:\Users\user\Desktop\opencode\frontend\src\pages\MasterDashboard.tsx: Unexpected token, expected "," (469:6)

[0m [90m 467 |[31m       [33m<[31m[33m/[31m[33mdiv[31m[33m>[31m
 [90m 468 |[31m
[31m[1m>[22m[31m[90m 469 |[31m       {[90m/* Plan Modal */[31m}
 [90m     |[31m       [31m[1m^[22m[31m
 [90m 470 |[31m       {showPlanModal [33m&&[31m (
 [90m 471 |[31m         [33m<[31m[33mdiv[31m className[33m=[31m[32m"fixed inset-0 bg-black bg-opacity-50 z-50 flex items-center justify-center p-4"[31m[33m>[31m
 [90m 472 |[31m           [33m<[31m[33mdiv[31m className[33m=[31m[32m"bg-white dark:bg-gray-900 rounded-2xl w-full max-w-2xl p-6"[31m[33m>[31m[0m[39m
  Plugin: [35mvite:react-babel[39m
  File: [36mC:/Users/user/Desktop/opencode/frontend/src/pages/MasterDashboard.tsx[39m:469:6
[33m  467|        </div>
  468|  
  469|        {/* Plan Modal */}
     |        ^
  470|        {showPlanModal && (
  471|          <div className="fixed inset-0 bg-black bg-opacity-50 z-50 flex items-center justify-center p-4">[39m
      at constructor (C:\Users\user\Desktop\opencode\frontend\node_modules\@babel\parser\lib\index.js:369:19)
      at TypeScriptParserMixin.raise (C:\Users\user\Desktop\opencode\frontend\node_modules\@babel\parser\lib\index.js:6620:19)
      at TypeScriptParserMixin.unexpected (C:\Users\user\Desktop\opencode\frontend\node_modules\@babel\parser\lib\index.js:6640:16)
      at TypeScriptParserMixin.expect (C:\Users\user\Desktop\opencode\frontend\node_modules\@babel\parser\lib\index.js:6920:12)
      at TypeScriptParserMixin.parseExprList (C:\Users\user\Desktop\opencode\frontend\node_modules\@babel\parser\lib\index.js:12170:14)
      at TypeScriptParserMixin.parseArrayLike (C:\Users\user\Desktop\opencode\frontend\node_modules\@babel\parser\lib\index.js:12086:26)
      at TypeScriptParserMixin.parseArrayLike (C:\Users\user\Desktop\opencode\frontend\node_modules\@babel\parser\lib\index.js:9214:24)
      at TypeScriptParserMixin.parseExprAtom (C:\Users\user\Desktop\opencode\frontend\node_modules\@babel\parser\lib\index.js:11361:23)
      at TypeScriptParserMixin.parseExprAtom (C:\Users\user\Desktop\opencode\frontend\node_modules\@babel\parser\lib\index.js:4780:20)
      at TypeScriptParserMixin.parseExprSubscripts (C:\Users\user\Desktop\opencode\frontend\node_modules\@babel\parser\lib\index.js:11102:23)
      at TypeScriptParserMixin.parseUpdate (C:\Users\user\Desktop\opencode\frontend\node_modules\@babel\parser\lib\index.js:11087:21)
      at TypeScriptParserMixin.parseMaybeUnary (C:\Users\user\Desktop\opencode\frontend\node_modules\@babel\parser\lib\index.js:11067:23)
      at TypeScriptParserMixin.parseMaybeUnary (C:\Users\user\Desktop\opencode\frontend\node_modules\@babel\parser\lib\index.js:9858:18)
      at TypeScriptParserMixin.parseMaybeUnaryOrPrivate (C:\Users\user\Desktop\opencode\frontend\node_modules\@babel\parser\lib\index.js:10920:61)
      at TypeScriptParserMixin.parseExprOps (C:\Users\user\Desktop\opencode\frontend\node_modules\@babel\parser\lib\index.js:10925:23)
      at TypeScriptParserMixin.parseMaybeConditional (C:\Users\user\Desktop\opencode\frontend\node_modules\@babel\parser\lib\index.js:10902:23)
      at TypeScriptParserMixin.parseMaybeAssign (C:\Users\user\Desktop\opencode\frontend\node_modules\@babel\parser\lib\index.js:10852:21)
      at TypeScriptParserMixin.parseMaybeAssign (C:\Users\user\Desktop\opencode\frontend\node_modules\@babel\parser\lib\index.js:9807:20)
      at TypeScriptParserMixin.parseExpressionBase (C:\Users\user\Desktop\opencode\frontend\node_modules\@babel\parser\lib\index.js:10805:23)
      at C:\Users\user\Desktop\opencode\frontend\node_modules\@babel\parser\lib\index.js:10801:39
      at TypeScriptParserMixin.allowInAnd (C:\Users\user\Desktop\opencode\frontend\node_modules\@babel\parser\lib\index.js:12455:12)
      at TypeScriptParserMixin.parseExpression (C:\Users\user\Desktop\opencode\frontend\node_modules\@babel\parser\lib\index.js:10801:17)
      at TypeScriptParserMixin.jsxParseExpressionContainer (C:\Users\user\Desktop\opencode\frontend\node_modules\@babel\parser\lib\index.js:4648:31)
      at TypeScriptParserMixin.jsxParseElementAt (C:\Users\user\Desktop\opencode\frontend\node_modules\@babel\parser\lib\index.js:4727:36)
      at TypeScriptParserMixin.jsxParseElementAt (C:\Users\user\Desktop\opencode\frontend\node_modules\@babel\parser\lib\index.js:4714:32)
      at TypeScriptParserMixin.jsxParseElement (C:\Users\user\Desktop\opencode\frontend\node_modules\@babel\parser\lib\index.js:4765:17)
      at TypeScriptParserMixin.parseExprAtom (C:\Users\user\Desktop\opencode\frontend\node_modules\@babel\parser\lib\index.js:4775:19)
      at TypeScriptParserMixin.parseExprSubscripts (C:\Users\user\Desktop\opencode\frontend\node_modules\@babel\parser\lib\index.js:11102:23)
      at TypeScriptParserMixin.parseUpdate (C:\Users\user\Desktop\opencode\frontend\node_modules\@babel\parser\lib\index.js:11087:21)
      at TypeScriptParserMixin.parseMaybeUnary (C:\Users\user\Desktop\opencode\frontend\node_modules\@babel\parser\lib\index.js:11067:23)
      at TypeScriptParserMixin.parseMaybeUnary (C:\Users\user\Desktop\opencode\frontend\node_modules\@babel\parser\lib\index.js:9858:18)
      at TypeScriptParserMixin.parseMaybeUnaryOrPrivate (C:\Users\user\Desktop\opencode\frontend\node_modules\@babel\parser\lib\index.js:10920:61)
      at TypeScriptParserMixin.parseExprOps (C:\Users\user\Desktop\opencode\frontend\node_modules\@babel\parser\lib\index.js:10925:23)
      at TypeScriptParserMixin.parseMaybeConditional (C:\Users\user\Desktop\opencode\frontend\node_modules\@babel\parser\lib\index.js:10902:23)
      at TypeScriptParserMixin.parseMaybeAssign (C:\Users\user\Desktop\opencode\frontend\node_modules\@babel\parser\lib\index.js:10852:21)
      at C:\Users\user\Desktop\opencode\frontend\node_modules\@babel\parser\lib\index.js:9796:39
      at TypeScriptParserMixin.tryParse (C:\Users\user\Desktop\opencode\frontend\node_modules\@babel\parser\lib\index.js:6928:20)
      at TypeScriptParserMixin.parseMaybeAssign (C:\Users\user\Desktop\opencode\frontend\node_modules\@babel\parser\lib\index.js:9796:18)
      at C:\Users\user\Desktop\opencode\frontend\node_modules\@babel\parser\lib\index.js:10821:39
      at TypeScriptParserMixin.allowInAnd (C:\Users\user\Desktop\opencode\frontend\node_modules\@babel\parser\lib\index.js:12455:12)
      at TypeScriptParserMixin.parseMaybeAssignAllowIn (C:\Users\user\Desktop\opencode\frontend\node_modules\@babel\parser\lib\index.js:10821:17)
      at TypeScriptParserMixin.parseMaybeAssignAllowInOrVoidPattern (C:\Users\user\Desktop\opencode\frontend\node_modules\@babel\parser\lib\index.js:12522:17)
      at TypeScriptParserMixin.parseParenAndDistinguishExpression (C:\Users\user\Desktop\opencode\frontend\node_modules\@babel\parser\lib\index.js:11701:28)
      at TypeScriptParserMixin.parseExprAtom (C:\Users\user\Desktop\opencode\frontend\node_modules\@babel\parser\lib\index.js:11357:23)
      at TypeScriptParserMixin.parseExprAtom (C:\Users\user\Desktop\opencode\frontend\node_modules\@babel\parser\lib\index.js:4780:20)
      at TypeScriptParserMixin.parseExprSubscripts (C:\Users\user\Desktop\opencode\frontend\node_modules\@babel\parser\lib\index.js:11102:23)
      at TypeScriptParserMixin.parseUpdate (C:\Users\user\Desktop\opencode\frontend\node_modules\@babel\parser\lib\index.js:11087:21)
      at TypeScriptParserMixin.parseMaybeUnary (C:\Users\user\Desktop\opencode\frontend\node_modules\@babel\parser\lib\index.js:11067:23)
      at TypeScriptParserMixin.parseMaybeUnary (C:\Users\user\Desktop\opencode\frontend\node_modules\@babel\parser\lib\index.js:9858:18)
      at TypeScriptParserMixin.parseMaybeUnaryOrPrivate (C:\Users\user\Desktop\opencode\frontend\node_modules\@babel\parser\lib\index.js:10920:61)
[2m18:50:42[22m [31m[1m[vite][22m[39m [31mInternal server error: C:\Users\user\Desktop\opencode\frontend\src\pages\MasterDashboard.tsx: Unexpected token, expected "," (469:6)

[0m [90m 467 |[31m       [33m<[31m[33m/[31m[33mdiv[31m[33m>[31m
 [90m 468 |[31m
[31m[1m>[22m[31m[90m 469 |[31m       {[90m/* Plan Modal */[31m}
 [90m     |[31m       [31m[1m^[22m[31m
 [90m 470 |[31m       {showPlanModal [33m&&[31m (
 [90m 471 |[31m         [33m<[31m[33mdiv[31m className[33m=[31m[32m"fixed inset-0 bg-black bg-opacity-50 z-50 flex items-center justify-center p-4"[31m[33m>[31m
 [90m 472 |[31m           [33m<[31m[33mdiv[31m className[33m=[31m[32m"bg-white dark:bg-gray-900 rounded-2xl w-full max-w-2xl p-6"[31m[33m>[31m[0m[39m
  Plugin: [35mvite:react-babel[39m
  File: [36mC:/Users/user/Desktop/opencode/frontend/src/pages/MasterDashboard.tsx[39m:469:6
[33m  467|        </div>
  468|  
  469|        {/* Plan Modal */}
     |        ^
  470|        {showPlanModal && (
  471|          <div className="fixed inset-0 bg-black bg-opacity-50 z-50 flex items-center justify-center p-4">[39m
      at constructor (C:\Users\user\Desktop\opencode\frontend\node_modules\@babel\parser\lib\index.js:369:19)
      at TypeScriptParserMixin.raise (C:\Users\user\Desktop\opencode\frontend\node_modules\@babel\parser\lib\index.js:6620:19)
      at TypeScriptParserMixin.unexpected (C:\Users\user\Desktop\opencode\frontend\node_modules\@babel\parser\lib\index.js:6640:16)
      at TypeScriptParserMixin.expect (C:\Users\user\Desktop\opencode\frontend\node_modules\@babel\parser\lib\index.js:6920:12)
      at TypeScriptParserMixin.parseExprList (C:\Users\user\Desktop\opencode\frontend\node_modules\@babel\parser\lib\index.js:12170:14)
      at TypeScriptParserMixin.parseArrayLike (C:\Users\user\Desktop\opencode\frontend\node_modules\@babel\parser\lib\index.js:12086:26)
      at TypeScriptParserMixin.parseArrayLike (C:\Users\user\Desktop\opencode\frontend\node_modules\@babel\parser\lib\index.js:9214:24)
      at TypeScriptParserMixin.parseExprAtom (C:\Users\user\Desktop\opencode\frontend\node_modules\@babel\parser\lib\index.js:11361:23)
      at TypeScriptParserMixin.parseExprAtom (C:\Users\user\Desktop\opencode\frontend\node_modules\@babel\parser\lib\index.js:4780:20)
      at TypeScriptParserMixin.parseExprSubscripts (C:\Users\user\Desktop\opencode\frontend\node_modules\@babel\parser\lib\index.js:11102:23)
      at TypeScriptParserMixin.parseUpdate (C:\Users\user\Desktop\opencode\frontend\node_modules\@babel\parser\lib\index.js:11087:21)
      at TypeScriptParserMixin.parseMaybeUnary (C:\Users\user\Desktop\opencode\frontend\node_modules\@babel\parser\lib\index.js:11067:23)
      at TypeScriptParserMixin.parseMaybeUnary (C:\Users\user\Desktop\opencode\frontend\node_modules\@babel\parser\lib\index.js:9858:18)
      at TypeScriptParserMixin.parseMaybeUnaryOrPrivate (C:\Users\user\Desktop\opencode\frontend\node_modules\@babel\parser\lib\index.js:10920:61)
      at TypeScriptParserMixin.parseExprOps (C:\Users\user\Desktop\opencode\frontend\node_modules\@babel\parser\lib\index.js:10925:23)
      at TypeScriptParserMixin.parseMaybeConditional (C:\Users\user\Desktop\opencode\frontend\node_modules\@babel\parser\lib\index.js:10902:23)
      at TypeScriptParserMixin.parseMaybeAssign (C:\Users\user\Desktop\opencode\frontend\node_modules\@babel\parser\lib\index.js:10852:21)
      at TypeScriptParserMixin.parseMaybeAssign (C:\Users\user\Desktop\opencode\frontend\node_modules\@babel\parser\lib\index.js:9807:20)
      at TypeScriptParserMixin.parseExpressionBase (C:\Users\user\Desktop\opencode\frontend\node_modules\@babel\parser\lib\index.js:10805:23)
      at C:\Users\user\Desktop\opencode\frontend\node_modules\@babel\parser\lib\index.js:10801:39
      at TypeScriptParserMixin.allowInAnd (C:\Users\user\Desktop\opencode\frontend\node_modules\@babel\parser\lib\index.js:12455:12)
      at TypeScriptParserMixin.parseExpression (C:\Users\user\Desktop\opencode\frontend\node_modules\@babel\parser\lib\index.js:10801:17)
      at TypeScriptParserMixin.jsxParseExpressionContainer (C:\Users\user\Desktop\opencode\frontend\node_modules\@babel\parser\lib\index.js:4648:31)
      at TypeScriptParserMixin.jsxParseElementAt (C:\Users\user\Desktop\opencode\frontend\node_modules\@babel\parser\lib\index.js:4727:36)
      at TypeScriptParserMixin.jsxParseElementAt (C:\Users\user\Desktop\opencode\frontend\node_modules\@babel\parser\lib\index.js:4714:32)
      at TypeScriptParserMixin.jsxParseElement (C:\Users\user\Desktop\opencode\frontend\node_modules\@babel\parser\lib\index.js:4765:17)
      at TypeScriptParserMixin.parseExprAtom (C:\Users\user\Desktop\opencode\frontend\node_modules\@babel\parser\lib\index.js:4775:19)
      at TypeScriptParserMixin.parseExprSubscripts (C:\Users\user\Desktop\opencode\frontend\node_modules\@babel\parser\lib\index.js:11102:23)
      at TypeScriptParserMixin.parseUpdate (C:\Users\user\Desktop\opencode\frontend\node_modules\@babel\parser\lib\index.js:11087:21)
      at TypeScriptParserMixin.parseMaybeUnary (C:\Users\user\Desktop\opencode\frontend\node_modules\@babel\parser\lib\index.js:11067:23)
      at TypeScriptParserMixin.parseMaybeUnary (C:\Users\user\Desktop\opencode\frontend\node_modules\@babel\parser\lib\index.js:9858:18)
      at TypeScriptParserMixin.parseMaybeUnaryOrPrivate (C:\Users\user\Desktop\opencode\frontend\node_modules\@babel\parser\lib\index.js:10920:61)
      at TypeScriptParserMixin.parseExprOps (C:\Users\user\Desktop\opencode\frontend\node_modules\@babel\parser\lib\index.js:10925:23)
      at TypeScriptParserMixin.parseMaybeConditional (C:\Users\user\Desktop\opencode\frontend\node_modules\@babel\parser\lib\index.js:10902:23)
      at TypeScriptParserMixin.parseMaybeAssign (C:\Users\user\Desktop\opencode\frontend\node_modules\@babel\parser\lib\index.js:10852:21)
      at C:\Users\user\Desktop\opencode\frontend\node_modules\@babel\parser\lib\index.js:9796:39
      at TypeScriptParserMixin.tryParse (C:\Users\user\Desktop\opencode\frontend\node_modules\@babel\parser\lib\index.js:6928:20)
      at TypeScriptParserMixin.parseMaybeAssign (C:\Users\user\Desktop\opencode\frontend\node_modules\@babel\parser\lib\index.js:9796:18)
      at C:\Users\user\Desktop\opencode\frontend\node_modules\@babel\parser\lib\index.js:10821:39
      at TypeScriptParserMixin.allowInAnd (C:\Users\user\Desktop\opencode\frontend\node_modules\@babel\parser\lib\index.js:12455:12)
      at TypeScriptParserMixin.parseMaybeAssignAllowIn (C:\Users\user\Desktop\opencode\frontend\node_modules\@babel\parser\lib\index.js:10821:17)
      at TypeScriptParserMixin.parseMaybeAssignAllowInOrVoidPattern (C:\Users\user\Desktop\opencode\frontend\node_modules\@babel\parser\lib\index.js:12522:17)
      at TypeScriptParserMixin.parseParenAndDistinguishExpression (C:\Users\user\Desktop\opencode\frontend\node_modules\@babel\parser\lib\index.js:11701:28)
      at TypeScriptParserMixin.parseExprAtom (C:\Users\user\Desktop\opencode\frontend\node_modules\@babel\parser\lib\index.js:11357:23)
      at TypeScriptParserMixin.parseExprAtom (C:\Users\user\Desktop\opencode\frontend\node_modules\@babel\parser\lib\index.js:4780:20)
      at TypeScriptParserMixin.parseExprSubscripts (C:\Users\user\Desktop\opencode\frontend\node_modules\@babel\parser\lib\index.js:11102:23)
      at TypeScriptParserMixin.parseUpdate (C:\Users\user\Desktop\opencode\frontend\node_modules\@babel\parser\lib\index.js:11087:21)
      at TypeScriptParserMixin.parseMaybeUnary (C:\Users\user\Desktop\opencode\frontend\node_modules\@babel\parser\lib\index.js:11067:23)
      at TypeScriptParserMixin.parseMaybeUnary (C:\Users\user\Desktop\opencode\frontend\node_modules\@babel\parser\lib\index.js:9858:18)
      at TypeScriptParserMixin.parseMaybeUnaryOrPrivate (C:\Users\user\Desktop\opencode\frontend\node_modules\@babel\parser\lib\index.js:10920:61)
[2m18:50:42[22m [31m[1m[vite][22m[39m [31mInternal server error: C:\Users\user\Desktop\opencode\frontend\src\pages\MasterDashboard.tsx: Unexpected token, expected "," (469:6)

[0m [90m 467 |[31m       [33m<[31m[33m/[31m[33mdiv[31m[33m>[31m
 [90m 468 |[31m
[31m[1m>[22m[31m[90m 469 |[31m       {[90m/* Plan Modal */[31m}
 [90m     |[31m       [31m[1m^[22m[31m
 [90m 470 |[31m       {showPlanModal [33m&&[31m (
 [90m 471 |[31m         [33m<[31m[33mdiv[31m className[33m=[31m[32m"fixed inset-0 bg-black bg-opacity-50 z-50 flex items-center justify-center p-4"[31m[33m>[31m
 [90m 472 |[31m           [33m<[31m[33mdiv[31m className[33m=[31m[32m"bg-white dark:bg-gray-900 rounded-2xl w-full max-w-2xl p-6"[31m[33m>[31m[0m[39m
  Plugin: [35mvite:react-babel[39m
  File: [36mC:/Users/user/Desktop/opencode/frontend/src/pages/MasterDashboard.tsx[39m:469:6
[33m  467|        </div>
  468|  
  469|        {/* Plan Modal */}
     |        ^
  470|        {showPlanModal && (
  471|          <div className="fixed inset-0 bg-black bg-opacity-50 z-50 flex items-center justify-center p-4">[39m
      at constructor (C:\Users\user\Desktop\opencode\frontend\node_modules\@babel\parser\lib\index.js:369:19)
      at TypeScriptParserMixin.raise (C:\Users\user\Desktop\opencode\frontend\node_modules\@babel\parser\lib\index.js:6620:19)
      at TypeScriptParserMixin.unexpected (C:\Users\user\Desktop\opencode\frontend\node_modules\@babel\parser\lib\index.js:6640:16)
      at TypeScriptParserMixin.expect (C:\Users\user\Desktop\opencode\frontend\node_modules\@babel\parser\lib\index.js:6920:12)
      at TypeScriptParserMixin.parseExprList (C:\Users\user\Desktop\opencode\frontend\node_modules\@babel\parser\lib\index.js:12170:14)
      at TypeScriptParserMixin.parseArrayLike (C:\Users\user\Desktop\opencode\frontend\node_modules\@babel\parser\lib\index.js:12086:26)
      at TypeScriptParserMixin.parseArrayLike (C:\Users\user\Desktop\opencode\frontend\node_modules\@babel\parser\lib\index.js:9214:24)
      at TypeScriptParserMixin.parseExprAtom (C:\Users\user\Desktop\opencode\frontend\node_modules\@babel\parser\lib\index.js:11361:23)
      at TypeScriptParserMixin.parseExprAtom (C:\Users\user\Desktop\opencode\frontend\node_modules\@babel\parser\lib\index.js:4780:20)
      at TypeScriptParserMixin.parseExprSubscripts (C:\Users\user\Desktop\opencode\frontend\node_modules\@babel\parser\lib\index.js:11102:23)
      at TypeScriptParserMixin.parseUpdate (C:\Users\user\Desktop\opencode\frontend\node_modules\@babel\parser\lib\index.js:11087:21)
      at TypeScriptParserMixin.parseMaybeUnary (C:\Users\user\Desktop\opencode\frontend\node_modules\@babel\parser\lib\index.js:11067:23)
      at TypeScriptParserMixin.parseMaybeUnary (C:\Users\user\Desktop\opencode\frontend\node_modules\@babel\parser\lib\index.js:9858:18)
      at TypeScriptParserMixin.parseMaybeUnaryOrPrivate (C:\Users\user\Desktop\opencode\frontend\node_modules\@babel\parser\lib\index.js:10920:61)
      at TypeScriptParserMixin.parseExprOps (C:\Users\user\Desktop\opencode\frontend\node_modules\@babel\parser\lib\index.js:10925:23)
      at TypeScriptParserMixin.parseMaybeConditional (C:\Users\user\Desktop\opencode\frontend\node_modules\@babel\parser\lib\index.js:10902:23)
      at TypeScriptParserMixin.parseMaybeAssign (C:\Users\user\Desktop\opencode\frontend\node_modules\@babel\parser\lib\index.js:10852:21)
      at TypeScriptParserMixin.parseMaybeAssign (C:\Users\user\Desktop\opencode\frontend\node_modules\@babel\parser\lib\index.js:9807:20)
      at TypeScriptParserMixin.parseExpressionBase (C:\Users\user\Desktop\opencode\frontend\node_modules\@babel\parser\lib\index.js:10805:23)
      at C:\Users\user\Desktop\opencode\frontend\node_modules\@babel\parser\lib\index.js:10801:39
      at TypeScriptParserMixin.allowInAnd (C:\Users\user\Desktop\opencode\frontend\node_modules\@babel\parser\lib\index.js:12455:12)
      at TypeScriptParserMixin.parseExpression (C:\Users\user\Desktop\opencode\frontend\node_modules\@babel\parser\lib\index.js:10801:17)
      at TypeScriptParserMixin.jsxParseExpressionContainer (C:\Users\user\Desktop\opencode\frontend\node_modules\@babel\parser\lib\index.js:4648:31)
      at TypeScriptParserMixin.jsxParseElementAt (C:\Users\user\Desktop\opencode\frontend\node_modules\@babel\parser\lib\index.js:4727:36)
      at TypeScriptParserMixin.jsxParseElementAt (C:\Users\user\Desktop\opencode\frontend\node_modules\@babel\parser\lib\index.js:4714:32)
      at TypeScriptParserMixin.jsxParseElement (C:\Users\user\Desktop\opencode\frontend\node_modules\@babel\parser\lib\index.js:4765:17)
      at TypeScriptParserMixin.parseExprAtom (C:\Users\user\Desktop\opencode\frontend\node_modules\@babel\parser\lib\index.js:4775:19)
      at TypeScriptParserMixin.parseExprSubscripts (C:\Users\user\Desktop\opencode\frontend\node_modules\@babel\parser\lib\index.js:11102:23)
      at TypeScriptParserMixin.parseUpdate (C:\Users\user\Desktop\opencode\frontend\node_modules\@babel\parser\lib\index.js:11087:21)
      at TypeScriptParserMixin.parseMaybeUnary (C:\Users\user\Desktop\opencode\frontend\node_modules\@babel\parser\lib\index.js:11067:23)
      at TypeScriptParserMixin.parseMaybeUnary (C:\Users\user\Desktop\opencode\frontend\node_modules\@babel\parser\lib\index.js:9858:18)
      at TypeScriptParserMixin.parseMaybeUnaryOrPrivate (C:\Users\user\Desktop\opencode\frontend\node_modules\@babel\parser\lib\index.js:10920:61)
      at TypeScriptParserMixin.parseExprOps (C:\Users\user\Desktop\opencode\frontend\node_modules\@babel\parser\lib\index.js:10925:23)
      at TypeScriptParserMixin.parseMaybeConditional (C:\Users\user\Desktop\opencode\frontend\node_modules\@babel\parser\lib\index.js:10902:23)
      at TypeScriptParserMixin.parseMaybeAssign (C:\Users\user\Desktop\opencode\frontend\node_modules\@babel\parser\lib\index.js:10852:21)
      at C:\Users\user\Desktop\opencode\frontend\node_modules\@babel\parser\lib\index.js:9796:39
      at TypeScriptParserMixin.tryParse (C:\Users\user\Desktop\opencode\frontend\node_modules\@babel\parser\lib\index.js:6928:20)
      at TypeScriptParserMixin.parseMaybeAssign (C:\Users\user\Desktop\opencode\frontend\node_modules\@babel\parser\lib\index.js:9796:18)
      at C:\Users\user\Desktop\opencode\frontend\node_modules\@babel\parser\lib\index.js:10821:39
      at TypeScriptParserMixin.allowInAnd (C:\Users\user\Desktop\opencode\frontend\node_modules\@babel\parser\lib\index.js:12455:12)
      at TypeScriptParserMixin.parseMaybeAssignAllowIn (C:\Users\user\Desktop\opencode\frontend\node_modules\@babel\parser\lib\index.js:10821:17)
      at TypeScriptParserMixin.parseMaybeAssignAllowInOrVoidPattern (C:\Users\user\Desktop\opencode\frontend\node_modules\@babel\parser\lib\index.js:12522:17)
      at TypeScriptParserMixin.parseParenAndDistinguishExpression (C:\Users\user\Desktop\opencode\frontend\node_modules\@babel\parser\lib\index.js:11701:28)
      at TypeScriptParserMixin.parseExprAtom (C:\Users\user\Desktop\opencode\frontend\node_modules\@babel\parser\lib\index.js:11357:23)
      at TypeScriptParserMixin.parseExprAtom (C:\Users\user\Desktop\opencode\frontend\node_modules\@babel\parser\lib\index.js:4780:20)
      at TypeScriptParserMixin.parseExprSubscripts (C:\Users\user\Desktop\opencode\frontend\node_modules\@babel\parser\lib\index.js:11102:23)
      at TypeScriptParserMixin.parseUpdate (C:\Users\user\Desktop\opencode\frontend\node_modules\@babel\parser\lib\index.js:11087:21)
      at TypeScriptParserMixin.parseMaybeUnary (C:\Users\user\Desktop\opencode\frontend\node_modules\@babel\parser\lib\index.js:11067:23)
      at TypeScriptParserMixin.parseMaybeUnary (C:\Users\user\Desktop\opencode\frontend\node_modules\@babel\parser\lib\index.js:9858:18)
      at TypeScriptParserMixin.parseMaybeUnaryOrPrivate (C:\Users\user\Desktop\opencode\frontend\node_modules\@babel\parser\lib\index.js:10920:61)
[2m18:50:50[22m [36m[1m[vite][22m[39m [32mhmr update [39m[2m/src/pages/MasterDashboard.tsx, /src/index.css[22m
[2m18:51:28[22m [36m[1m[vite][22m[39m [32mhmr update [39m[2m/src/pages/Admin.tsx, /src/index.css[22m
[2m18:51:50[22m [36m[1m[vite][22m[39m [32mhmr update [39m[2m/src/pages/Admin.tsx, /src/index.css[22m
[2m18:51:50[22m [31m[1m[vite][22m[39m [31mInternal server error: C:\Users\user\Desktop\opencode\frontend\src\pages\Admin.tsx: Unexpected token, expected "," (619:16)

[0m [90m 617 |[31m                 [33m<[31m[33m/[31m[33mdiv[31m[33m>[31m
 [90m 618 |[31m
[31m[1m>[22m[31m[90m 619 |[31m                 {[90m/* Grafico de Planos */[31m}
 [90m     |[31m                 [31m[1m^[22m[31m
 [90m 620 |[31m                 [33m<[31m[33mdiv[31m className[33m=[31m[32m"card space-y-3"[31m[33m>[31m
 [90m 621 |[31m                   [33m<[31m[33mh3[31m className[33m=[31m[32m"text-sm font-semibold text-gray-700 dark:text-gray-300"[31m[33m>[31m[33mPlanos[31m [33mAssinados[31m[33m<[31m[33m/[31m[33mh3[31m[33m>[31m
 [90m 622 |[31m                   {(() [33m=>[31m {[0m[39m
  Plugin: [35mvite:react-babel[39m
  File: [36mC:/Users/user/Desktop/opencode/frontend/src/pages/Admin.tsx[39m:619:16
[33m  617|                  </div>
  618|  
  619|                  {/* Grafico de Planos */}
     |                  ^
  620|                  <div className="card space-y-3">
  621|                    <h3 className="text-sm font-semibold text-gray-700 dark:text-gray-300">Planos Assinados</h3>[39m
      at constructor (C:\Users\user\Desktop\opencode\frontend\node_modules\@babel\parser\lib\index.js:369:19)
      at TypeScriptParserMixin.raise (C:\Users\user\Desktop\opencode\frontend\node_modules\@babel\parser\lib\index.js:6620:19)
      at TypeScriptParserMixin.unexpected (C:\Users\user\Desktop\opencode\frontend\node_modules\@babel\parser\lib\index.js:6640:16)
      at TypeScriptParserMixin.expect (C:\Users\user\Desktop\opencode\frontend\node_modules\@babel\parser\lib\index.js:6920:12)
      at TypeScriptParserMixin.parseExprList (C:\Users\user\Desktop\opencode\frontend\node_modules\@babel\parser\lib\index.js:12170:14)
      at TypeScriptParserMixin.parseArrayLike (C:\Users\user\Desktop\opencode\frontend\node_modules\@babel\parser\lib\index.js:12086:26)
      at TypeScriptParserMixin.parseArrayLike (C:\Users\user\Desktop\opencode\frontend\node_modules\@babel\parser\lib\index.js:9214:24)
      at TypeScriptParserMixin.parseExprAtom (C:\Users\user\Desktop\opencode\frontend\node_modules\@babel\parser\lib\index.js:11361:23)
      at TypeScriptParserMixin.parseExprAtom (C:\Users\user\Desktop\opencode\frontend\node_modules\@babel\parser\lib\index.js:4780:20)
      at TypeScriptParserMixin.parseExprSubscripts (C:\Users\user\Desktop\opencode\frontend\node_modules\@babel\parser\lib\index.js:11102:23)
      at TypeScriptParserMixin.parseUpdate (C:\Users\user\Desktop\opencode\frontend\node_modules\@babel\parser\lib\index.js:11087:21)
      at TypeScriptParserMixin.parseMaybeUnary (C:\Users\user\Desktop\opencode\frontend\node_modules\@babel\parser\lib\index.js:11067:23)
      at TypeScriptParserMixin.parseMaybeUnary (C:\Users\user\Desktop\opencode\frontend\node_modules\@babel\parser\lib\index.js:9858:18)
      at TypeScriptParserMixin.parseMaybeUnaryOrPrivate (C:\Users\user\Desktop\opencode\frontend\node_modules\@babel\parser\lib\index.js:10920:61)
      at TypeScriptParserMixin.parseExprOps (C:\Users\user\Desktop\opencode\frontend\node_modules\@babel\parser\lib\index.js:10925:23)
      at TypeScriptParserMixin.parseMaybeConditional (C:\Users\user\Desktop\opencode\frontend\node_modules\@babel\parser\lib\index.js:10902:23)
      at TypeScriptParserMixin.parseMaybeAssign (C:\Users\user\Desktop\opencode\frontend\node_modules\@babel\parser\lib\index.js:10852:21)
      at TypeScriptParserMixin.parseMaybeAssign (C:\Users\user\Desktop\opencode\frontend\node_modules\@babel\parser\lib\index.js:9807:20)
      at TypeScriptParserMixin.parseExpressionBase (C:\Users\user\Desktop\opencode\frontend\node_modules\@babel\parser\lib\index.js:10805:23)
      at C:\Users\user\Desktop\opencode\frontend\node_modules\@babel\parser\lib\index.js:10801:39
      at TypeScriptParserMixin.allowInAnd (C:\Users\user\Desktop\opencode\frontend\node_modules\@babel\parser\lib\index.js:12455:12)
      at TypeScriptParserMixin.parseExpression (C:\Users\user\Desktop\opencode\frontend\node_modules\@babel\parser\lib\index.js:10801:17)
      at TypeScriptParserMixin.jsxParseExpressionContainer (C:\Users\user\Desktop\opencode\frontend\node_modules\@babel\parser\lib\index.js:4648:31)
      at TypeScriptParserMixin.jsxParseElementAt (C:\Users\user\Desktop\opencode\frontend\node_modules\@babel\parser\lib\index.js:4727:36)
      at TypeScriptParserMixin.jsxParseElementAt (C:\Users\user\Desktop\opencode\frontend\node_modules\@babel\parser\lib\index.js:4714:32)
      at TypeScriptParserMixin.jsxParseElement (C:\Users\user\Desktop\opencode\frontend\node_modules\@babel\parser\lib\index.js:4765:17)
      at TypeScriptParserMixin.parseExprAtom (C:\Users\user\Desktop\opencode\frontend\node_modules\@babel\parser\lib\index.js:4775:19)
      at TypeScriptParserMixin.parseExprSubscripts (C:\Users\user\Desktop\opencode\frontend\node_modules\@babel\parser\lib\index.js:11102:23)
      at TypeScriptParserMixin.parseUpdate (C:\Users\user\Desktop\opencode\frontend\node_modules\@babel\parser\lib\index.js:11087:21)
      at TypeScriptParserMixin.parseMaybeUnary (C:\Users\user\Desktop\opencode\frontend\node_modules\@babel\parser\lib\index.js:11067:23)
      at TypeScriptParserMixin.parseMaybeUnary (C:\Users\user\Desktop\opencode\frontend\node_modules\@babel\parser\lib\index.js:9858:18)
      at TypeScriptParserMixin.parseMaybeUnaryOrPrivate (C:\Users\user\Desktop\opencode\frontend\node_modules\@babel\parser\lib\index.js:10920:61)
      at TypeScriptParserMixin.parseExprOps (C:\Users\user\Desktop\opencode\frontend\node_modules\@babel\parser\lib\index.js:10925:23)
      at TypeScriptParserMixin.parseMaybeConditional (C:\Users\user\Desktop\opencode\frontend\node_modules\@babel\parser\lib\index.js:10902:23)
      at TypeScriptParserMixin.parseMaybeAssign (C:\Users\user\Desktop\opencode\frontend\node_modules\@babel\parser\lib\index.js:10852:21)
      at C:\Users\user\Desktop\opencode\frontend\node_modules\@babel\parser\lib\index.js:9796:39
      at TypeScriptParserMixin.tryParse (C:\Users\user\Desktop\opencode\frontend\node_modules\@babel\parser\lib\index.js:6928:20)
      at TypeScriptParserMixin.parseMaybeAssign (C:\Users\user\Desktop\opencode\frontend\node_modules\@babel\parser\lib\index.js:9796:18)
      at C:\Users\user\Desktop\opencode\frontend\node_modules\@babel\parser\lib\index.js:10821:39
      at TypeScriptParserMixin.allowInAnd (C:\Users\user\Desktop\opencode\frontend\node_modules\@babel\parser\lib\index.js:12455:12)
      at TypeScriptParserMixin.parseMaybeAssignAllowIn (C:\Users\user\Desktop\opencode\frontend\node_modules\@babel\parser\lib\index.js:10821:17)
      at TypeScriptParserMixin.parseMaybeAssignAllowInOrVoidPattern (C:\Users\user\Desktop\opencode\frontend\node_modules\@babel\parser\lib\index.js:12522:17)
      at TypeScriptParserMixin.parseParenAndDistinguishExpression (C:\Users\user\Desktop\opencode\frontend\node_modules\@babel\parser\lib\index.js:11701:28)
      at TypeScriptParserMixin.parseExprAtom (C:\Users\user\Desktop\opencode\frontend\node_modules\@babel\parser\lib\index.js:11357:23)
      at TypeScriptParserMixin.parseExprAtom (C:\Users\user\Desktop\opencode\frontend\node_modules\@babel\parser\lib\index.js:4780:20)
      at TypeScriptParserMixin.parseExprSubscripts (C:\Users\user\Desktop\opencode\frontend\node_modules\@babel\parser\lib\index.js:11102:23)
      at TypeScriptParserMixin.parseUpdate (C:\Users\user\Desktop\opencode\frontend\node_modules\@babel\parser\lib\index.js:11087:21)
      at TypeScriptParserMixin.parseMaybeUnary (C:\Users\user\Desktop\opencode\frontend\node_modules\@babel\parser\lib\index.js:11067:23)
      at TypeScriptParserMixin.parseMaybeUnary (C:\Users\user\Desktop\opencode\frontend\node_modules\@babel\parser\lib\index.js:9858:18)
      at TypeScriptParserMixin.parseMaybeUnaryOrPrivate (C:\Users\user\Desktop\opencode\frontend\node_modules\@babel\parser\lib\index.js:10920:61)
[2m18:51:50[22m [31m[1m[vite][22m[39m [31mInternal server error: C:\Users\user\Desktop\opencode\frontend\src\pages\Admin.tsx: Unexpected token, expected "," (619:16)

[0m [90m 617 |[31m                 [33m<[31m[33m/[31m[33mdiv[31m[33m>[31m
 [90m 618 |[31m
[31m[1m>[22m[31m[90m 619 |[31m                 {[90m/* Grafico de Planos */[31m}
 [90m     |[31m                 [31m[1m^[22m[31m
 [90m 620 |[31m                 [33m<[31m[33mdiv[31m className[33m=[31m[32m"card space-y-3"[31m[33m>[31m
 [90m 621 |[31m                   [33m<[31m[33mh3[31m className[33m=[31m[32m"text-sm font-semibold text-gray-700 dark:text-gray-300"[31m[33m>[31m[33mPlanos[31m [33mAssinados[31m[33m<[31m[33m/[31m[33mh3[31m[33m>[31m
 [90m 622 |[31m                   {(() [33m=>[31m {[0m[39m
  Plugin: [35mvite:react-babel[39m
  File: [36mC:/Users/user/Desktop/opencode/frontend/src/pages/Admin.tsx[39m:619:16
[33m  617|                  </div>
  618|  
  619|                  {/* Grafico de Planos */}
     |                  ^
  620|                  <div className="card space-y-3">
  621|                    <h3 className="text-sm font-semibold text-gray-700 dark:text-gray-300">Planos Assinados</h3>[39m
      at constructor (C:\Users\user\Desktop\opencode\frontend\node_modules\@babel\parser\lib\index.js:369:19)
      at TypeScriptParserMixin.raise (C:\Users\user\Desktop\opencode\frontend\node_modules\@babel\parser\lib\index.js:6620:19)
      at TypeScriptParserMixin.unexpected (C:\Users\user\Desktop\opencode\frontend\node_modules\@babel\parser\lib\index.js:6640:16)
      at TypeScriptParserMixin.expect (C:\Users\user\Desktop\opencode\frontend\node_modules\@babel\parser\lib\index.js:6920:12)
      at TypeScriptParserMixin.parseExprList (C:\Users\user\Desktop\opencode\frontend\node_modules\@babel\parser\lib\index.js:12170:14)
      at TypeScriptParserMixin.parseArrayLike (C:\Users\user\Desktop\opencode\frontend\node_modules\@babel\parser\lib\index.js:12086:26)
      at TypeScriptParserMixin.parseArrayLike (C:\Users\user\Desktop\opencode\frontend\node_modules\@babel\parser\lib\index.js:9214:24)
      at TypeScriptParserMixin.parseExprAtom (C:\Users\user\Desktop\opencode\frontend\node_modules\@babel\parser\lib\index.js:11361:23)
      at TypeScriptParserMixin.parseExprAtom (C:\Users\user\Desktop\opencode\frontend\node_modules\@babel\parser\lib\index.js:4780:20)
      at TypeScriptParserMixin.parseExprSubscripts (C:\Users\user\Desktop\opencode\frontend\node_modules\@babel\parser\lib\index.js:11102:23)
      at TypeScriptParserMixin.parseUpdate (C:\Users\user\Desktop\opencode\frontend\node_modules\@babel\parser\lib\index.js:11087:21)
      at TypeScriptParserMixin.parseMaybeUnary (C:\Users\user\Desktop\opencode\frontend\node_modules\@babel\parser\lib\index.js:11067:23)
      at TypeScriptParserMixin.parseMaybeUnary (C:\Users\user\Desktop\opencode\frontend\node_modules\@babel\parser\lib\index.js:9858:18)
      at TypeScriptParserMixin.parseMaybeUnaryOrPrivate (C:\Users\user\Desktop\opencode\frontend\node_modules\@babel\parser\lib\index.js:10920:61)
      at TypeScriptParserMixin.parseExprOps (C:\Users\user\Desktop\opencode\frontend\node_modules\@babel\parser\lib\index.js:10925:23)
      at TypeScriptParserMixin.parseMaybeConditional (C:\Users\user\Desktop\opencode\frontend\node_modules\@babel\parser\lib\index.js:10902:23)
      at TypeScriptParserMixin.parseMaybeAssign (C:\Users\user\Desktop\opencode\frontend\node_modules\@babel\parser\lib\index.js:10852:21)
      at TypeScriptParserMixin.parseMaybeAssign (C:\Users\user\Desktop\opencode\frontend\node_modules\@babel\parser\lib\index.js:9807:20)
      at TypeScriptParserMixin.parseExpressionBase (C:\Users\user\Desktop\opencode\frontend\node_modules\@babel\parser\lib\index.js:10805:23)
      at C:\Users\user\Desktop\opencode\frontend\node_modules\@babel\parser\lib\index.js:10801:39
      at TypeScriptParserMixin.allowInAnd (C:\Users\user\Desktop\opencode\frontend\node_modules\@babel\parser\lib\index.js:12455:12)
      at TypeScriptParserMixin.parseExpression (C:\Users\user\Desktop\opencode\frontend\node_modules\@babel\parser\lib\index.js:10801:17)
      at TypeScriptParserMixin.jsxParseExpressionContainer (C:\Users\user\Desktop\opencode\frontend\node_modules\@babel\parser\lib\index.js:4648:31)
      at TypeScriptParserMixin.jsxParseElementAt (C:\Users\user\Desktop\opencode\frontend\node_modules\@babel\parser\lib\index.js:4727:36)
      at TypeScriptParserMixin.jsxParseElementAt (C:\Users\user\Desktop\opencode\frontend\node_modules\@babel\parser\lib\index.js:4714:32)
      at TypeScriptParserMixin.jsxParseElement (C:\Users\user\Desktop\opencode\frontend\node_modules\@babel\parser\lib\index.js:4765:17)
      at TypeScriptParserMixin.parseExprAtom (C:\Users\user\Desktop\opencode\frontend\node_modules\@babel\parser\lib\index.js:4775:19)
      at TypeScriptParserMixin.parseExprSubscripts (C:\Users\user\Desktop\opencode\frontend\node_modules\@babel\parser\lib\index.js:11102:23)
      at TypeScriptParserMixin.parseUpdate (C:\Users\user\Desktop\opencode\frontend\node_modules\@babel\parser\lib\index.js:11087:21)
      at TypeScriptParserMixin.parseMaybeUnary (C:\Users\user\Desktop\opencode\frontend\node_modules\@babel\parser\lib\index.js:11067:23)
      at TypeScriptParserMixin.parseMaybeUnary (C:\Users\user\Desktop\opencode\frontend\node_modules\@babel\parser\lib\index.js:9858:18)
      at TypeScriptParserMixin.parseMaybeUnaryOrPrivate (C:\Users\user\Desktop\opencode\frontend\node_modules\@babel\parser\lib\index.js:10920:61)
      at TypeScriptParserMixin.parseExprOps (C:\Users\user\Desktop\opencode\frontend\node_modules\@babel\parser\lib\index.js:10925:23)
      at TypeScriptParserMixin.parseMaybeConditional (C:\Users\user\Desktop\opencode\frontend\node_modules\@babel\parser\lib\index.js:10902:23)
      at TypeScriptParserMixin.parseMaybeAssign (C:\Users\user\Desktop\opencode\frontend\node_modules\@babel\parser\lib\index.js:10852:21)
      at C:\Users\user\Desktop\opencode\frontend\node_modules\@babel\parser\lib\index.js:9796:39
      at TypeScriptParserMixin.tryParse (C:\Users\user\Desktop\opencode\frontend\node_modules\@babel\parser\lib\index.js:6928:20)
      at TypeScriptParserMixin.parseMaybeAssign (C:\Users\user\Desktop\opencode\frontend\node_modules\@babel\parser\lib\index.js:9796:18)
      at C:\Users\user\Desktop\opencode\frontend\node_modules\@babel\parser\lib\index.js:10821:39
      at TypeScriptParserMixin.allowInAnd (C:\Users\user\Desktop\opencode\frontend\node_modules\@babel\parser\lib\index.js:12455:12)
      at TypeScriptParserMixin.parseMaybeAssignAllowIn (C:\Users\user\Desktop\opencode\frontend\node_modules\@babel\parser\lib\index.js:10821:17)
      at TypeScriptParserMixin.parseMaybeAssignAllowInOrVoidPattern (C:\Users\user\Desktop\opencode\frontend\node_modules\@babel\parser\lib\index.js:12522:17)
      at TypeScriptParserMixin.parseParenAndDistinguishExpression (C:\Users\user\Desktop\opencode\frontend\node_modules\@babel\parser\lib\index.js:11701:28)
      at TypeScriptParserMixin.parseExprAtom (C:\Users\user\Desktop\opencode\frontend\node_modules\@babel\parser\lib\index.js:11357:23)
      at TypeScriptParserMixin.parseExprAtom (C:\Users\user\Desktop\opencode\frontend\node_modules\@babel\parser\lib\index.js:4780:20)
      at TypeScriptParserMixin.parseExprSubscripts (C:\Users\user\Desktop\opencode\frontend\node_modules\@babel\parser\lib\index.js:11102:23)
      at TypeScriptParserMixin.parseUpdate (C:\Users\user\Desktop\opencode\frontend\node_modules\@babel\parser\lib\index.js:11087:21)
      at TypeScriptParserMixin.parseMaybeUnary (C:\Users\user\Desktop\opencode\frontend\node_modules\@babel\parser\lib\index.js:11067:23)
      at TypeScriptParserMixin.parseMaybeUnary (C:\Users\user\Desktop\opencode\frontend\node_modules\@babel\parser\lib\index.js:9858:18)
      at TypeScriptParserMixin.parseMaybeUnaryOrPrivate (C:\Users\user\Desktop\opencode\frontend\node_modules\@babel\parser\lib\index.js:10920:61)
[2m18:51:50[22m [31m[1m[vite][22m[39m [31mInternal server error: C:\Users\user\Desktop\opencode\frontend\src\pages\Admin.tsx: Unexpected token, expected "," (619:16)

[0m [90m 617 |[31m                 [33m<[31m[33m/[31m[33mdiv[31m[33m>[31m
 [90m 618 |[31m
[31m[1m>[22m[31m[90m 619 |[31m                 {[90m/* Grafico de Planos */[31m}
 [90m     |[31m                 [31m[1m^[22m[31m
 [90m 620 |[31m                 [33m<[31m[33mdiv[31m className[33m=[31m[32m"card space-y-3"[31m[33m>[31m
 [90m 621 |[31m                   [33m<[31m[33mh3[31m className[33m=[31m[32m"text-sm font-semibold text-gray-700 dark:text-gray-300"[31m[33m>[31m[33mPlanos[31m [33mAssinados[31m[33m<[31m[33m/[31m[33mh3[31m[33m>[31m
 [90m 622 |[31m                   {(() [33m=>[31m {[0m[39m
  Plugin: [35mvite:react-babel[39m
  File: [36mC:/Users/user/Desktop/opencode/frontend/src/pages/Admin.tsx[39m:619:16
[33m  617|                  </div>
  618|  
  619|                  {/* Grafico de Planos */}
     |                  ^
  620|                  <div className="card space-y-3">
  621|                    <h3 className="text-sm font-semibold text-gray-700 dark:text-gray-300">Planos Assinados</h3>[39m
      at constructor (C:\Users\user\Desktop\opencode\frontend\node_modules\@babel\parser\lib\index.js:369:19)
      at TypeScriptParserMixin.raise (C:\Users\user\Desktop\opencode\frontend\node_modules\@babel\parser\lib\index.js:6620:19)
      at TypeScriptParserMixin.unexpected (C:\Users\user\Desktop\opencode\frontend\node_modules\@babel\parser\lib\index.js:6640:16)
      at TypeScriptParserMixin.expect (C:\Users\user\Desktop\opencode\frontend\node_modules\@babel\parser\lib\index.js:6920:12)
      at TypeScriptParserMixin.parseExprList (C:\Users\user\Desktop\opencode\frontend\node_modules\@babel\parser\lib\index.js:12170:14)
      at TypeScriptParserMixin.parseArrayLike (C:\Users\user\Desktop\opencode\frontend\node_modules\@babel\parser\lib\index.js:12086:26)
      at TypeScriptParserMixin.parseArrayLike (C:\Users\user\Desktop\opencode\frontend\node_modules\@babel\parser\lib\index.js:9214:24)
      at TypeScriptParserMixin.parseExprAtom (C:\Users\user\Desktop\opencode\frontend\node_modules\@babel\parser\lib\index.js:11361:23)
      at TypeScriptParserMixin.parseExprAtom (C:\Users\user\Desktop\opencode\frontend\node_modules\@babel\parser\lib\index.js:4780:20)
      at TypeScriptParserMixin.parseExprSubscripts (C:\Users\user\Desktop\opencode\frontend\node_modules\@babel\parser\lib\index.js:11102:23)
      at TypeScriptParserMixin.parseUpdate (C:\Users\user\Desktop\opencode\frontend\node_modules\@babel\parser\lib\index.js:11087:21)
      at TypeScriptParserMixin.parseMaybeUnary (C:\Users\user\Desktop\opencode\frontend\node_modules\@babel\parser\lib\index.js:11067:23)
      at TypeScriptParserMixin.parseMaybeUnary (C:\Users\user\Desktop\opencode\frontend\node_modules\@babel\parser\lib\index.js:9858:18)
      at TypeScriptParserMixin.parseMaybeUnaryOrPrivate (C:\Users\user\Desktop\opencode\frontend\node_modules\@babel\parser\lib\index.js:10920:61)
      at TypeScriptParserMixin.parseExprOps (C:\Users\user\Desktop\opencode\frontend\node_modules\@babel\parser\lib\index.js:10925:23)
      at TypeScriptParserMixin.parseMaybeConditional (C:\Users\user\Desktop\opencode\frontend\node_modules\@babel\parser\lib\index.js:10902:23)
      at TypeScriptParserMixin.parseMaybeAssign (C:\Users\user\Desktop\opencode\frontend\node_modules\@babel\parser\lib\index.js:10852:21)
      at TypeScriptParserMixin.parseMaybeAssign (C:\Users\user\Desktop\opencode\frontend\node_modules\@babel\parser\lib\index.js:9807:20)
      at TypeScriptParserMixin.parseExpressionBase (C:\Users\user\Desktop\opencode\frontend\node_modules\@babel\parser\lib\index.js:10805:23)
      at C:\Users\user\Desktop\opencode\frontend\node_modules\@babel\parser\lib\index.js:10801:39
      at TypeScriptParserMixin.allowInAnd (C:\Users\user\Desktop\opencode\frontend\node_modules\@babel\parser\lib\index.js:12455:12)
      at TypeScriptParserMixin.parseExpression (C:\Users\user\Desktop\opencode\frontend\node_modules\@babel\parser\lib\index.js:10801:17)
      at TypeScriptParserMixin.jsxParseExpressionContainer (C:\Users\user\Desktop\opencode\frontend\node_modules\@babel\parser\lib\index.js:4648:31)
      at TypeScriptParserMixin.jsxParseElementAt (C:\Users\user\Desktop\opencode\frontend\node_modules\@babel\parser\lib\index.js:4727:36)
      at TypeScriptParserMixin.jsxParseElementAt (C:\Users\user\Desktop\opencode\frontend\node_modules\@babel\parser\lib\index.js:4714:32)
      at TypeScriptParserMixin.jsxParseElement (C:\Users\user\Desktop\opencode\frontend\node_modules\@babel\parser\lib\index.js:4765:17)
      at TypeScriptParserMixin.parseExprAtom (C:\Users\user\Desktop\opencode\frontend\node_modules\@babel\parser\lib\index.js:4775:19)
      at TypeScriptParserMixin.parseExprSubscripts (C:\Users\user\Desktop\opencode\frontend\node_modules\@babel\parser\lib\index.js:11102:23)
      at TypeScriptParserMixin.parseUpdate (C:\Users\user\Desktop\opencode\frontend\node_modules\@babel\parser\lib\index.js:11087:21)
      at TypeScriptParserMixin.parseMaybeUnary (C:\Users\user\Desktop\opencode\frontend\node_modules\@babel\parser\lib\index.js:11067:23)
      at TypeScriptParserMixin.parseMaybeUnary (C:\Users\user\Desktop\opencode\frontend\node_modules\@babel\parser\lib\index.js:9858:18)
      at TypeScriptParserMixin.parseMaybeUnaryOrPrivate (C:\Users\user\Desktop\opencode\frontend\node_modules\@babel\parser\lib\index.js:10920:61)
      at TypeScriptParserMixin.parseExprOps (C:\Users\user\Desktop\opencode\frontend\node_modules\@babel\parser\lib\index.js:10925:23)
      at TypeScriptParserMixin.parseMaybeConditional (C:\Users\user\Desktop\opencode\frontend\node_modules\@babel\parser\lib\index.js:10902:23)
      at TypeScriptParserMixin.parseMaybeAssign (C:\Users\user\Desktop\opencode\frontend\node_modules\@babel\parser\lib\index.js:10852:21)
      at C:\Users\user\Desktop\opencode\frontend\node_modules\@babel\parser\lib\index.js:9796:39
      at TypeScriptParserMixin.tryParse (C:\Users\user\Desktop\opencode\frontend\node_modules\@babel\parser\lib\index.js:6928:20)
      at TypeScriptParserMixin.parseMaybeAssign (C:\Users\user\Desktop\opencode\frontend\node_modules\@babel\parser\lib\index.js:9796:18)
      at C:\Users\user\Desktop\opencode\frontend\node_modules\@babel\parser\lib\index.js:10821:39
      at TypeScriptParserMixin.allowInAnd (C:\Users\user\Desktop\opencode\frontend\node_modules\@babel\parser\lib\index.js:12455:12)
      at TypeScriptParserMixin.parseMaybeAssignAllowIn (C:\Users\user\Desktop\opencode\frontend\node_modules\@babel\parser\lib\index.js:10821:17)
      at TypeScriptParserMixin.parseMaybeAssignAllowInOrVoidPattern (C:\Users\user\Desktop\opencode\frontend\node_modules\@babel\parser\lib\index.js:12522:17)
      at TypeScriptParserMixin.parseParenAndDistinguishExpression (C:\Users\user\Desktop\opencode\frontend\node_modules\@babel\parser\lib\index.js:11701:28)
      at TypeScriptParserMixin.parseExprAtom (C:\Users\user\Desktop\opencode\frontend\node_modules\@babel\parser\lib\index.js:11357:23)
      at TypeScriptParserMixin.parseExprAtom (C:\Users\user\Desktop\opencode\frontend\node_modules\@babel\parser\lib\index.js:4780:20)
      at TypeScriptParserMixin.parseExprSubscripts (C:\Users\user\Desktop\opencode\frontend\node_modules\@babel\parser\lib\index.js:11102:23)
      at TypeScriptParserMixin.parseUpdate (C:\Users\user\Desktop\opencode\frontend\node_modules\@babel\parser\lib\index.js:11087:21)
      at TypeScriptParserMixin.parseMaybeUnary (C:\Users\user\Desktop\opencode\frontend\node_modules\@babel\parser\lib\index.js:11067:23)
      at TypeScriptParserMixin.parseMaybeUnary (C:\Users\user\Desktop\opencode\frontend\node_modules\@babel\parser\lib\index.js:9858:18)
      at TypeScriptParserMixin.parseMaybeUnaryOrPrivate (C:\Users\user\Desktop\opencode\frontend\node_modules\@babel\parser\lib\index.js:10920:61)
[2m18:51:50[22m [31m[1m[vite][22m[39m [31mInternal server error: C:\Users\user\Desktop\opencode\frontend\src\pages\Admin.tsx: Unexpected token, expected "," (619:16)

[0m [90m 617 |[31m                 [33m<[31m[33m/[31m[33mdiv[31m[33m>[31m
 [90m 618 |[31m
[31m[1m>[22m[31m[90m 619 |[31m                 {[90m/* Grafico de Planos */[31m}
 [90m     |[31m                 [31m[1m^[22m[31m
 [90m 620 |[31m                 [33m<[31m[33mdiv[31m className[33m=[31m[32m"card space-y-3"[31m[33m>[31m
 [90m 621 |[31m                   [33m<[31m[33mh3[31m className[33m=[31m[32m"text-sm font-semibold text-gray-700 dark:text-gray-300"[31m[33m>[31m[33mPlanos[31m [33mAssinados[31m[33m<[31m[33m/[31m[33mh3[31m[33m>[31m
 [90m 622 |[31m                   {(() [33m=>[31m {[0m[39m
  Plugin: [35mvite:react-babel[39m
  File: [36mC:/Users/user/Desktop/opencode/frontend/src/pages/Admin.tsx[39m:619:16
[33m  617|                  </div>
  618|  
  619|                  {/* Grafico de Planos */}
     |                  ^
  620|                  <div className="card space-y-3">
  621|                    <h3 className="text-sm font-semibold text-gray-700 dark:text-gray-300">Planos Assinados</h3>[39m
      at constructor (C:\Users\user\Desktop\opencode\frontend\node_modules\@babel\parser\lib\index.js:369:19)
      at TypeScriptParserMixin.raise (C:\Users\user\Desktop\opencode\frontend\node_modules\@babel\parser\lib\index.js:6620:19)
      at TypeScriptParserMixin.unexpected (C:\Users\user\Desktop\opencode\frontend\node_modules\@babel\parser\lib\index.js:6640:16)
      at TypeScriptParserMixin.expect (C:\Users\user\Desktop\opencode\frontend\node_modules\@babel\parser\lib\index.js:6920:12)
      at TypeScriptParserMixin.parseExprList (C:\Users\user\Desktop\opencode\frontend\node_modules\@babel\parser\lib\index.js:12170:14)
      at TypeScriptParserMixin.parseArrayLike (C:\Users\user\Desktop\opencode\frontend\node_modules\@babel\parser\lib\index.js:12086:26)
      at TypeScriptParserMixin.parseArrayLike (C:\Users\user\Desktop\opencode\frontend\node_modules\@babel\parser\lib\index.js:9214:24)
      at TypeScriptParserMixin.parseExprAtom (C:\Users\user\Desktop\opencode\frontend\node_modules\@babel\parser\lib\index.js:11361:23)
      at TypeScriptParserMixin.parseExprAtom (C:\Users\user\Desktop\opencode\frontend\node_modules\@babel\parser\lib\index.js:4780:20)
      at TypeScriptParserMixin.parseExprSubscripts (C:\Users\user\Desktop\opencode\frontend\node_modules\@babel\parser\lib\index.js:11102:23)
      at TypeScriptParserMixin.parseUpdate (C:\Users\user\Desktop\opencode\frontend\node_modules\@babel\parser\lib\index.js:11087:21)
      at TypeScriptParserMixin.parseMaybeUnary (C:\Users\user\Desktop\opencode\frontend\node_modules\@babel\parser\lib\index.js:11067:23)
      at TypeScriptParserMixin.parseMaybeUnary (C:\Users\user\Desktop\opencode\frontend\node_modules\@babel\parser\lib\index.js:9858:18)
      at TypeScriptParserMixin.parseMaybeUnaryOrPrivate (C:\Users\user\Desktop\opencode\frontend\node_modules\@babel\parser\lib\index.js:10920:61)
      at TypeScriptParserMixin.parseExprOps (C:\Users\user\Desktop\opencode\frontend\node_modules\@babel\parser\lib\index.js:10925:23)
      at TypeScriptParserMixin.parseMaybeConditional (C:\Users\user\Desktop\opencode\frontend\node_modules\@babel\parser\lib\index.js:10902:23)
      at TypeScriptParserMixin.parseMaybeAssign (C:\Users\user\Desktop\opencode\frontend\node_modules\@babel\parser\lib\index.js:10852:21)
      at TypeScriptParserMixin.parseMaybeAssign (C:\Users\user\Desktop\opencode\frontend\node_modules\@babel\parser\lib\index.js:9807:20)
      at TypeScriptParserMixin.parseExpressionBase (C:\Users\user\Desktop\opencode\frontend\node_modules\@babel\parser\lib\index.js:10805:23)
      at C:\Users\user\Desktop\opencode\frontend\node_modules\@babel\parser\lib\index.js:10801:39
      at TypeScriptParserMixin.allowInAnd (C:\Users\user\Desktop\opencode\frontend\node_modules\@babel\parser\lib\index.js:12455:12)
      at TypeScriptParserMixin.parseExpression (C:\Users\user\Desktop\opencode\frontend\node_modules\@babel\parser\lib\index.js:10801:17)
      at TypeScriptParserMixin.jsxParseExpressionContainer (C:\Users\user\Desktop\opencode\frontend\node_modules\@babel\parser\lib\index.js:4648:31)
      at TypeScriptParserMixin.jsxParseElementAt (C:\Users\user\Desktop\opencode\frontend\node_modules\@babel\parser\lib\index.js:4727:36)
      at TypeScriptParserMixin.jsxParseElementAt (C:\Users\user\Desktop\opencode\frontend\node_modules\@babel\parser\lib\index.js:4714:32)
      at TypeScriptParserMixin.jsxParseElement (C:\Users\user\Desktop\opencode\frontend\node_modules\@babel\parser\lib\index.js:4765:17)
      at TypeScriptParserMixin.parseExprAtom (C:\Users\user\Desktop\opencode\frontend\node_modules\@babel\parser\lib\index.js:4775:19)
      at TypeScriptParserMixin.parseExprSubscripts (C:\Users\user\Desktop\opencode\frontend\node_modules\@babel\parser\lib\index.js:11102:23)
      at TypeScriptParserMixin.parseUpdate (C:\Users\user\Desktop\opencode\frontend\node_modules\@babel\parser\lib\index.js:11087:21)
      at TypeScriptParserMixin.parseMaybeUnary (C:\Users\user\Desktop\opencode\frontend\node_modules\@babel\parser\lib\index.js:11067:23)
      at TypeScriptParserMixin.parseMaybeUnary (C:\Users\user\Desktop\opencode\frontend\node_modules\@babel\parser\lib\index.js:9858:18)
      at TypeScriptParserMixin.parseMaybeUnaryOrPrivate (C:\Users\user\Desktop\opencode\frontend\node_modules\@babel\parser\lib\index.js:10920:61)
      at TypeScriptParserMixin.parseExprOps (C:\Users\user\Desktop\opencode\frontend\node_modules\@babel\parser\lib\index.js:10925:23)
      at TypeScriptParserMixin.parseMaybeConditional (C:\Users\user\Desktop\opencode\frontend\node_modules\@babel\parser\lib\index.js:10902:23)
      at TypeScriptParserMixin.parseMaybeAssign (C:\Users\user\Desktop\opencode\frontend\node_modules\@babel\parser\lib\index.js:10852:21)
      at C:\Users\user\Desktop\opencode\frontend\node_modules\@babel\parser\lib\index.js:9796:39
      at TypeScriptParserMixin.tryParse (C:\Users\user\Desktop\opencode\frontend\node_modules\@babel\parser\lib\index.js:6928:20)
      at TypeScriptParserMixin.parseMaybeAssign (C:\Users\user\Desktop\opencode\frontend\node_modules\@babel\parser\lib\index.js:9796:18)
      at C:\Users\user\Desktop\opencode\frontend\node_modules\@babel\parser\lib\index.js:10821:39
      at TypeScriptParserMixin.allowInAnd (C:\Users\user\Desktop\opencode\frontend\node_modules\@babel\parser\lib\index.js:12455:12)
      at TypeScriptParserMixin.parseMaybeAssignAllowIn (C:\Users\user\Desktop\opencode\frontend\node_modules\@babel\parser\lib\index.js:10821:17)
      at TypeScriptParserMixin.parseMaybeAssignAllowInOrVoidPattern (C:\Users\user\Desktop\opencode\frontend\node_modules\@babel\parser\lib\index.js:12522:17)
      at TypeScriptParserMixin.parseParenAndDistinguishExpression (C:\Users\user\Desktop\opencode\frontend\node_modules\@babel\parser\lib\index.js:11701:28)
      at TypeScriptParserMixin.parseExprAtom (C:\Users\user\Desktop\opencode\frontend\node_modules\@babel\parser\lib\index.js:11357:23)
      at TypeScriptParserMixin.parseExprAtom (C:\Users\user\Desktop\opencode\frontend\node_modules\@babel\parser\lib\index.js:4780:20)
      at TypeScriptParserMixin.parseExprSubscripts (C:\Users\user\Desktop\opencode\frontend\node_modules\@babel\parser\lib\index.js:11102:23)
      at TypeScriptParserMixin.parseUpdate (C:\Users\user\Desktop\opencode\frontend\node_modules\@babel\parser\lib\index.js:11087:21)
      at TypeScriptParserMixin.parseMaybeUnary (C:\Users\user\Desktop\opencode\frontend\node_modules\@babel\parser\lib\index.js:11067:23)
      at TypeScriptParserMixin.parseMaybeUnary (C:\Users\user\Desktop\opencode\frontend\node_modules\@babel\parser\lib\index.js:9858:18)
      at TypeScriptParserMixin.parseMaybeUnaryOrPrivate (C:\Users\user\Desktop\opencode\frontend\node_modules\@babel\parser\lib\index.js:10920:61)
[2m18:51:55[22m [36m[1m[vite][22m[39m [32mhmr update [39m[2m/src/pages/Admin.tsx, /src/index.css[22m
[2m18:51:55[22m [31m[1m[vite][22m[39m [31mInternal server error: C:\Users\user\Desktop\opencode\frontend\src\pages\Admin.tsx: Adjacent JSX elements must be wrapped in an enclosing tag. Did you want a JSX fragment <>...</>? (671:14)

[0m [90m 669 |[31m                   })()}
 [90m 670 |[31m                 [33m<[31m[33m/[31m[33mdiv[31m[33m>[31m
[31m[1m>[22m[31m[90m 671 |[31m               [33m<[31m[33m/[31m[33mdiv[31m[33m>[31m
 [90m     |[31m               [31m[1m^[22m[31m
 [90m 672 |[31m
 [90m 673 |[31m               {[90m/* Grafico de Saldos e Despesas por Mes */[31m}
 [90m 674 |[31m               [33m<[31m[33mdiv[31m className[33m=[31m[32m"card space-y-4"[31m[33m>[31m[0m[39m
  Plugin: [35mvite:react-babel[39m
  File: [36mC:/Users/user/Desktop/opencode/frontend/src/pages/Admin.tsx[39m:671:14
[33m  669|                    })()}
  670|                  </div>
  671|                </div>
     |                ^
  672|  
  673|                {/* Grafico de Saldos e Despesas por Mes */}[39m
      at constructor (C:\Users\user\Desktop\opencode\frontend\node_modules\@babel\parser\lib\index.js:369:19)
      at TypeScriptParserMixin.raise (C:\Users\user\Desktop\opencode\frontend\node_modules\@babel\parser\lib\index.js:6620:19)
      at TypeScriptParserMixin.jsxParseElementAt (C:\Users\user\Desktop\opencode\frontend\node_modules\@babel\parser\lib\index.js:4758:18)
      at TypeScriptParserMixin.jsxParseElement (C:\Users\user\Desktop\opencode\frontend\node_modules\@babel\parser\lib\index.js:4765:17)
      at TypeScriptParserMixin.parseExprAtom (C:\Users\user\Desktop\opencode\frontend\node_modules\@babel\parser\lib\index.js:4775:19)
      at TypeScriptParserMixin.parseExprSubscripts (C:\Users\user\Desktop\opencode\frontend\node_modules\@babel\parser\lib\index.js:11102:23)
      at TypeScriptParserMixin.parseUpdate (C:\Users\user\Desktop\opencode\frontend\node_modules\@babel\parser\lib\index.js:11087:21)
      at TypeScriptParserMixin.parseMaybeUnary (C:\Users\user\Desktop\opencode\frontend\node_modules\@babel\parser\lib\index.js:11067:23)
      at TypeScriptParserMixin.parseMaybeUnary (C:\Users\user\Desktop\opencode\frontend\node_modules\@babel\parser\lib\index.js:9858:18)
      at TypeScriptParserMixin.parseMaybeUnaryOrPrivate (C:\Users\user\Desktop\opencode\frontend\node_modules\@babel\parser\lib\index.js:10920:61)
      at TypeScriptParserMixin.parseExprOps (C:\Users\user\Desktop\opencode\frontend\node_modules\@babel\parser\lib\index.js:10925:23)
      at TypeScriptParserMixin.parseMaybeConditional (C:\Users\user\Desktop\opencode\frontend\node_modules\@babel\parser\lib\index.js:10902:23)
      at TypeScriptParserMixin.parseMaybeAssign (C:\Users\user\Desktop\opencode\frontend\node_modules\@babel\parser\lib\index.js:10852:21)
      at C:\Users\user\Desktop\opencode\frontend\node_modules\@babel\parser\lib\index.js:9796:39
      at TypeScriptParserMixin.tryParse (C:\Users\user\Desktop\opencode\frontend\node_modules\@babel\parser\lib\index.js:6928:20)
      at TypeScriptParserMixin.parseMaybeAssign (C:\Users\user\Desktop\opencode\frontend\node_modules\@babel\parser\lib\index.js:9796:18)
      at C:\Users\user\Desktop\opencode\frontend\node_modules\@babel\parser\lib\index.js:10821:39
      at TypeScriptParserMixin.allowInAnd (C:\Users\user\Desktop\opencode\frontend\node_modules\@babel\parser\lib\index.js:12455:12)
      at TypeScriptParserMixin.parseMaybeAssignAllowIn (C:\Users\user\Desktop\opencode\frontend\node_modules\@babel\parser\lib\index.js:10821:17)
      at TypeScriptParserMixin.parseMaybeAssignAllowInOrVoidPattern (C:\Users\user\Desktop\opencode\frontend\node_modules\@babel\parser\lib\index.js:12522:17)
      at TypeScriptParserMixin.parseExprListItem (C:\Users\user\Desktop\opencode\frontend\node_modules\@babel\parser\lib\index.js:12204:18)
      at TypeScriptParserMixin.parseExprList (C:\Users\user\Desktop\opencode\frontend\node_modules\@babel\parser\lib\index.js:12179:22)
      at TypeScriptParserMixin.parseArrayLike (C:\Users\user\Desktop\opencode\frontend\node_modules\@babel\parser\lib\index.js:12086:26)
      at TypeScriptParserMixin.parseArrayLike (C:\Users\user\Desktop\opencode\frontend\node_modules\@babel\parser\lib\index.js:9214:24)
      at TypeScriptParserMixin.parseExprAtom (C:\Users\user\Desktop\opencode\frontend\node_modules\@babel\parser\lib\index.js:11361:23)
      at TypeScriptParserMixin.parseExprAtom (C:\Users\user\Desktop\opencode\frontend\node_modules\@babel\parser\lib\index.js:4780:20)
      at TypeScriptParserMixin.parseExprSubscripts (C:\Users\user\Desktop\opencode\frontend\node_modules\@babel\parser\lib\index.js:11102:23)
      at TypeScriptParserMixin.parseUpdate (C:\Users\user\Desktop\opencode\frontend\node_modules\@babel\parser\lib\index.js:11087:21)
      at TypeScriptParserMixin.parseMaybeUnary (C:\Users\user\Desktop\opencode\frontend\node_modules\@babel\parser\lib\index.js:11067:23)
      at TypeScriptParserMixin.parseMaybeUnary (C:\Users\user\Desktop\opencode\frontend\node_modules\@babel\parser\lib\index.js:9858:18)
      at TypeScriptParserMixin.parseMaybeUnaryOrPrivate (C:\Users\user\Desktop\opencode\frontend\node_modules\@babel\parser\lib\index.js:10920:61)
      at TypeScriptParserMixin.parseExprOps (C:\Users\user\Desktop\opencode\frontend\node_modules\@babel\parser\lib\index.js:10925:23)
      at TypeScriptParserMixin.parseMaybeConditional (C:\Users\user\Desktop\opencode\frontend\node_modules\@babel\parser\lib\index.js:10902:23)
      at TypeScriptParserMixin.parseMaybeAssign (C:\Users\user\Desktop\opencode\frontend\node_modules\@babel\parser\lib\index.js:10852:21)
      at TypeScriptParserMixin.parseMaybeAssign (C:\Users\user\Desktop\opencode\frontend\node_modules\@babel\parser\lib\index.js:9807:20)
      at TypeScriptParserMixin.parseExpressionBase (C:\Users\user\Desktop\opencode\frontend\node_modules\@babel\parser\lib\index.js:10805:23)
      at C:\Users\user\Desktop\opencode\frontend\node_modules\@babel\parser\lib\index.js:10801:39
      at TypeScriptParserMixin.allowInAnd (C:\Users\user\Desktop\opencode\frontend\node_modules\@babel\parser\lib\index.js:12455:12)
      at TypeScriptParserMixin.parseExpression (C:\Users\user\Desktop\opencode\frontend\node_modules\@babel\parser\lib\index.js:10801:17)
      at TypeScriptParserMixin.jsxParseExpressionContainer (C:\Users\user\Desktop\opencode\frontend\node_modules\@babel\parser\lib\index.js:4648:31)
      at TypeScriptParserMixin.jsxParseElementAt (C:\Users\user\Desktop\opencode\frontend\node_modules\@babel\parser\lib\index.js:4727:36)
      at TypeScriptParserMixin.jsxParseElementAt (C:\Users\user\Desktop\opencode\frontend\node_modules\@babel\parser\lib\index.js:4714:32)
      at TypeScriptParserMixin.jsxParseElement (C:\Users\user\Desktop\opencode\frontend\node_modules\@babel\parser\lib\index.js:4765:17)
      at TypeScriptParserMixin.parseExprAtom (C:\Users\user\Desktop\opencode\frontend\node_modules\@babel\parser\lib\index.js:4775:19)
      at TypeScriptParserMixin.parseExprSubscripts (C:\Users\user\Desktop\opencode\frontend\node_modules\@babel\parser\lib\index.js:11102:23)
      at TypeScriptParserMixin.parseUpdate (C:\Users\user\Desktop\opencode\frontend\node_modules\@babel\parser\lib\index.js:11087:21)
      at TypeScriptParserMixin.parseMaybeUnary (C:\Users\user\Desktop\opencode\frontend\node_modules\@babel\parser\lib\index.js:11067:23)
      at TypeScriptParserMixin.parseMaybeUnary (C:\Users\user\Desktop\opencode\frontend\node_modules\@babel\parser\lib\index.js:9858:18)
      at TypeScriptParserMixin.parseMaybeUnaryOrPrivate (C:\Users\user\Desktop\opencode\frontend\node_modules\@babel\parser\lib\index.js:10920:61)
      at TypeScriptParserMixin.parseExprOps (C:\Users\user\Desktop\opencode\frontend\node_modules\@babel\parser\lib\index.js:10925:23)
[2m18:51:55[22m [31m[1m[vite][22m[39m [31mInternal server error: C:\Users\user\Desktop\opencode\frontend\src\pages\Admin.tsx: Adjacent JSX elements must be wrapped in an enclosing tag. Did you want a JSX fragment <>...</>? (671:14)

[0m [90m 669 |[31m                   })()}
 [90m 670 |[31m                 [33m<[31m[33m/[31m[33mdiv[31m[33m>[31m
[31m[1m>[22m[31m[90m 671 |[31m               [33m<[31m[33m/[31m[33mdiv[31m[33m>[31m
 [90m     |[31m               [31m[1m^[22m[31m
 [90m 672 |[31m
 [90m 673 |[31m               {[90m/* Grafico de Saldos e Despesas por Mes */[31m}
 [90m 674 |[31m               [33m<[31m[33mdiv[31m className[33m=[31m[32m"card space-y-4"[31m[33m>[31m[0m[39m
  Plugin: [35mvite:react-babel[39m
  File: [36mC:/Users/user/Desktop/opencode/frontend/src/pages/Admin.tsx[39m:671:14
[33m  669|                    })()}
  670|                  </div>
  671|                </div>
     |                ^
  672|  
  673|                {/* Grafico de Saldos e Despesas por Mes */}[39m
      at constructor (C:\Users\user\Desktop\opencode\frontend\node_modules\@babel\parser\lib\index.js:369:19)
      at TypeScriptParserMixin.raise (C:\Users\user\Desktop\opencode\frontend\node_modules\@babel\parser\lib\index.js:6620:19)
      at TypeScriptParserMixin.jsxParseElementAt (C:\Users\user\Desktop\opencode\frontend\node_modules\@babel\parser\lib\index.js:4758:18)
      at TypeScriptParserMixin.jsxParseElement (C:\Users\user\Desktop\opencode\frontend\node_modules\@babel\parser\lib\index.js:4765:17)
      at TypeScriptParserMixin.parseExprAtom (C:\Users\user\Desktop\opencode\frontend\node_modules\@babel\parser\lib\index.js:4775:19)
      at TypeScriptParserMixin.parseExprSubscripts (C:\Users\user\Desktop\opencode\frontend\node_modules\@babel\parser\lib\index.js:11102:23)
      at TypeScriptParserMixin.parseUpdate (C:\Users\user\Desktop\opencode\frontend\node_modules\@babel\parser\lib\index.js:11087:21)
      at TypeScriptParserMixin.parseMaybeUnary (C:\Users\user\Desktop\opencode\frontend\node_modules\@babel\parser\lib\index.js:11067:23)
      at TypeScriptParserMixin.parseMaybeUnary (C:\Users\user\Desktop\opencode\frontend\node_modules\@babel\parser\lib\index.js:9858:18)
      at TypeScriptParserMixin.parseMaybeUnaryOrPrivate (C:\Users\user\Desktop\opencode\frontend\node_modules\@babel\parser\lib\index.js:10920:61)
      at TypeScriptParserMixin.parseExprOps (C:\Users\user\Desktop\opencode\frontend\node_modules\@babel\parser\lib\index.js:10925:23)
      at TypeScriptParserMixin.parseMaybeConditional (C:\Users\user\Desktop\opencode\frontend\node_modules\@babel\parser\lib\index.js:10902:23)
      at TypeScriptParserMixin.parseMaybeAssign (C:\Users\user\Desktop\opencode\frontend\node_modules\@babel\parser\lib\index.js:10852:21)
      at C:\Users\user\Desktop\opencode\frontend\node_modules\@babel\parser\lib\index.js:9796:39
      at TypeScriptParserMixin.tryParse (C:\Users\user\Desktop\opencode\frontend\node_modules\@babel\parser\lib\index.js:6928:20)
      at TypeScriptParserMixin.parseMaybeAssign (C:\Users\user\Desktop\opencode\frontend\node_modules\@babel\parser\lib\index.js:9796:18)
      at C:\Users\user\Desktop\opencode\frontend\node_modules\@babel\parser\lib\index.js:10821:39
      at TypeScriptParserMixin.allowInAnd (C:\Users\user\Desktop\opencode\frontend\node_modules\@babel\parser\lib\index.js:12455:12)
      at TypeScriptParserMixin.parseMaybeAssignAllowIn (C:\Users\user\Desktop\opencode\frontend\node_modules\@babel\parser\lib\index.js:10821:17)
      at TypeScriptParserMixin.parseMaybeAssignAllowInOrVoidPattern (C:\Users\user\Desktop\opencode\frontend\node_modules\@babel\parser\lib\index.js:12522:17)
      at TypeScriptParserMixin.parseExprListItem (C:\Users\user\Desktop\opencode\frontend\node_modules\@babel\parser\lib\index.js:12204:18)
      at TypeScriptParserMixin.parseExprList (C:\Users\user\Desktop\opencode\frontend\node_modules\@babel\parser\lib\index.js:12179:22)
      at TypeScriptParserMixin.parseArrayLike (C:\Users\user\Desktop\opencode\frontend\node_modules\@babel\parser\lib\index.js:12086:26)
      at TypeScriptParserMixin.parseArrayLike (C:\Users\user\Desktop\opencode\frontend\node_modules\@babel\parser\lib\index.js:9214:24)
      at TypeScriptParserMixin.parseExprAtom (C:\Users\user\Desktop\opencode\frontend\node_modules\@babel\parser\lib\index.js:11361:23)
      at TypeScriptParserMixin.parseExprAtom (C:\Users\user\Desktop\opencode\frontend\node_modules\@babel\parser\lib\index.js:4780:20)
      at TypeScriptParserMixin.parseExprSubscripts (C:\Users\user\Desktop\opencode\frontend\node_modules\@babel\parser\lib\index.js:11102:23)
      at TypeScriptParserMixin.parseUpdate (C:\Users\user\Desktop\opencode\frontend\node_modules\@babel\parser\lib\index.js:11087:21)
      at TypeScriptParserMixin.parseMaybeUnary (C:\Users\user\Desktop\opencode\frontend\node_modules\@babel\parser\lib\index.js:11067:23)
      at TypeScriptParserMixin.parseMaybeUnary (C:\Users\user\Desktop\opencode\frontend\node_modules\@babel\parser\lib\index.js:9858:18)
      at TypeScriptParserMixin.parseMaybeUnaryOrPrivate (C:\Users\user\Desktop\opencode\frontend\node_modules\@babel\parser\lib\index.js:10920:61)
      at TypeScriptParserMixin.parseExprOps (C:\Users\user\Desktop\opencode\frontend\node_modules\@babel\parser\lib\index.js:10925:23)
      at TypeScriptParserMixin.parseMaybeConditional (C:\Users\user\Desktop\opencode\frontend\node_modules\@babel\parser\lib\index.js:10902:23)
      at TypeScriptParserMixin.parseMaybeAssign (C:\Users\user\Desktop\opencode\frontend\node_modules\@babel\parser\lib\index.js:10852:21)
      at TypeScriptParserMixin.parseMaybeAssign (C:\Users\user\Desktop\opencode\frontend\node_modules\@babel\parser\lib\index.js:9807:20)
      at TypeScriptParserMixin.parseExpressionBase (C:\Users\user\Desktop\opencode\frontend\node_modules\@babel\parser\lib\index.js:10805:23)
      at C:\Users\user\Desktop\opencode\frontend\node_modules\@babel\parser\lib\index.js:10801:39
      at TypeScriptParserMixin.allowInAnd (C:\Users\user\Desktop\opencode\frontend\node_modules\@babel\parser\lib\index.js:12455:12)
      at TypeScriptParserMixin.parseExpression (C:\Users\user\Desktop\opencode\frontend\node_modules\@babel\parser\lib\index.js:10801:17)
      at TypeScriptParserMixin.jsxParseExpressionContainer (C:\Users\user\Desktop\opencode\frontend\node_modules\@babel\parser\lib\index.js:4648:31)
      at TypeScriptParserMixin.jsxParseElementAt (C:\Users\user\Desktop\opencode\frontend\node_modules\@babel\parser\lib\index.js:4727:36)
      at TypeScriptParserMixin.jsxParseElementAt (C:\Users\user\Desktop\opencode\frontend\node_modules\@babel\parser\lib\index.js:4714:32)
      at TypeScriptParserMixin.jsxParseElement (C:\Users\user\Desktop\opencode\frontend\node_modules\@babel\parser\lib\index.js:4765:17)
      at TypeScriptParserMixin.parseExprAtom (C:\Users\user\Desktop\opencode\frontend\node_modules\@babel\parser\lib\index.js:4775:19)
      at TypeScriptParserMixin.parseExprSubscripts (C:\Users\user\Desktop\opencode\frontend\node_modules\@babel\parser\lib\index.js:11102:23)
      at TypeScriptParserMixin.parseUpdate (C:\Users\user\Desktop\opencode\frontend\node_modules\@babel\parser\lib\index.js:11087:21)
      at TypeScriptParserMixin.parseMaybeUnary (C:\Users\user\Desktop\opencode\frontend\node_modules\@babel\parser\lib\index.js:11067:23)
      at TypeScriptParserMixin.parseMaybeUnary (C:\Users\user\Desktop\opencode\frontend\node_modules\@babel\parser\lib\index.js:9858:18)
      at TypeScriptParserMixin.parseMaybeUnaryOrPrivate (C:\Users\user\Desktop\opencode\frontend\node_modules\@babel\parser\lib\index.js:10920:61)
      at TypeScriptParserMixin.parseExprOps (C:\Users\user\Desktop\opencode\frontend\node_modules\@babel\parser\lib\index.js:10925:23)
[2m18:51:55[22m [31m[1m[vite][22m[39m [31mInternal server error: C:\Users\user\Desktop\opencode\frontend\src\pages\Admin.tsx: Adjacent JSX elements must be wrapped in an enclosing tag. Did you want a JSX fragment <>...</>? (671:14)

[0m [90m 669 |[31m                   })()}
 [90m 670 |[31m                 [33m<[31m[33m/[31m[33mdiv[31m[33m>[31m
[31m[1m>[22m[31m[90m 671 |[31m               [33m<[31m[33m/[31m[33mdiv[31m[33m>[31m
 [90m     |[31m               [31m[1m^[22m[31m
 [90m 672 |[31m
 [90m 673 |[31m               {[90m/* Grafico de Saldos e Despesas por Mes */[31m}
 [90m 674 |[31m               [33m<[31m[33mdiv[31m className[33m=[31m[32m"card space-y-4"[31m[33m>[31m[0m[39m
  Plugin: [35mvite:react-babel[39m
  File: [36mC:/Users/user/Desktop/opencode/frontend/src/pages/Admin.tsx[39m:671:14
[33m  669|                    })()}
  670|                  </div>
  671|                </div>
     |                ^
  672|  
  673|                {/* Grafico de Saldos e Despesas por Mes */}[39m
      at constructor (C:\Users\user\Desktop\opencode\frontend\node_modules\@babel\parser\lib\index.js:369:19)
      at TypeScriptParserMixin.raise (C:\Users\user\Desktop\opencode\frontend\node_modules\@babel\parser\lib\index.js:6620:19)
      at TypeScriptParserMixin.jsxParseElementAt (C:\Users\user\Desktop\opencode\frontend\node_modules\@babel\parser\lib\index.js:4758:18)
      at TypeScriptParserMixin.jsxParseElement (C:\Users\user\Desktop\opencode\frontend\node_modules\@babel\parser\lib\index.js:4765:17)
      at TypeScriptParserMixin.parseExprAtom (C:\Users\user\Desktop\opencode\frontend\node_modules\@babel\parser\lib\index.js:4775:19)
      at TypeScriptParserMixin.parseExprSubscripts (C:\Users\user\Desktop\opencode\frontend\node_modules\@babel\parser\lib\index.js:11102:23)
      at TypeScriptParserMixin.parseUpdate (C:\Users\user\Desktop\opencode\frontend\node_modules\@babel\parser\lib\index.js:11087:21)
      at TypeScriptParserMixin.parseMaybeUnary (C:\Users\user\Desktop\opencode\frontend\node_modules\@babel\parser\lib\index.js:11067:23)
      at TypeScriptParserMixin.parseMaybeUnary (C:\Users\user\Desktop\opencode\frontend\node_modules\@babel\parser\lib\index.js:9858:18)
      at TypeScriptParserMixin.parseMaybeUnaryOrPrivate (C:\Users\user\Desktop\opencode\frontend\node_modules\@babel\parser\lib\index.js:10920:61)
      at TypeScriptParserMixin.parseExprOps (C:\Users\user\Desktop\opencode\frontend\node_modules\@babel\parser\lib\index.js:10925:23)
      at TypeScriptParserMixin.parseMaybeConditional (C:\Users\user\Desktop\opencode\frontend\node_modules\@babel\parser\lib\index.js:10902:23)
      at TypeScriptParserMixin.parseMaybeAssign (C:\Users\user\Desktop\opencode\frontend\node_modules\@babel\parser\lib\index.js:10852:21)
      at C:\Users\user\Desktop\opencode\frontend\node_modules\@babel\parser\lib\index.js:9796:39
      at TypeScriptParserMixin.tryParse (C:\Users\user\Desktop\opencode\frontend\node_modules\@babel\parser\lib\index.js:6928:20)
      at TypeScriptParserMixin.parseMaybeAssign (C:\Users\user\Desktop\opencode\frontend\node_modules\@babel\parser\lib\index.js:9796:18)
      at C:\Users\user\Desktop\opencode\frontend\node_modules\@babel\parser\lib\index.js:10821:39
      at TypeScriptParserMixin.allowInAnd (C:\Users\user\Desktop\opencode\frontend\node_modules\@babel\parser\lib\index.js:12455:12)
      at TypeScriptParserMixin.parseMaybeAssignAllowIn (C:\Users\user\Desktop\opencode\frontend\node_modules\@babel\parser\lib\index.js:10821:17)
      at TypeScriptParserMixin.parseMaybeAssignAllowInOrVoidPattern (C:\Users\user\Desktop\opencode\frontend\node_modules\@babel\parser\lib\index.js:12522:17)
      at TypeScriptParserMixin.parseExprListItem (C:\Users\user\Desktop\opencode\frontend\node_modules\@babel\parser\lib\index.js:12204:18)
      at TypeScriptParserMixin.parseExprList (C:\Users\user\Desktop\opencode\frontend\node_modules\@babel\parser\lib\index.js:12179:22)
      at TypeScriptParserMixin.parseArrayLike (C:\Users\user\Desktop\opencode\frontend\node_modules\@babel\parser\lib\index.js:12086:26)
      at TypeScriptParserMixin.parseArrayLike (C:\Users\user\Desktop\opencode\frontend\node_modules\@babel\parser\lib\index.js:9214:24)
      at TypeScriptParserMixin.parseExprAtom (C:\Users\user\Desktop\opencode\frontend\node_modules\@babel\parser\lib\index.js:11361:23)
      at TypeScriptParserMixin.parseExprAtom (C:\Users\user\Desktop\opencode\frontend\node_modules\@babel\parser\lib\index.js:4780:20)
      at TypeScriptParserMixin.parseExprSubscripts (C:\Users\user\Desktop\opencode\frontend\node_modules\@babel\parser\lib\index.js:11102:23)
      at TypeScriptParserMixin.parseUpdate (C:\Users\user\Desktop\opencode\frontend\node_modules\@babel\parser\lib\index.js:11087:21)
      at TypeScriptParserMixin.parseMaybeUnary (C:\Users\user\Desktop\opencode\frontend\node_modules\@babel\parser\lib\index.js:11067:23)
      at TypeScriptParserMixin.parseMaybeUnary (C:\Users\user\Desktop\opencode\frontend\node_modules\@babel\parser\lib\index.js:9858:18)
      at TypeScriptParserMixin.parseMaybeUnaryOrPrivate (C:\Users\user\Desktop\opencode\frontend\node_modules\@babel\parser\lib\index.js:10920:61)
      at TypeScriptParserMixin.parseExprOps (C:\Users\user\Desktop\opencode\frontend\node_modules\@babel\parser\lib\index.js:10925:23)
      at TypeScriptParserMixin.parseMaybeConditional (C:\Users\user\Desktop\opencode\frontend\node_modules\@babel\parser\lib\index.js:10902:23)
      at TypeScriptParserMixin.parseMaybeAssign (C:\Users\user\Desktop\opencode\frontend\node_modules\@babel\parser\lib\index.js:10852:21)
      at TypeScriptParserMixin.parseMaybeAssign (C:\Users\user\Desktop\opencode\frontend\node_modules\@babel\parser\lib\index.js:9807:20)
      at TypeScriptParserMixin.parseExpressionBase (C:\Users\user\Desktop\opencode\frontend\node_modules\@babel\parser\lib\index.js:10805:23)
      at C:\Users\user\Desktop\opencode\frontend\node_modules\@babel\parser\lib\index.js:10801:39
      at TypeScriptParserMixin.allowInAnd (C:\Users\user\Desktop\opencode\frontend\node_modules\@babel\parser\lib\index.js:12455:12)
      at TypeScriptParserMixin.parseExpression (C:\Users\user\Desktop\opencode\frontend\node_modules\@babel\parser\lib\index.js:10801:17)
      at TypeScriptParserMixin.jsxParseExpressionContainer (C:\Users\user\Desktop\opencode\frontend\node_modules\@babel\parser\lib\index.js:4648:31)
      at TypeScriptParserMixin.jsxParseElementAt (C:\Users\user\Desktop\opencode\frontend\node_modules\@babel\parser\lib\index.js:4727:36)
      at TypeScriptParserMixin.jsxParseElementAt (C:\Users\user\Desktop\opencode\frontend\node_modules\@babel\parser\lib\index.js:4714:32)
      at TypeScriptParserMixin.jsxParseElement (C:\Users\user\Desktop\opencode\frontend\node_modules\@babel\parser\lib\index.js:4765:17)
      at TypeScriptParserMixin.parseExprAtom (C:\Users\user\Desktop\opencode\frontend\node_modules\@babel\parser\lib\index.js:4775:19)
      at TypeScriptParserMixin.parseExprSubscripts (C:\Users\user\Desktop\opencode\frontend\node_modules\@babel\parser\lib\index.js:11102:23)
      at TypeScriptParserMixin.parseUpdate (C:\Users\user\Desktop\opencode\frontend\node_modules\@babel\parser\lib\index.js:11087:21)
      at TypeScriptParserMixin.parseMaybeUnary (C:\Users\user\Desktop\opencode\frontend\node_modules\@babel\parser\lib\index.js:11067:23)
      at TypeScriptParserMixin.parseMaybeUnary (C:\Users\user\Desktop\opencode\frontend\node_modules\@babel\parser\lib\index.js:9858:18)
      at TypeScriptParserMixin.parseMaybeUnaryOrPrivate (C:\Users\user\Desktop\opencode\frontend\node_modules\@babel\parser\lib\index.js:10920:61)
      at TypeScriptParserMixin.parseExprOps (C:\Users\user\Desktop\opencode\frontend\node_modules\@babel\parser\lib\index.js:10925:23)
[2m18:51:56[22m [31m[1m[vite][22m[39m [31mInternal server error: C:\Users\user\Desktop\opencode\frontend\src\pages\Admin.tsx: Adjacent JSX elements must be wrapped in an enclosing tag. Did you want a JSX fragment <>...</>? (671:14)

[0m [90m 669 |[31m                   })()}
 [90m 670 |[31m                 [33m<[31m[33m/[31m[33mdiv[31m[33m>[31m
[31m[1m>[22m[31m[90m 671 |[31m               [33m<[31m[33m/[31m[33mdiv[31m[33m>[31m
 [90m     |[31m               [31m[1m^[22m[31m
 [90m 672 |[31m
 [90m 673 |[31m               {[90m/* Grafico de Saldos e Despesas por Mes */[31m}
 [90m 674 |[31m               [33m<[31m[33mdiv[31m className[33m=[31m[32m"card space-y-4"[31m[33m>[31m[0m[39m
  Plugin: [35mvite:react-babel[39m
  File: [36mC:/Users/user/Desktop/opencode/frontend/src/pages/Admin.tsx[39m:671:14
[33m  669|                    })()}
  670|                  </div>
  671|                </div>
     |                ^
  672|  
  673|                {/* Grafico de Saldos e Despesas por Mes */}[39m
      at constructor (C:\Users\user\Desktop\opencode\frontend\node_modules\@babel\parser\lib\index.js:369:19)
      at TypeScriptParserMixin.raise (C:\Users\user\Desktop\opencode\frontend\node_modules\@babel\parser\lib\index.js:6620:19)
      at TypeScriptParserMixin.jsxParseElementAt (C:\Users\user\Desktop\opencode\frontend\node_modules\@babel\parser\lib\index.js:4758:18)
      at TypeScriptParserMixin.jsxParseElement (C:\Users\user\Desktop\opencode\frontend\node_modules\@babel\parser\lib\index.js:4765:17)
      at TypeScriptParserMixin.parseExprAtom (C:\Users\user\Desktop\opencode\frontend\node_modules\@babel\parser\lib\index.js:4775:19)
      at TypeScriptParserMixin.parseExprSubscripts (C:\Users\user\Desktop\opencode\frontend\node_modules\@babel\parser\lib\index.js:11102:23)
      at TypeScriptParserMixin.parseUpdate (C:\Users\user\Desktop\opencode\frontend\node_modules\@babel\parser\lib\index.js:11087:21)
      at TypeScriptParserMixin.parseMaybeUnary (C:\Users\user\Desktop\opencode\frontend\node_modules\@babel\parser\lib\index.js:11067:23)
      at TypeScriptParserMixin.parseMaybeUnary (C:\Users\user\Desktop\opencode\frontend\node_modules\@babel\parser\lib\index.js:9858:18)
      at TypeScriptParserMixin.parseMaybeUnaryOrPrivate (C:\Users\user\Desktop\opencode\frontend\node_modules\@babel\parser\lib\index.js:10920:61)
      at TypeScriptParserMixin.parseExprOps (C:\Users\user\Desktop\opencode\frontend\node_modules\@babel\parser\lib\index.js:10925:23)
      at TypeScriptParserMixin.parseMaybeConditional (C:\Users\user\Desktop\opencode\frontend\node_modules\@babel\parser\lib\index.js:10902:23)
      at TypeScriptParserMixin.parseMaybeAssign (C:\Users\user\Desktop\opencode\frontend\node_modules\@babel\parser\lib\index.js:10852:21)
      at C:\Users\user\Desktop\opencode\frontend\node_modules\@babel\parser\lib\index.js:9796:39
      at TypeScriptParserMixin.tryParse (C:\Users\user\Desktop\opencode\frontend\node_modules\@babel\parser\lib\index.js:6928:20)
      at TypeScriptParserMixin.parseMaybeAssign (C:\Users\user\Desktop\opencode\frontend\node_modules\@babel\parser\lib\index.js:9796:18)
      at C:\Users\user\Desktop\opencode\frontend\node_modules\@babel\parser\lib\index.js:10821:39
      at TypeScriptParserMixin.allowInAnd (C:\Users\user\Desktop\opencode\frontend\node_modules\@babel\parser\lib\index.js:12455:12)
      at TypeScriptParserMixin.parseMaybeAssignAllowIn (C:\Users\user\Desktop\opencode\frontend\node_modules\@babel\parser\lib\index.js:10821:17)
      at TypeScriptParserMixin.parseMaybeAssignAllowInOrVoidPattern (C:\Users\user\Desktop\opencode\frontend\node_modules\@babel\parser\lib\index.js:12522:17)
      at TypeScriptParserMixin.parseExprListItem (C:\Users\user\Desktop\opencode\frontend\node_modules\@babel\parser\lib\index.js:12204:18)
      at TypeScriptParserMixin.parseExprList (C:\Users\user\Desktop\opencode\frontend\node_modules\@babel\parser\lib\index.js:12179:22)
      at TypeScriptParserMixin.parseArrayLike (C:\Users\user\Desktop\opencode\frontend\node_modules\@babel\parser\lib\index.js:12086:26)
      at TypeScriptParserMixin.parseArrayLike (C:\Users\user\Desktop\opencode\frontend\node_modules\@babel\parser\lib\index.js:9214:24)
      at TypeScriptParserMixin.parseExprAtom (C:\Users\user\Desktop\opencode\frontend\node_modules\@babel\parser\lib\index.js:11361:23)
      at TypeScriptParserMixin.parseExprAtom (C:\Users\user\Desktop\opencode\frontend\node_modules\@babel\parser\lib\index.js:4780:20)
      at TypeScriptParserMixin.parseExprSubscripts (C:\Users\user\Desktop\opencode\frontend\node_modules\@babel\parser\lib\index.js:11102:23)
      at TypeScriptParserMixin.parseUpdate (C:\Users\user\Desktop\opencode\frontend\node_modules\@babel\parser\lib\index.js:11087:21)
      at TypeScriptParserMixin.parseMaybeUnary (C:\Users\user\Desktop\opencode\frontend\node_modules\@babel\parser\lib\index.js:11067:23)
      at TypeScriptParserMixin.parseMaybeUnary (C:\Users\user\Desktop\opencode\frontend\node_modules\@babel\parser\lib\index.js:9858:18)
      at TypeScriptParserMixin.parseMaybeUnaryOrPrivate (C:\Users\user\Desktop\opencode\frontend\node_modules\@babel\parser\lib\index.js:10920:61)
      at TypeScriptParserMixin.parseExprOps (C:\Users\user\Desktop\opencode\frontend\node_modules\@babel\parser\lib\index.js:10925:23)
      at TypeScriptParserMixin.parseMaybeConditional (C:\Users\user\Desktop\opencode\frontend\node_modules\@babel\parser\lib\index.js:10902:23)
      at TypeScriptParserMixin.parseMaybeAssign (C:\Users\user\Desktop\opencode\frontend\node_modules\@babel\parser\lib\index.js:10852:21)
      at TypeScriptParserMixin.parseMaybeAssign (C:\Users\user\Desktop\opencode\frontend\node_modules\@babel\parser\lib\index.js:9807:20)
      at TypeScriptParserMixin.parseExpressionBase (C:\Users\user\Desktop\opencode\frontend\node_modules\@babel\parser\lib\index.js:10805:23)
      at C:\Users\user\Desktop\opencode\frontend\node_modules\@babel\parser\lib\index.js:10801:39
      at TypeScriptParserMixin.allowInAnd (C:\Users\user\Desktop\opencode\frontend\node_modules\@babel\parser\lib\index.js:12455:12)
      at TypeScriptParserMixin.parseExpression (C:\Users\user\Desktop\opencode\frontend\node_modules\@babel\parser\lib\index.js:10801:17)
      at TypeScriptParserMixin.jsxParseExpressionContainer (C:\Users\user\Desktop\opencode\frontend\node_modules\@babel\parser\lib\index.js:4648:31)
      at TypeScriptParserMixin.jsxParseElementAt (C:\Users\user\Desktop\opencode\frontend\node_modules\@babel\parser\lib\index.js:4727:36)
      at TypeScriptParserMixin.jsxParseElementAt (C:\Users\user\Desktop\opencode\frontend\node_modules\@babel\parser\lib\index.js:4714:32)
      at TypeScriptParserMixin.jsxParseElement (C:\Users\user\Desktop\opencode\frontend\node_modules\@babel\parser\lib\index.js:4765:17)
      at TypeScriptParserMixin.parseExprAtom (C:\Users\user\Desktop\opencode\frontend\node_modules\@babel\parser\lib\index.js:4775:19)
      at TypeScriptParserMixin.parseExprSubscripts (C:\Users\user\Desktop\opencode\frontend\node_modules\@babel\parser\lib\index.js:11102:23)
      at TypeScriptParserMixin.parseUpdate (C:\Users\user\Desktop\opencode\frontend\node_modules\@babel\parser\lib\index.js:11087:21)
      at TypeScriptParserMixin.parseMaybeUnary (C:\Users\user\Desktop\opencode\frontend\node_modules\@babel\parser\lib\index.js:11067:23)
      at TypeScriptParserMixin.parseMaybeUnary (C:\Users\user\Desktop\opencode\frontend\node_modules\@babel\parser\lib\index.js:9858:18)
      at TypeScriptParserMixin.parseMaybeUnaryOrPrivate (C:\Users\user\Desktop\opencode\frontend\node_modules\@babel\parser\lib\index.js:10920:61)
      at TypeScriptParserMixin.parseExprOps (C:\Users\user\Desktop\opencode\frontend\node_modules\@babel\parser\lib\index.js:10925:23)
[2m18:52:02[22m [36m[1m[vite][22m[39m [32mhmr update [39m[2m/src/pages/Admin.tsx, /src/index.css[22m
[2m18:52:02[22m [31m[1m[vite][22m[39m [31mInternal server error: C:\Users\user\Desktop\opencode\frontend\src\pages\Admin.tsx: Adjacent JSX elements must be wrapped in an enclosing tag. Did you want a JSX fragment <>...</>? (738:12)

[0m [90m 736 |[31m                 )}
 [90m 737 |[31m               [33m<[31m[33m/[31m[33mdiv[31m[33m>[31m
[31m[1m>[22m[31m[90m 738 |[31m             [33m<[31m[33m/[31m[33m>[31m
 [90m     |[31m             [31m[1m^[22m[31m
 [90m 739 |[31m           )}
 [90m 740 |[31m
 [90m 741 |[31m           {activeTab [33m!==[31m [32m'overview'[31m [33m&&[31m activeTab [33m!==[31m [32m'users'[31m [33m&&[31m activeTab [33m!==[31m [32m'logs'[31m [33m&&[31m activeTab [33m!==[31m [32m'admins'[31m [33m&&[31m activeTab [33m!==[31m [32m'configs'[31m [33m&&[31m ([0m[39m
  Plugin: [35mvite:react-babel[39m
  File: [36mC:/Users/user/Desktop/opencode/frontend/src/pages/Admin.tsx[39m:738:12
[33m  736|                  )}
  737|                </div>
  738|              </>
     |              ^
  739|            )}
  740|  [39m
      at constructor (C:\Users\user\Desktop\opencode\frontend\node_modules\@babel\parser\lib\index.js:369:19)
      at TypeScriptParserMixin.raise (C:\Users\user\Desktop\opencode\frontend\node_modules\@babel\parser\lib\index.js:6620:19)
      at TypeScriptParserMixin.jsxParseElementAt (C:\Users\user\Desktop\opencode\frontend\node_modules\@babel\parser\lib\index.js:4758:18)
      at TypeScriptParserMixin.jsxParseElement (C:\Users\user\Desktop\opencode\frontend\node_modules\@babel\parser\lib\index.js:4765:17)
      at TypeScriptParserMixin.parseExprAtom (C:\Users\user\Desktop\opencode\frontend\node_modules\@babel\parser\lib\index.js:4775:19)
      at TypeScriptParserMixin.parseExprSubscripts (C:\Users\user\Desktop\opencode\frontend\node_modules\@babel\parser\lib\index.js:11102:23)
      at TypeScriptParserMixin.parseUpdate (C:\Users\user\Desktop\opencode\frontend\node_modules\@babel\parser\lib\index.js:11087:21)
      at TypeScriptParserMixin.parseMaybeUnary (C:\Users\user\Desktop\opencode\frontend\node_modules\@babel\parser\lib\index.js:11067:23)
      at TypeScriptParserMixin.parseMaybeUnary (C:\Users\user\Desktop\opencode\frontend\node_modules\@babel\parser\lib\index.js:9858:18)
      at TypeScriptParserMixin.parseMaybeUnaryOrPrivate (C:\Users\user\Desktop\opencode\frontend\node_modules\@babel\parser\lib\index.js:10920:61)
      at TypeScriptParserMixin.parseExprOps (C:\Users\user\Desktop\opencode\frontend\node_modules\@babel\parser\lib\index.js:10925:23)
      at TypeScriptParserMixin.parseMaybeConditional (C:\Users\user\Desktop\opencode\frontend\node_modules\@babel\parser\lib\index.js:10902:23)
      at TypeScriptParserMixin.parseMaybeAssign (C:\Users\user\Desktop\opencode\frontend\node_modules\@babel\parser\lib\index.js:10852:21)
      at C:\Users\user\Desktop\opencode\frontend\node_modules\@babel\parser\lib\index.js:9796:39
      at TypeScriptParserMixin.tryParse (C:\Users\user\Desktop\opencode\frontend\node_modules\@babel\parser\lib\index.js:6928:20)
      at TypeScriptParserMixin.parseMaybeAssign (C:\Users\user\Desktop\opencode\frontend\node_modules\@babel\parser\lib\index.js:9796:18)
      at C:\Users\user\Desktop\opencode\frontend\node_modules\@babel\parser\lib\index.js:10821:39
      at TypeScriptParserMixin.allowInAnd (C:\Users\user\Desktop\opencode\frontend\node_modules\@babel\parser\lib\index.js:12455:12)
      at TypeScriptParserMixin.parseMaybeAssignAllowIn (C:\Users\user\Desktop\opencode\frontend\node_modules\@babel\parser\lib\index.js:10821:17)
      at TypeScriptParserMixin.parseMaybeAssignAllowInOrVoidPattern (C:\Users\user\Desktop\opencode\frontend\node_modules\@babel\parser\lib\index.js:12522:17)
      at TypeScriptParserMixin.parseExprListItem (C:\Users\user\Desktop\opencode\frontend\node_modules\@babel\parser\lib\index.js:12204:18)
      at TypeScriptParserMixin.parseExprList (C:\Users\user\Desktop\opencode\frontend\node_modules\@babel\parser\lib\index.js:12179:22)
      at TypeScriptParserMixin.parseArrayLike (C:\Users\user\Desktop\opencode\frontend\node_modules\@babel\parser\lib\index.js:12086:26)
      at TypeScriptParserMixin.parseArrayLike (C:\Users\user\Desktop\opencode\frontend\node_modules\@babel\parser\lib\index.js:9214:24)
      at TypeScriptParserMixin.parseExprAtom (C:\Users\user\Desktop\opencode\frontend\node_modules\@babel\parser\lib\index.js:11361:23)
      at TypeScriptParserMixin.parseExprAtom (C:\Users\user\Desktop\opencode\frontend\node_modules\@babel\parser\lib\index.js:4780:20)
      at TypeScriptParserMixin.parseExprSubscripts (C:\Users\user\Desktop\opencode\frontend\node_modules\@babel\parser\lib\index.js:11102:23)
      at TypeScriptParserMixin.parseUpdate (C:\Users\user\Desktop\opencode\frontend\node_modules\@babel\parser\lib\index.js:11087:21)
      at TypeScriptParserMixin.parseMaybeUnary (C:\Users\user\Desktop\opencode\frontend\node_modules\@babel\parser\lib\index.js:11067:23)
      at TypeScriptParserMixin.parseMaybeUnary (C:\Users\user\Desktop\opencode\frontend\node_modules\@babel\parser\lib\index.js:9858:18)
      at TypeScriptParserMixin.parseMaybeUnaryOrPrivate (C:\Users\user\Desktop\opencode\frontend\node_modules\@babel\parser\lib\index.js:10920:61)
      at TypeScriptParserMixin.parseExprOps (C:\Users\user\Desktop\opencode\frontend\node_modules\@babel\parser\lib\index.js:10925:23)
      at TypeScriptParserMixin.parseMaybeConditional (C:\Users\user\Desktop\opencode\frontend\node_modules\@babel\parser\lib\index.js:10902:23)
      at TypeScriptParserMixin.parseMaybeAssign (C:\Users\user\Desktop\opencode\frontend\node_modules\@babel\parser\lib\index.js:10852:21)
      at TypeScriptParserMixin.parseMaybeAssign (C:\Users\user\Desktop\opencode\frontend\node_modules\@babel\parser\lib\index.js:9807:20)
      at TypeScriptParserMixin.parseExpressionBase (C:\Users\user\Desktop\opencode\frontend\node_modules\@babel\parser\lib\index.js:10805:23)
      at C:\Users\user\Desktop\opencode\frontend\node_modules\@babel\parser\lib\index.js:10801:39
      at TypeScriptParserMixin.allowInAnd (C:\Users\user\Desktop\opencode\frontend\node_modules\@babel\parser\lib\index.js:12455:12)
      at TypeScriptParserMixin.parseExpression (C:\Users\user\Desktop\opencode\frontend\node_modules\@babel\parser\lib\index.js:10801:17)
      at TypeScriptParserMixin.jsxParseExpressionContainer (C:\Users\user\Desktop\opencode\frontend\node_modules\@babel\parser\lib\index.js:4648:31)
      at TypeScriptParserMixin.jsxParseElementAt (C:\Users\user\Desktop\opencode\frontend\node_modules\@babel\parser\lib\index.js:4727:36)
      at TypeScriptParserMixin.jsxParseElementAt (C:\Users\user\Desktop\opencode\frontend\node_modules\@babel\parser\lib\index.js:4714:32)
      at TypeScriptParserMixin.jsxParseElement (C:\Users\user\Desktop\opencode\frontend\node_modules\@babel\parser\lib\index.js:4765:17)
      at TypeScriptParserMixin.parseExprAtom (C:\Users\user\Desktop\opencode\frontend\node_modules\@babel\parser\lib\index.js:4775:19)
      at TypeScriptParserMixin.parseExprSubscripts (C:\Users\user\Desktop\opencode\frontend\node_modules\@babel\parser\lib\index.js:11102:23)
      at TypeScriptParserMixin.parseUpdate (C:\Users\user\Desktop\opencode\frontend\node_modules\@babel\parser\lib\index.js:11087:21)
      at TypeScriptParserMixin.parseMaybeUnary (C:\Users\user\Desktop\opencode\frontend\node_modules\@babel\parser\lib\index.js:11067:23)
      at TypeScriptParserMixin.parseMaybeUnary (C:\Users\user\Desktop\opencode\frontend\node_modules\@babel\parser\lib\index.js:9858:18)
      at TypeScriptParserMixin.parseMaybeUnaryOrPrivate (C:\Users\user\Desktop\opencode\frontend\node_modules\@babel\parser\lib\index.js:10920:61)
      at TypeScriptParserMixin.parseExprOps (C:\Users\user\Desktop\opencode\frontend\node_modules\@babel\parser\lib\index.js:10925:23)
[2m18:52:02[22m [31m[1m[vite][22m[39m [31mInternal server error: C:\Users\user\Desktop\opencode\frontend\src\pages\Admin.tsx: Adjacent JSX elements must be wrapped in an enclosing tag. Did you want a JSX fragment <>...</>? (738:12)

[0m [90m 736 |[31m                 )}
 [90m 737 |[31m               [33m<[31m[33m/[31m[33mdiv[31m[33m>[31m
[31m[1m>[22m[31m[90m 738 |[31m             [33m<[31m[33m/[31m[33m>[31m
 [90m     |[31m             [31m[1m^[22m[31m
 [90m 739 |[31m           )}
 [90m 740 |[31m
 [90m 741 |[31m           {activeTab [33m!==[31m [32m'overview'[31m [33m&&[31m activeTab [33m!==[31m [32m'users'[31m [33m&&[31m activeTab [33m!==[31m [32m'logs'[31m [33m&&[31m activeTab [33m!==[31m [32m'admins'[31m [33m&&[31m activeTab [33m!==[31m [32m'configs'[31m [33m&&[31m ([0m[39m
  Plugin: [35mvite:react-babel[39m
  File: [36mC:/Users/user/Desktop/opencode/frontend/src/pages/Admin.tsx[39m:738:12
[33m  736|                  )}
  737|                </div>
  738|              </>
     |              ^
  739|            )}
  740|  [39m
      at constructor (C:\Users\user\Desktop\opencode\frontend\node_modules\@babel\parser\lib\index.js:369:19)
      at TypeScriptParserMixin.raise (C:\Users\user\Desktop\opencode\frontend\node_modules\@babel\parser\lib\index.js:6620:19)
      at TypeScriptParserMixin.jsxParseElementAt (C:\Users\user\Desktop\opencode\frontend\node_modules\@babel\parser\lib\index.js:4758:18)
      at TypeScriptParserMixin.jsxParseElement (C:\Users\user\Desktop\opencode\frontend\node_modules\@babel\parser\lib\index.js:4765:17)
      at TypeScriptParserMixin.parseExprAtom (C:\Users\user\Desktop\opencode\frontend\node_modules\@babel\parser\lib\index.js:4775:19)
      at TypeScriptParserMixin.parseExprSubscripts (C:\Users\user\Desktop\opencode\frontend\node_modules\@babel\parser\lib\index.js:11102:23)
      at TypeScriptParserMixin.parseUpdate (C:\Users\user\Desktop\opencode\frontend\node_modules\@babel\parser\lib\index.js:11087:21)
      at TypeScriptParserMixin.parseMaybeUnary (C:\Users\user\Desktop\opencode\frontend\node_modules\@babel\parser\lib\index.js:11067:23)
      at TypeScriptParserMixin.parseMaybeUnary (C:\Users\user\Desktop\opencode\frontend\node_modules\@babel\parser\lib\index.js:9858:18)
      at TypeScriptParserMixin.parseMaybeUnaryOrPrivate (C:\Users\user\Desktop\opencode\frontend\node_modules\@babel\parser\lib\index.js:10920:61)
      at TypeScriptParserMixin.parseExprOps (C:\Users\user\Desktop\opencode\frontend\node_modules\@babel\parser\lib\index.js:10925:23)
      at TypeScriptParserMixin.parseMaybeConditional (C:\Users\user\Desktop\opencode\frontend\node_modules\@babel\parser\lib\index.js:10902:23)
      at TypeScriptParserMixin.parseMaybeAssign (C:\Users\user\Desktop\opencode\frontend\node_modules\@babel\parser\lib\index.js:10852:21)
      at C:\Users\user\Desktop\opencode\frontend\node_modules\@babel\parser\lib\index.js:9796:39
      at TypeScriptParserMixin.tryParse (C:\Users\user\Desktop\opencode\frontend\node_modules\@babel\parser\lib\index.js:6928:20)
      at TypeScriptParserMixin.parseMaybeAssign (C:\Users\user\Desktop\opencode\frontend\node_modules\@babel\parser\lib\index.js:9796:18)
      at C:\Users\user\Desktop\opencode\frontend\node_modules\@babel\parser\lib\index.js:10821:39
      at TypeScriptParserMixin.allowInAnd (C:\Users\user\Desktop\opencode\frontend\node_modules\@babel\parser\lib\index.js:12455:12)
      at TypeScriptParserMixin.parseMaybeAssignAllowIn (C:\Users\user\Desktop\opencode\frontend\node_modules\@babel\parser\lib\index.js:10821:17)
      at TypeScriptParserMixin.parseMaybeAssignAllowInOrVoidPattern (C:\Users\user\Desktop\opencode\frontend\node_modules\@babel\parser\lib\index.js:12522:17)
      at TypeScriptParserMixin.parseExprListItem (C:\Users\user\Desktop\opencode\frontend\node_modules\@babel\parser\lib\index.js:12204:18)
      at TypeScriptParserMixin.parseExprList (C:\Users\user\Desktop\opencode\frontend\node_modules\@babel\parser\lib\index.js:12179:22)
      at TypeScriptParserMixin.parseArrayLike (C:\Users\user\Desktop\opencode\frontend\node_modules\@babel\parser\lib\index.js:12086:26)
      at TypeScriptParserMixin.parseArrayLike (C:\Users\user\Desktop\opencode\frontend\node_modules\@babel\parser\lib\index.js:9214:24)
      at TypeScriptParserMixin.parseExprAtom (C:\Users\user\Desktop\opencode\frontend\node_modules\@babel\parser\lib\index.js:11361:23)
      at TypeScriptParserMixin.parseExprAtom (C:\Users\user\Desktop\opencode\frontend\node_modules\@babel\parser\lib\index.js:4780:20)
      at TypeScriptParserMixin.parseExprSubscripts (C:\Users\user\Desktop\opencode\frontend\node_modules\@babel\parser\lib\index.js:11102:23)
      at TypeScriptParserMixin.parseUpdate (C:\Users\user\Desktop\opencode\frontend\node_modules\@babel\parser\lib\index.js:11087:21)
      at TypeScriptParserMixin.parseMaybeUnary (C:\Users\user\Desktop\opencode\frontend\node_modules\@babel\parser\lib\index.js:11067:23)
      at TypeScriptParserMixin.parseMaybeUnary (C:\Users\user\Desktop\opencode\frontend\node_modules\@babel\parser\lib\index.js:9858:18)
      at TypeScriptParserMixin.parseMaybeUnaryOrPrivate (C:\Users\user\Desktop\opencode\frontend\node_modules\@babel\parser\lib\index.js:10920:61)
      at TypeScriptParserMixin.parseExprOps (C:\Users\user\Desktop\opencode\frontend\node_modules\@babel\parser\lib\index.js:10925:23)
      at TypeScriptParserMixin.parseMaybeConditional (C:\Users\user\Desktop\opencode\frontend\node_modules\@babel\parser\lib\index.js:10902:23)
      at TypeScriptParserMixin.parseMaybeAssign (C:\Users\user\Desktop\opencode\frontend\node_modules\@babel\parser\lib\index.js:10852:21)
      at TypeScriptParserMixin.parseMaybeAssign (C:\Users\user\Desktop\opencode\frontend\node_modules\@babel\parser\lib\index.js:9807:20)
      at TypeScriptParserMixin.parseExpressionBase (C:\Users\user\Desktop\opencode\frontend\node_modules\@babel\parser\lib\index.js:10805:23)
      at C:\Users\user\Desktop\opencode\frontend\node_modules\@babel\parser\lib\index.js:10801:39
      at TypeScriptParserMixin.allowInAnd (C:\Users\user\Desktop\opencode\frontend\node_modules\@babel\parser\lib\index.js:12455:12)
      at TypeScriptParserMixin.parseExpression (C:\Users\user\Desktop\opencode\frontend\node_modules\@babel\parser\lib\index.js:10801:17)
      at TypeScriptParserMixin.jsxParseExpressionContainer (C:\Users\user\Desktop\opencode\frontend\node_modules\@babel\parser\lib\index.js:4648:31)
      at TypeScriptParserMixin.jsxParseElementAt (C:\Users\user\Desktop\opencode\frontend\node_modules\@babel\parser\lib\index.js:4727:36)
      at TypeScriptParserMixin.jsxParseElementAt (C:\Users\user\Desktop\opencode\frontend\node_modules\@babel\parser\lib\index.js:4714:32)
      at TypeScriptParserMixin.jsxParseElement (C:\Users\user\Desktop\opencode\frontend\node_modules\@babel\parser\lib\index.js:4765:17)
      at TypeScriptParserMixin.parseExprAtom (C:\Users\user\Desktop\opencode\frontend\node_modules\@babel\parser\lib\index.js:4775:19)
      at TypeScriptParserMixin.parseExprSubscripts (C:\Users\user\Desktop\opencode\frontend\node_modules\@babel\parser\lib\index.js:11102:23)
      at TypeScriptParserMixin.parseUpdate (C:\Users\user\Desktop\opencode\frontend\node_modules\@babel\parser\lib\index.js:11087:21)
      at TypeScriptParserMixin.parseMaybeUnary (C:\Users\user\Desktop\opencode\frontend\node_modules\@babel\parser\lib\index.js:11067:23)
      at TypeScriptParserMixin.parseMaybeUnary (C:\Users\user\Desktop\opencode\frontend\node_modules\@babel\parser\lib\index.js:9858:18)
      at TypeScriptParserMixin.parseMaybeUnaryOrPrivate (C:\Users\user\Desktop\opencode\frontend\node_modules\@babel\parser\lib\index.js:10920:61)
      at TypeScriptParserMixin.parseExprOps (C:\Users\user\Desktop\opencode\frontend\node_modules\@babel\parser\lib\index.js:10925:23)
[2m18:52:02[22m [31m[1m[vite][22m[39m [31mInternal server error: C:\Users\user\Desktop\opencode\frontend\src\pages\Admin.tsx: Adjacent JSX elements must be wrapped in an enclosing tag. Did you want a JSX fragment <>...</>? (738:12)

[0m [90m 736 |[31m                 )}
 [90m 737 |[31m               [33m<[31m[33m/[31m[33mdiv[31m[33m>[31m
[31m[1m>[22m[31m[90m 738 |[31m             [33m<[31m[33m/[31m[33m>[31m
 [90m     |[31m             [31m[1m^[22m[31m
 [90m 739 |[31m           )}
 [90m 740 |[31m
 [90m 741 |[31m           {activeTab [33m!==[31m [32m'overview'[31m [33m&&[31m activeTab [33m!==[31m [32m'users'[31m [33m&&[31m activeTab [33m!==[31m [32m'logs'[31m [33m&&[31m activeTab [33m!==[31m [32m'admins'[31m [33m&&[31m activeTab [33m!==[31m [32m'configs'[31m [33m&&[31m ([0m[39m
  Plugin: [35mvite:react-babel[39m
  File: [36mC:/Users/user/Desktop/opencode/frontend/src/pages/Admin.tsx[39m:738:12
[33m  736|                  )}
  737|                </div>
  738|              </>
     |              ^
  739|            )}
  740|  [39m
      at constructor (C:\Users\user\Desktop\opencode\frontend\node_modules\@babel\parser\lib\index.js:369:19)
      at TypeScriptParserMixin.raise (C:\Users\user\Desktop\opencode\frontend\node_modules\@babel\parser\lib\index.js:6620:19)
      at TypeScriptParserMixin.jsxParseElementAt (C:\Users\user\Desktop\opencode\frontend\node_modules\@babel\parser\lib\index.js:4758:18)
      at TypeScriptParserMixin.jsxParseElement (C:\Users\user\Desktop\opencode\frontend\node_modules\@babel\parser\lib\index.js:4765:17)
      at TypeScriptParserMixin.parseExprAtom (C:\Users\user\Desktop\opencode\frontend\node_modules\@babel\parser\lib\index.js:4775:19)
      at TypeScriptParserMixin.parseExprSubscripts (C:\Users\user\Desktop\opencode\frontend\node_modules\@babel\parser\lib\index.js:11102:23)
      at TypeScriptParserMixin.parseUpdate (C:\Users\user\Desktop\opencode\frontend\node_modules\@babel\parser\lib\index.js:11087:21)
      at TypeScriptParserMixin.parseMaybeUnary (C:\Users\user\Desktop\opencode\frontend\node_modules\@babel\parser\lib\index.js:11067:23)
      at TypeScriptParserMixin.parseMaybeUnary (C:\Users\user\Desktop\opencode\frontend\node_modules\@babel\parser\lib\index.js:9858:18)
      at TypeScriptParserMixin.parseMaybeUnaryOrPrivate (C:\Users\user\Desktop\opencode\frontend\node_modules\@babel\parser\lib\index.js:10920:61)
      at TypeScriptParserMixin.parseExprOps (C:\Users\user\Desktop\opencode\frontend\node_modules\@babel\parser\lib\index.js:10925:23)
      at TypeScriptParserMixin.parseMaybeConditional (C:\Users\user\Desktop\opencode\frontend\node_modules\@babel\parser\lib\index.js:10902:23)
      at TypeScriptParserMixin.parseMaybeAssign (C:\Users\user\Desktop\opencode\frontend\node_modules\@babel\parser\lib\index.js:10852:21)
      at C:\Users\user\Desktop\opencode\frontend\node_modules\@babel\parser\lib\index.js:9796:39
      at TypeScriptParserMixin.tryParse (C:\Users\user\Desktop\opencode\frontend\node_modules\@babel\parser\lib\index.js:6928:20)
      at TypeScriptParserMixin.parseMaybeAssign (C:\Users\user\Desktop\opencode\frontend\node_modules\@babel\parser\lib\index.js:9796:18)
      at C:\Users\user\Desktop\opencode\frontend\node_modules\@babel\parser\lib\index.js:10821:39
      at TypeScriptParserMixin.allowInAnd (C:\Users\user\Desktop\opencode\frontend\node_modules\@babel\parser\lib\index.js:12455:12)
      at TypeScriptParserMixin.parseMaybeAssignAllowIn (C:\Users\user\Desktop\opencode\frontend\node_modules\@babel\parser\lib\index.js:10821:17)
      at TypeScriptParserMixin.parseMaybeAssignAllowInOrVoidPattern (C:\Users\user\Desktop\opencode\frontend\node_modules\@babel\parser\lib\index.js:12522:17)
      at TypeScriptParserMixin.parseExprListItem (C:\Users\user\Desktop\opencode\frontend\node_modules\@babel\parser\lib\index.js:12204:18)
      at TypeScriptParserMixin.parseExprList (C:\Users\user\Desktop\opencode\frontend\node_modules\@babel\parser\lib\index.js:12179:22)
      at TypeScriptParserMixin.parseArrayLike (C:\Users\user\Desktop\opencode\frontend\node_modules\@babel\parser\lib\index.js:12086:26)
      at TypeScriptParserMixin.parseArrayLike (C:\Users\user\Desktop\opencode\frontend\node_modules\@babel\parser\lib\index.js:9214:24)
      at TypeScriptParserMixin.parseExprAtom (C:\Users\user\Desktop\opencode\frontend\node_modules\@babel\parser\lib\index.js:11361:23)
      at TypeScriptParserMixin.parseExprAtom (C:\Users\user\Desktop\opencode\frontend\node_modules\@babel\parser\lib\index.js:4780:20)
      at TypeScriptParserMixin.parseExprSubscripts (C:\Users\user\Desktop\opencode\frontend\node_modules\@babel\parser\lib\index.js:11102:23)
      at TypeScriptParserMixin.parseUpdate (C:\Users\user\Desktop\opencode\frontend\node_modules\@babel\parser\lib\index.js:11087:21)
      at TypeScriptParserMixin.parseMaybeUnary (C:\Users\user\Desktop\opencode\frontend\node_modules\@babel\parser\lib\index.js:11067:23)
      at TypeScriptParserMixin.parseMaybeUnary (C:\Users\user\Desktop\opencode\frontend\node_modules\@babel\parser\lib\index.js:9858:18)
      at TypeScriptParserMixin.parseMaybeUnaryOrPrivate (C:\Users\user\Desktop\opencode\frontend\node_modules\@babel\parser\lib\index.js:10920:61)
      at TypeScriptParserMixin.parseExprOps (C:\Users\user\Desktop\opencode\frontend\node_modules\@babel\parser\lib\index.js:10925:23)
      at TypeScriptParserMixin.parseMaybeConditional (C:\Users\user\Desktop\opencode\frontend\node_modules\@babel\parser\lib\index.js:10902:23)
      at TypeScriptParserMixin.parseMaybeAssign (C:\Users\user\Desktop\opencode\frontend\node_modules\@babel\parser\lib\index.js:10852:21)
      at TypeScriptParserMixin.parseMaybeAssign (C:\Users\user\Desktop\opencode\frontend\node_modules\@babel\parser\lib\index.js:9807:20)
      at TypeScriptParserMixin.parseExpressionBase (C:\Users\user\Desktop\opencode\frontend\node_modules\@babel\parser\lib\index.js:10805:23)
      at C:\Users\user\Desktop\opencode\frontend\node_modules\@babel\parser\lib\index.js:10801:39
      at TypeScriptParserMixin.allowInAnd (C:\Users\user\Desktop\opencode\frontend\node_modules\@babel\parser\lib\index.js:12455:12)
      at TypeScriptParserMixin.parseExpression (C:\Users\user\Desktop\opencode\frontend\node_modules\@babel\parser\lib\index.js:10801:17)
      at TypeScriptParserMixin.jsxParseExpressionContainer (C:\Users\user\Desktop\opencode\frontend\node_modules\@babel\parser\lib\index.js:4648:31)
      at TypeScriptParserMixin.jsxParseElementAt (C:\Users\user\Desktop\opencode\frontend\node_modules\@babel\parser\lib\index.js:4727:36)
      at TypeScriptParserMixin.jsxParseElementAt (C:\Users\user\Desktop\opencode\frontend\node_modules\@babel\parser\lib\index.js:4714:32)
      at TypeScriptParserMixin.jsxParseElement (C:\Users\user\Desktop\opencode\frontend\node_modules\@babel\parser\lib\index.js:4765:17)
      at TypeScriptParserMixin.parseExprAtom (C:\Users\user\Desktop\opencode\frontend\node_modules\@babel\parser\lib\index.js:4775:19)
      at TypeScriptParserMixin.parseExprSubscripts (C:\Users\user\Desktop\opencode\frontend\node_modules\@babel\parser\lib\index.js:11102:23)
      at TypeScriptParserMixin.parseUpdate (C:\Users\user\Desktop\opencode\frontend\node_modules\@babel\parser\lib\index.js:11087:21)
      at TypeScriptParserMixin.parseMaybeUnary (C:\Users\user\Desktop\opencode\frontend\node_modules\@babel\parser\lib\index.js:11067:23)
      at TypeScriptParserMixin.parseMaybeUnary (C:\Users\user\Desktop\opencode\frontend\node_modules\@babel\parser\lib\index.js:9858:18)
      at TypeScriptParserMixin.parseMaybeUnaryOrPrivate (C:\Users\user\Desktop\opencode\frontend\node_modules\@babel\parser\lib\index.js:10920:61)
      at TypeScriptParserMixin.parseExprOps (C:\Users\user\Desktop\opencode\frontend\node_modules\@babel\parser\lib\index.js:10925:23)
[2m18:52:02[22m [31m[1m[vite][22m[39m [31mInternal server error: C:\Users\user\Desktop\opencode\frontend\src\pages\Admin.tsx: Adjacent JSX elements must be wrapped in an enclosing tag. Did you want a JSX fragment <>...</>? (738:12)

[0m [90m 736 |[31m                 )}
 [90m 737 |[31m               [33m<[31m[33m/[31m[33mdiv[31m[33m>[31m
[31m[1m>[22m[31m[90m 738 |[31m             [33m<[31m[33m/[31m[33m>[31m
 [90m     |[31m             [31m[1m^[22m[31m
 [90m 739 |[31m           )}
 [90m 740 |[31m
 [90m 741 |[31m           {activeTab [33m!==[31m [32m'overview'[31m [33m&&[31m activeTab [33m!==[31m [32m'users'[31m [33m&&[31m activeTab [33m!==[31m [32m'logs'[31m [33m&&[31m activeTab [33m!==[31m [32m'admins'[31m [33m&&[31m activeTab [33m!==[31m [32m'configs'[31m [33m&&[31m ([0m[39m
  Plugin: [35mvite:react-babel[39m
  File: [36mC:/Users/user/Desktop/opencode/frontend/src/pages/Admin.tsx[39m:738:12
[33m  736|                  )}
  737|                </div>
  738|              </>
     |              ^
  739|            )}
  740|  [39m
      at constructor (C:\Users\user\Desktop\opencode\frontend\node_modules\@babel\parser\lib\index.js:369:19)
      at TypeScriptParserMixin.raise (C:\Users\user\Desktop\opencode\frontend\node_modules\@babel\parser\lib\index.js:6620:19)
      at TypeScriptParserMixin.jsxParseElementAt (C:\Users\user\Desktop\opencode\frontend\node_modules\@babel\parser\lib\index.js:4758:18)
      at TypeScriptParserMixin.jsxParseElement (C:\Users\user\Desktop\opencode\frontend\node_modules\@babel\parser\lib\index.js:4765:17)
      at TypeScriptParserMixin.parseExprAtom (C:\Users\user\Desktop\opencode\frontend\node_modules\@babel\parser\lib\index.js:4775:19)
      at TypeScriptParserMixin.parseExprSubscripts (C:\Users\user\Desktop\opencode\frontend\node_modules\@babel\parser\lib\index.js:11102:23)
      at TypeScriptParserMixin.parseUpdate (C:\Users\user\Desktop\opencode\frontend\node_modules\@babel\parser\lib\index.js:11087:21)
      at TypeScriptParserMixin.parseMaybeUnary (C:\Users\user\Desktop\opencode\frontend\node_modules\@babel\parser\lib\index.js:11067:23)
      at TypeScriptParserMixin.parseMaybeUnary (C:\Users\user\Desktop\opencode\frontend\node_modules\@babel\parser\lib\index.js:9858:18)
      at TypeScriptParserMixin.parseMaybeUnaryOrPrivate (C:\Users\user\Desktop\opencode\frontend\node_modules\@babel\parser\lib\index.js:10920:61)
      at TypeScriptParserMixin.parseExprOps (C:\Users\user\Desktop\opencode\frontend\node_modules\@babel\parser\lib\index.js:10925:23)
      at TypeScriptParserMixin.parseMaybeConditional (C:\Users\user\Desktop\opencode\frontend\node_modules\@babel\parser\lib\index.js:10902:23)
      at TypeScriptParserMixin.parseMaybeAssign (C:\Users\user\Desktop\opencode\frontend\node_modules\@babel\parser\lib\index.js:10852:21)
      at C:\Users\user\Desktop\opencode\frontend\node_modules\@babel\parser\lib\index.js:9796:39
      at TypeScriptParserMixin.tryParse (C:\Users\user\Desktop\opencode\frontend\node_modules\@babel\parser\lib\index.js:6928:20)
      at TypeScriptParserMixin.parseMaybeAssign (C:\Users\user\Desktop\opencode\frontend\node_modules\@babel\parser\lib\index.js:9796:18)
      at C:\Users\user\Desktop\opencode\frontend\node_modules\@babel\parser\lib\index.js:10821:39
      at TypeScriptParserMixin.allowInAnd (C:\Users\user\Desktop\opencode\frontend\node_modules\@babel\parser\lib\index.js:12455:12)
      at TypeScriptParserMixin.parseMaybeAssignAllowIn (C:\Users\user\Desktop\opencode\frontend\node_modules\@babel\parser\lib\index.js:10821:17)
      at TypeScriptParserMixin.parseMaybeAssignAllowInOrVoidPattern (C:\Users\user\Desktop\opencode\frontend\node_modules\@babel\parser\lib\index.js:12522:17)
      at TypeScriptParserMixin.parseExprListItem (C:\Users\user\Desktop\opencode\frontend\node_modules\@babel\parser\lib\index.js:12204:18)
      at TypeScriptParserMixin.parseExprList (C:\Users\user\Desktop\opencode\frontend\node_modules\@babel\parser\lib\index.js:12179:22)
      at TypeScriptParserMixin.parseArrayLike (C:\Users\user\Desktop\opencode\frontend\node_modules\@babel\parser\lib\index.js:12086:26)
      at TypeScriptParserMixin.parseArrayLike (C:\Users\user\Desktop\opencode\frontend\node_modules\@babel\parser\lib\index.js:9214:24)
      at TypeScriptParserMixin.parseExprAtom (C:\Users\user\Desktop\opencode\frontend\node_modules\@babel\parser\lib\index.js:11361:23)
      at TypeScriptParserMixin.parseExprAtom (C:\Users\user\Desktop\opencode\frontend\node_modules\@babel\parser\lib\index.js:4780:20)
      at TypeScriptParserMixin.parseExprSubscripts (C:\Users\user\Desktop\opencode\frontend\node_modules\@babel\parser\lib\index.js:11102:23)
      at TypeScriptParserMixin.parseUpdate (C:\Users\user\Desktop\opencode\frontend\node_modules\@babel\parser\lib\index.js:11087:21)
      at TypeScriptParserMixin.parseMaybeUnary (C:\Users\user\Desktop\opencode\frontend\node_modules\@babel\parser\lib\index.js:11067:23)
      at TypeScriptParserMixin.parseMaybeUnary (C:\Users\user\Desktop\opencode\frontend\node_modules\@babel\parser\lib\index.js:9858:18)
      at TypeScriptParserMixin.parseMaybeUnaryOrPrivate (C:\Users\user\Desktop\opencode\frontend\node_modules\@babel\parser\lib\index.js:10920:61)
      at TypeScriptParserMixin.parseExprOps (C:\Users\user\Desktop\opencode\frontend\node_modules\@babel\parser\lib\index.js:10925:23)
      at TypeScriptParserMixin.parseMaybeConditional (C:\Users\user\Desktop\opencode\frontend\node_modules\@babel\parser\lib\index.js:10902:23)
      at TypeScriptParserMixin.parseMaybeAssign (C:\Users\user\Desktop\opencode\frontend\node_modules\@babel\parser\lib\index.js:10852:21)
      at TypeScriptParserMixin.parseMaybeAssign (C:\Users\user\Desktop\opencode\frontend\node_modules\@babel\parser\lib\index.js:9807:20)
      at TypeScriptParserMixin.parseExpressionBase (C:\Users\user\Desktop\opencode\frontend\node_modules\@babel\parser\lib\index.js:10805:23)
      at C:\Users\user\Desktop\opencode\frontend\node_modules\@babel\parser\lib\index.js:10801:39
      at TypeScriptParserMixin.allowInAnd (C:\Users\user\Desktop\opencode\frontend\node_modules\@babel\parser\lib\index.js:12455:12)
      at TypeScriptParserMixin.parseExpression (C:\Users\user\Desktop\opencode\frontend\node_modules\@babel\parser\lib\index.js:10801:17)
      at TypeScriptParserMixin.jsxParseExpressionContainer (C:\Users\user\Desktop\opencode\frontend\node_modules\@babel\parser\lib\index.js:4648:31)
      at TypeScriptParserMixin.jsxParseElementAt (C:\Users\user\Desktop\opencode\frontend\node_modules\@babel\parser\lib\index.js:4727:36)
      at TypeScriptParserMixin.jsxParseElementAt (C:\Users\user\Desktop\opencode\frontend\node_modules\@babel\parser\lib\index.js:4714:32)
      at TypeScriptParserMixin.jsxParseElement (C:\Users\user\Desktop\opencode\frontend\node_modules\@babel\parser\lib\index.js:4765:17)
      at TypeScriptParserMixin.parseExprAtom (C:\Users\user\Desktop\opencode\frontend\node_modules\@babel\parser\lib\index.js:4775:19)
      at TypeScriptParserMixin.parseExprSubscripts (C:\Users\user\Desktop\opencode\frontend\node_modules\@babel\parser\lib\index.js:11102:23)
      at TypeScriptParserMixin.parseUpdate (C:\Users\user\Desktop\opencode\frontend\node_modules\@babel\parser\lib\index.js:11087:21)
      at TypeScriptParserMixin.parseMaybeUnary (C:\Users\user\Desktop\opencode\frontend\node_modules\@babel\parser\lib\index.js:11067:23)
      at TypeScriptParserMixin.parseMaybeUnary (C:\Users\user\Desktop\opencode\frontend\node_modules\@babel\parser\lib\index.js:9858:18)
      at TypeScriptParserMixin.parseMaybeUnaryOrPrivate (C:\Users\user\Desktop\opencode\frontend\node_modules\@babel\parser\lib\index.js:10920:61)
      at TypeScriptParserMixin.parseExprOps (C:\Users\user\Desktop\opencode\frontend\node_modules\@babel\parser\lib\index.js:10925:23)
[2m18:52:06[22m [36m[1m[vite][22m[39m [32mhmr update [39m[2m/src/pages/Admin.tsx, /src/index.css[22m
[2m18:55:33[22m [36m[1m[vite][22m[39m [32mhmr update [39m[2m/src/pages/Admin.tsx, /src/index.css[22m
[2m18:55:37[22m [36m[1m[vite][22m[39m [32mhmr update [39m[2m/src/pages/Admin.tsx, /src/index.css[22m
[2m18:55:37[22m [31m[1m[vite][22m[39m [31mInternal server error: C:\Users\user\Desktop\opencode\frontend\src\pages\Admin.tsx: Expected corresponding JSX closing tag for <div>. (737:14)

[0m [90m 735 |[31m               [33m<[31m[33m/[31m[33mdiv[31m[33m>[31m
 [90m 736 |[31m                 ]}
[31m[1m>[22m[31m[90m 737 |[31m               [33m<[31m[33m/[31m[33mReorderablePanels[31m[33m>[31m
 [90m     |[31m               [31m[1m^[22m[31m
 [90m 738 |[31m             [33m<[31m[33m/[31m[33m>[31m
 [90m 739 |[31m           )}
 [90m 740 |[31m[0m[39m
  Plugin: [35mvite:react-babel[39m
  File: [36mC:/Users/user/Desktop/opencode/frontend/src/pages/Admin.tsx[39m:737:14
[33m  735|                </div>
  736|                  ]}
  737|                </ReorderablePanels>
     |                ^
  738|              </>
  739|            )}[39m
      at constructor (C:\Users\user\Desktop\opencode\frontend\node_modules\@babel\parser\lib\index.js:369:19)
      at TypeScriptParserMixin.raise (C:\Users\user\Desktop\opencode\frontend\node_modules\@babel\parser\lib\index.js:6620:19)
      at TypeScriptParserMixin.jsxParseElementAt (C:\Users\user\Desktop\opencode\frontend\node_modules\@babel\parser\lib\index.js:4743:16)
      at TypeScriptParserMixin.jsxParseElementAt (C:\Users\user\Desktop\opencode\frontend\node_modules\@babel\parser\lib\index.js:4714:32)
      at TypeScriptParserMixin.jsxParseElement (C:\Users\user\Desktop\opencode\frontend\node_modules\@babel\parser\lib\index.js:4765:17)
      at TypeScriptParserMixin.parseExprAtom (C:\Users\user\Desktop\opencode\frontend\node_modules\@babel\parser\lib\index.js:4775:19)
      at TypeScriptParserMixin.parseExprSubscripts (C:\Users\user\Desktop\opencode\frontend\node_modules\@babel\parser\lib\index.js:11102:23)
      at TypeScriptParserMixin.parseUpdate (C:\Users\user\Desktop\opencode\frontend\node_modules\@babel\parser\lib\index.js:11087:21)
      at TypeScriptParserMixin.parseMaybeUnary (C:\Users\user\Desktop\opencode\frontend\node_modules\@babel\parser\lib\index.js:11067:23)
      at TypeScriptParserMixin.parseMaybeUnary (C:\Users\user\Desktop\opencode\frontend\node_modules\@babel\parser\lib\index.js:9858:18)
      at TypeScriptParserMixin.parseMaybeUnaryOrPrivate (C:\Users\user\Desktop\opencode\frontend\node_modules\@babel\parser\lib\index.js:10920:61)
      at TypeScriptParserMixin.parseExprOps (C:\Users\user\Desktop\opencode\frontend\node_modules\@babel\parser\lib\index.js:10925:23)
      at TypeScriptParserMixin.parseMaybeConditional (C:\Users\user\Desktop\opencode\frontend\node_modules\@babel\parser\lib\index.js:10902:23)
      at TypeScriptParserMixin.parseMaybeAssign (C:\Users\user\Desktop\opencode\frontend\node_modules\@babel\parser\lib\index.js:10852:21)
      at C:\Users\user\Desktop\opencode\frontend\node_modules\@babel\parser\lib\index.js:9796:39
      at TypeScriptParserMixin.tryParse (C:\Users\user\Desktop\opencode\frontend\node_modules\@babel\parser\lib\index.js:6928:20)
      at TypeScriptParserMixin.parseMaybeAssign (C:\Users\user\Desktop\opencode\frontend\node_modules\@babel\parser\lib\index.js:9796:18)
      at C:\Users\user\Desktop\opencode\frontend\node_modules\@babel\parser\lib\index.js:10821:39
      at TypeScriptParserMixin.allowInAnd (C:\Users\user\Desktop\opencode\frontend\node_modules\@babel\parser\lib\index.js:12455:12)
      at TypeScriptParserMixin.parseMaybeAssignAllowIn (C:\Users\user\Desktop\opencode\frontend\node_modules\@babel\parser\lib\index.js:10821:17)
      at TypeScriptParserMixin.parseMaybeAssignAllowInOrVoidPattern (C:\Users\user\Desktop\opencode\frontend\node_modules\@babel\parser\lib\index.js:12522:17)
      at TypeScriptParserMixin.parseParenAndDistinguishExpression (C:\Users\user\Desktop\opencode\frontend\node_modules\@babel\parser\lib\index.js:11701:28)
      at TypeScriptParserMixin.parseExprAtom (C:\Users\user\Desktop\opencode\frontend\node_modules\@babel\parser\lib\index.js:11357:23)
      at TypeScriptParserMixin.parseExprAtom (C:\Users\user\Desktop\opencode\frontend\node_modules\@babel\parser\lib\index.js:4780:20)
      at TypeScriptParserMixin.parseExprSubscripts (C:\Users\user\Desktop\opencode\frontend\node_modules\@babel\parser\lib\index.js:11102:23)
      at TypeScriptParserMixin.parseUpdate (C:\Users\user\Desktop\opencode\frontend\node_modules\@babel\parser\lib\index.js:11087:21)
      at TypeScriptParserMixin.parseMaybeUnary (C:\Users\user\Desktop\opencode\frontend\node_modules\@babel\parser\lib\index.js:11067:23)
      at TypeScriptParserMixin.parseMaybeUnary (C:\Users\user\Desktop\opencode\frontend\node_modules\@babel\parser\lib\index.js:9858:18)
      at TypeScriptParserMixin.parseMaybeUnaryOrPrivate (C:\Users\user\Desktop\opencode\frontend\node_modules\@babel\parser\lib\index.js:10920:61)
      at TypeScriptParserMixin.parseExprOpBaseRightExpr (C:\Users\user\Desktop\opencode\frontend\node_modules\@babel\parser\lib\index.js:11007:34)
      at TypeScriptParserMixin.parseExprOpRightExpr (C:\Users\user\Desktop\opencode\frontend\node_modules\@babel\parser\lib\index.js:11002:21)
      at TypeScriptParserMixin.parseExprOp (C:\Users\user\Desktop\opencode\frontend\node_modules\@babel\parser\lib\index.js:10968:27)
      at TypeScriptParserMixin.parseExprOp (C:\Users\user\Desktop\opencode\frontend\node_modules\@babel\parser\lib\index.js:9327:18)
      at TypeScriptParserMixin.parseExprOp (C:\Users\user\Desktop\opencode\frontend\node_modules\@babel\parser\lib\index.js:10974:21)
      at TypeScriptParserMixin.parseExprOp (C:\Users\user\Desktop\opencode\frontend\node_modules\@babel\parser\lib\index.js:9327:18)
      at TypeScriptParserMixin.parseExprOps (C:\Users\user\Desktop\opencode\frontend\node_modules\@babel\parser\lib\index.js:10929:17)
      at TypeScriptParserMixin.parseMaybeConditional (C:\Users\user\Desktop\opencode\frontend\node_modules\@babel\parser\lib\index.js:10902:23)
      at TypeScriptParserMixin.parseMaybeAssign (C:\Users\user\Desktop\opencode\frontend\node_modules\@babel\parser\lib\index.js:10852:21)
      at TypeScriptParserMixin.parseMaybeAssign (C:\Users\user\Desktop\opencode\frontend\node_modules\@babel\parser\lib\index.js:9807:20)
      at TypeScriptParserMixin.parseExpressionBase (C:\Users\user\Desktop\opencode\frontend\node_modules\@babel\parser\lib\index.js:10805:23)
      at C:\Users\user\Desktop\opencode\frontend\node_modules\@babel\parser\lib\index.js:10801:39
      at TypeScriptParserMixin.allowInAnd (C:\Users\user\Desktop\opencode\frontend\node_modules\@babel\parser\lib\index.js:12455:12)
      at TypeScriptParserMixin.parseExpression (C:\Users\user\Desktop\opencode\frontend\node_modules\@babel\parser\lib\index.js:10801:17)
      at TypeScriptParserMixin.jsxParseExpressionContainer (C:\Users\user\Desktop\opencode\frontend\node_modules\@babel\parser\lib\index.js:4648:31)
      at TypeScriptParserMixin.jsxParseElementAt (C:\Users\user\Desktop\opencode\frontend\node_modules\@babel\parser\lib\index.js:4727:36)
      at TypeScriptParserMixin.jsxParseElement (C:\Users\user\Desktop\opencode\frontend\node_modules\@babel\parser\lib\index.js:4765:17)
      at TypeScriptParserMixin.parseExprAtom (C:\Users\user\Desktop\opencode\frontend\node_modules\@babel\parser\lib\index.js:4775:19)
      at TypeScriptParserMixin.parseExprSubscripts (C:\Users\user\Desktop\opencode\frontend\node_modules\@babel\parser\lib\index.js:11102:23)
      at TypeScriptParserMixin.parseUpdate (C:\Users\user\Desktop\opencode\frontend\node_modules\@babel\parser\lib\index.js:11087:21)
      at TypeScriptParserMixin.parseMaybeUnary (C:\Users\user\Desktop\opencode\frontend\node_modules\@babel\parser\lib\index.js:11067:23)
[2m18:55:37[22m [31m[1m[vite][22m[39m [31mInternal server error: C:\Users\user\Desktop\opencode\frontend\src\pages\Admin.tsx: Expected corresponding JSX closing tag for <div>. (737:14)

[0m [90m 735 |[31m               [33m<[31m[33m/[31m[33mdiv[31m[33m>[31m
 [90m 736 |[31m                 ]}
[31m[1m>[22m[31m[90m 737 |[31m               [33m<[31m[33m/[31m[33mReorderablePanels[31m[33m>[31m
 [90m     |[31m               [31m[1m^[22m[31m
 [90m 738 |[31m             [33m<[31m[33m/[31m[33m>[31m
 [90m 739 |[31m           )}
 [90m 740 |[31m[0m[39m
  Plugin: [35mvite:react-babel[39m
  File: [36mC:/Users/user/Desktop/opencode/frontend/src/pages/Admin.tsx[39m:737:14
[33m  735|                </div>
  736|                  ]}
  737|                </ReorderablePanels>
     |                ^
  738|              </>
  739|            )}[39m
      at constructor (C:\Users\user\Desktop\opencode\frontend\node_modules\@babel\parser\lib\index.js:369:19)
      at TypeScriptParserMixin.raise (C:\Users\user\Desktop\opencode\frontend\node_modules\@babel\parser\lib\index.js:6620:19)
      at TypeScriptParserMixin.jsxParseElementAt (C:\Users\user\Desktop\opencode\frontend\node_modules\@babel\parser\lib\index.js:4743:16)
      at TypeScriptParserMixin.jsxParseElementAt (C:\Users\user\Desktop\opencode\frontend\node_modules\@babel\parser\lib\index.js:4714:32)
      at TypeScriptParserMixin.jsxParseElement (C:\Users\user\Desktop\opencode\frontend\node_modules\@babel\parser\lib\index.js:4765:17)
      at TypeScriptParserMixin.parseExprAtom (C:\Users\user\Desktop\opencode\frontend\node_modules\@babel\parser\lib\index.js:4775:19)
      at TypeScriptParserMixin.parseExprSubscripts (C:\Users\user\Desktop\opencode\frontend\node_modules\@babel\parser\lib\index.js:11102:23)
      at TypeScriptParserMixin.parseUpdate (C:\Users\user\Desktop\opencode\frontend\node_modules\@babel\parser\lib\index.js:11087:21)
      at TypeScriptParserMixin.parseMaybeUnary (C:\Users\user\Desktop\opencode\frontend\node_modules\@babel\parser\lib\index.js:11067:23)
      at TypeScriptParserMixin.parseMaybeUnary (C:\Users\user\Desktop\opencode\frontend\node_modules\@babel\parser\lib\index.js:9858:18)
      at TypeScriptParserMixin.parseMaybeUnaryOrPrivate (C:\Users\user\Desktop\opencode\frontend\node_modules\@babel\parser\lib\index.js:10920:61)
      at TypeScriptParserMixin.parseExprOps (C:\Users\user\Desktop\opencode\frontend\node_modules\@babel\parser\lib\index.js:10925:23)
      at TypeScriptParserMixin.parseMaybeConditional (C:\Users\user\Desktop\opencode\frontend\node_modules\@babel\parser\lib\index.js:10902:23)
      at TypeScriptParserMixin.parseMaybeAssign (C:\Users\user\Desktop\opencode\frontend\node_modules\@babel\parser\lib\index.js:10852:21)
      at C:\Users\user\Desktop\opencode\frontend\node_modules\@babel\parser\lib\index.js:9796:39
      at TypeScriptParserMixin.tryParse (C:\Users\user\Desktop\opencode\frontend\node_modules\@babel\parser\lib\index.js:6928:20)
      at TypeScriptParserMixin.parseMaybeAssign (C:\Users\user\Desktop\opencode\frontend\node_modules\@babel\parser\lib\index.js:9796:18)
      at C:\Users\user\Desktop\opencode\frontend\node_modules\@babel\parser\lib\index.js:10821:39
      at TypeScriptParserMixin.allowInAnd (C:\Users\user\Desktop\opencode\frontend\node_modules\@babel\parser\lib\index.js:12455:12)
      at TypeScriptParserMixin.parseMaybeAssignAllowIn (C:\Users\user\Desktop\opencode\frontend\node_modules\@babel\parser\lib\index.js:10821:17)
      at TypeScriptParserMixin.parseMaybeAssignAllowInOrVoidPattern (C:\Users\user\Desktop\opencode\frontend\node_modules\@babel\parser\lib\index.js:12522:17)
      at TypeScriptParserMixin.parseParenAndDistinguishExpression (C:\Users\user\Desktop\opencode\frontend\node_modules\@babel\parser\lib\index.js:11701:28)
      at TypeScriptParserMixin.parseExprAtom (C:\Users\user\Desktop\opencode\frontend\node_modules\@babel\parser\lib\index.js:11357:23)
      at TypeScriptParserMixin.parseExprAtom (C:\Users\user\Desktop\opencode\frontend\node_modules\@babel\parser\lib\index.js:4780:20)
      at TypeScriptParserMixin.parseExprSubscripts (C:\Users\user\Desktop\opencode\frontend\node_modules\@babel\parser\lib\index.js:11102:23)
      at TypeScriptParserMixin.parseUpdate (C:\Users\user\Desktop\opencode\frontend\node_modules\@babel\parser\lib\index.js:11087:21)
      at TypeScriptParserMixin.parseMaybeUnary (C:\Users\user\Desktop\opencode\frontend\node_modules\@babel\parser\lib\index.js:11067:23)
      at TypeScriptParserMixin.parseMaybeUnary (C:\Users\user\Desktop\opencode\frontend\node_modules\@babel\parser\lib\index.js:9858:18)
      at TypeScriptParserMixin.parseMaybeUnaryOrPrivate (C:\Users\user\Desktop\opencode\frontend\node_modules\@babel\parser\lib\index.js:10920:61)
      at TypeScriptParserMixin.parseExprOpBaseRightExpr (C:\Users\user\Desktop\opencode\frontend\node_modules\@babel\parser\lib\index.js:11007:34)
      at TypeScriptParserMixin.parseExprOpRightExpr (C:\Users\user\Desktop\opencode\frontend\node_modules\@babel\parser\lib\index.js:11002:21)
      at TypeScriptParserMixin.parseExprOp (C:\Users\user\Desktop\opencode\frontend\node_modules\@babel\parser\lib\index.js:10968:27)
      at TypeScriptParserMixin.parseExprOp (C:\Users\user\Desktop\opencode\frontend\node_modules\@babel\parser\lib\index.js:9327:18)
      at TypeScriptParserMixin.parseExprOp (C:\Users\user\Desktop\opencode\frontend\node_modules\@babel\parser\lib\index.js:10974:21)
      at TypeScriptParserMixin.parseExprOp (C:\Users\user\Desktop\opencode\frontend\node_modules\@babel\parser\lib\index.js:9327:18)
      at TypeScriptParserMixin.parseExprOps (C:\Users\user\Desktop\opencode\frontend\node_modules\@babel\parser\lib\index.js:10929:17)
      at TypeScriptParserMixin.parseMaybeConditional (C:\Users\user\Desktop\opencode\frontend\node_modules\@babel\parser\lib\index.js:10902:23)
      at TypeScriptParserMixin.parseMaybeAssign (C:\Users\user\Desktop\opencode\frontend\node_modules\@babel\parser\lib\index.js:10852:21)
      at TypeScriptParserMixin.parseMaybeAssign (C:\Users\user\Desktop\opencode\frontend\node_modules\@babel\parser\lib\index.js:9807:20)
      at TypeScriptParserMixin.parseExpressionBase (C:\Users\user\Desktop\opencode\frontend\node_modules\@babel\parser\lib\index.js:10805:23)
      at C:\Users\user\Desktop\opencode\frontend\node_modules\@babel\parser\lib\index.js:10801:39
      at TypeScriptParserMixin.allowInAnd (C:\Users\user\Desktop\opencode\frontend\node_modules\@babel\parser\lib\index.js:12455:12)
      at TypeScriptParserMixin.parseExpression (C:\Users\user\Desktop\opencode\frontend\node_modules\@babel\parser\lib\index.js:10801:17)
      at TypeScriptParserMixin.jsxParseExpressionContainer (C:\Users\user\Desktop\opencode\frontend\node_modules\@babel\parser\lib\index.js:4648:31)
      at TypeScriptParserMixin.jsxParseElementAt (C:\Users\user\Desktop\opencode\frontend\node_modules\@babel\parser\lib\index.js:4727:36)
      at TypeScriptParserMixin.jsxParseElement (C:\Users\user\Desktop\opencode\frontend\node_modules\@babel\parser\lib\index.js:4765:17)
      at TypeScriptParserMixin.parseExprAtom (C:\Users\user\Desktop\opencode\frontend\node_modules\@babel\parser\lib\index.js:4775:19)
      at TypeScriptParserMixin.parseExprSubscripts (C:\Users\user\Desktop\opencode\frontend\node_modules\@babel\parser\lib\index.js:11102:23)
      at TypeScriptParserMixin.parseUpdate (C:\Users\user\Desktop\opencode\frontend\node_modules\@babel\parser\lib\index.js:11087:21)
      at TypeScriptParserMixin.parseMaybeUnary (C:\Users\user\Desktop\opencode\frontend\node_modules\@babel\parser\lib\index.js:11067:23)
[2m18:55:37[22m [31m[1m[vite][22m[39m [31mInternal server error: C:\Users\user\Desktop\opencode\frontend\src\pages\Admin.tsx: Expected corresponding JSX closing tag for <div>. (737:14)

[0m [90m 735 |[31m               [33m<[31m[33m/[31m[33mdiv[31m[33m>[31m
 [90m 736 |[31m                 ]}
[31m[1m>[22m[31m[90m 737 |[31m               [33m<[31m[33m/[31m[33mReorderablePanels[31m[33m>[31m
 [90m     |[31m               [31m[1m^[22m[31m
 [90m 738 |[31m             [33m<[31m[33m/[31m[33m>[31m
 [90m 739 |[31m           )}
 [90m 740 |[31m[0m[39m
  Plugin: [35mvite:react-babel[39m
  File: [36mC:/Users/user/Desktop/opencode/frontend/src/pages/Admin.tsx[39m:737:14
[33m  735|                </div>
  736|                  ]}
  737|                </ReorderablePanels>
     |                ^
  738|              </>
  739|            )}[39m
      at constructor (C:\Users\user\Desktop\opencode\frontend\node_modules\@babel\parser\lib\index.js:369:19)
      at TypeScriptParserMixin.raise (C:\Users\user\Desktop\opencode\frontend\node_modules\@babel\parser\lib\index.js:6620:19)
      at TypeScriptParserMixin.jsxParseElementAt (C:\Users\user\Desktop\opencode\frontend\node_modules\@babel\parser\lib\index.js:4743:16)
      at TypeScriptParserMixin.jsxParseElementAt (C:\Users\user\Desktop\opencode\frontend\node_modules\@babel\parser\lib\index.js:4714:32)
      at TypeScriptParserMixin.jsxParseElement (C:\Users\user\Desktop\opencode\frontend\node_modules\@babel\parser\lib\index.js:4765:17)
      at TypeScriptParserMixin.parseExprAtom (C:\Users\user\Desktop\opencode\frontend\node_modules\@babel\parser\lib\index.js:4775:19)
      at TypeScriptParserMixin.parseExprSubscripts (C:\Users\user\Desktop\opencode\frontend\node_modules\@babel\parser\lib\index.js:11102:23)
      at TypeScriptParserMixin.parseUpdate (C:\Users\user\Desktop\opencode\frontend\node_modules\@babel\parser\lib\index.js:11087:21)
      at TypeScriptParserMixin.parseMaybeUnary (C:\Users\user\Desktop\opencode\frontend\node_modules\@babel\parser\lib\index.js:11067:23)
      at TypeScriptParserMixin.parseMaybeUnary (C:\Users\user\Desktop\opencode\frontend\node_modules\@babel\parser\lib\index.js:9858:18)
      at TypeScriptParserMixin.parseMaybeUnaryOrPrivate (C:\Users\user\Desktop\opencode\frontend\node_modules\@babel\parser\lib\index.js:10920:61)
      at TypeScriptParserMixin.parseExprOps (C:\Users\user\Desktop\opencode\frontend\node_modules\@babel\parser\lib\index.js:10925:23)
      at TypeScriptParserMixin.parseMaybeConditional (C:\Users\user\Desktop\opencode\frontend\node_modules\@babel\parser\lib\index.js:10902:23)
      at TypeScriptParserMixin.parseMaybeAssign (C:\Users\user\Desktop\opencode\frontend\node_modules\@babel\parser\lib\index.js:10852:21)
      at C:\Users\user\Desktop\opencode\frontend\node_modules\@babel\parser\lib\index.js:9796:39
      at TypeScriptParserMixin.tryParse (C:\Users\user\Desktop\opencode\frontend\node_modules\@babel\parser\lib\index.js:6928:20)
      at TypeScriptParserMixin.parseMaybeAssign (C:\Users\user\Desktop\opencode\frontend\node_modules\@babel\parser\lib\index.js:9796:18)
      at C:\Users\user\Desktop\opencode\frontend\node_modules\@babel\parser\lib\index.js:10821:39
      at TypeScriptParserMixin.allowInAnd (C:\Users\user\Desktop\opencode\frontend\node_modules\@babel\parser\lib\index.js:12455:12)
      at TypeScriptParserMixin.parseMaybeAssignAllowIn (C:\Users\user\Desktop\opencode\frontend\node_modules\@babel\parser\lib\index.js:10821:17)
      at TypeScriptParserMixin.parseMaybeAssignAllowInOrVoidPattern (C:\Users\user\Desktop\opencode\frontend\node_modules\@babel\parser\lib\index.js:12522:17)
      at TypeScriptParserMixin.parseParenAndDistinguishExpression (C:\Users\user\Desktop\opencode\frontend\node_modules\@babel\parser\lib\index.js:11701:28)
      at TypeScriptParserMixin.parseExprAtom (C:\Users\user\Desktop\opencode\frontend\node_modules\@babel\parser\lib\index.js:11357:23)
      at TypeScriptParserMixin.parseExprAtom (C:\Users\user\Desktop\opencode\frontend\node_modules\@babel\parser\lib\index.js:4780:20)
      at TypeScriptParserMixin.parseExprSubscripts (C:\Users\user\Desktop\opencode\frontend\node_modules\@babel\parser\lib\index.js:11102:23)
      at TypeScriptParserMixin.parseUpdate (C:\Users\user\Desktop\opencode\frontend\node_modules\@babel\parser\lib\index.js:11087:21)
      at TypeScriptParserMixin.parseMaybeUnary (C:\Users\user\Desktop\opencode\frontend\node_modules\@babel\parser\lib\index.js:11067:23)
      at TypeScriptParserMixin.parseMaybeUnary (C:\Users\user\Desktop\opencode\frontend\node_modules\@babel\parser\lib\index.js:9858:18)
      at TypeScriptParserMixin.parseMaybeUnaryOrPrivate (C:\Users\user\Desktop\opencode\frontend\node_modules\@babel\parser\lib\index.js:10920:61)
      at TypeScriptParserMixin.parseExprOpBaseRightExpr (C:\Users\user\Desktop\opencode\frontend\node_modules\@babel\parser\lib\index.js:11007:34)
      at TypeScriptParserMixin.parseExprOpRightExpr (C:\Users\user\Desktop\opencode\frontend\node_modules\@babel\parser\lib\index.js:11002:21)
      at TypeScriptParserMixin.parseExprOp (C:\Users\user\Desktop\opencode\frontend\node_modules\@babel\parser\lib\index.js:10968:27)
      at TypeScriptParserMixin.parseExprOp (C:\Users\user\Desktop\opencode\frontend\node_modules\@babel\parser\lib\index.js:9327:18)
      at TypeScriptParserMixin.parseExprOp (C:\Users\user\Desktop\opencode\frontend\node_modules\@babel\parser\lib\index.js:10974:21)
      at TypeScriptParserMixin.parseExprOp (C:\Users\user\Desktop\opencode\frontend\node_modules\@babel\parser\lib\index.js:9327:18)
      at TypeScriptParserMixin.parseExprOps (C:\Users\user\Desktop\opencode\frontend\node_modules\@babel\parser\lib\index.js:10929:17)
      at TypeScriptParserMixin.parseMaybeConditional (C:\Users\user\Desktop\opencode\frontend\node_modules\@babel\parser\lib\index.js:10902:23)
      at TypeScriptParserMixin.parseMaybeAssign (C:\Users\user\Desktop\opencode\frontend\node_modules\@babel\parser\lib\index.js:10852:21)
      at TypeScriptParserMixin.parseMaybeAssign (C:\Users\user\Desktop\opencode\frontend\node_modules\@babel\parser\lib\index.js:9807:20)
      at TypeScriptParserMixin.parseExpressionBase (C:\Users\user\Desktop\opencode\frontend\node_modules\@babel\parser\lib\index.js:10805:23)
      at C:\Users\user\Desktop\opencode\frontend\node_modules\@babel\parser\lib\index.js:10801:39
      at TypeScriptParserMixin.allowInAnd (C:\Users\user\Desktop\opencode\frontend\node_modules\@babel\parser\lib\index.js:12455:12)
      at TypeScriptParserMixin.parseExpression (C:\Users\user\Desktop\opencode\frontend\node_modules\@babel\parser\lib\index.js:10801:17)
      at TypeScriptParserMixin.jsxParseExpressionContainer (C:\Users\user\Desktop\opencode\frontend\node_modules\@babel\parser\lib\index.js:4648:31)
      at TypeScriptParserMixin.jsxParseElementAt (C:\Users\user\Desktop\opencode\frontend\node_modules\@babel\parser\lib\index.js:4727:36)
      at TypeScriptParserMixin.jsxParseElement (C:\Users\user\Desktop\opencode\frontend\node_modules\@babel\parser\lib\index.js:4765:17)
      at TypeScriptParserMixin.parseExprAtom (C:\Users\user\Desktop\opencode\frontend\node_modules\@babel\parser\lib\index.js:4775:19)
      at TypeScriptParserMixin.parseExprSubscripts (C:\Users\user\Desktop\opencode\frontend\node_modules\@babel\parser\lib\index.js:11102:23)
      at TypeScriptParserMixin.parseUpdate (C:\Users\user\Desktop\opencode\frontend\node_modules\@babel\parser\lib\index.js:11087:21)
      at TypeScriptParserMixin.parseMaybeUnary (C:\Users\user\Desktop\opencode\frontend\node_modules\@babel\parser\lib\index.js:11067:23)
[2m18:55:43[22m [36m[1m[vite][22m[39m [32mhmr update [39m[2m/src/pages/Admin.tsx, /src/index.css[22m
[2m18:55:44[22m [31m[1m[vite][22m[39m [31mInternal server error: C:\Users\user\Desktop\opencode\frontend\src\pages\Admin.tsx: Expected corresponding JSX closing tag for <div>. (736:14)

[0m [90m 734 |[31m               [33m<[31m[33m/[31m[33mdiv[31m[33m>[31m
 [90m 735 |[31m                 ]}
[31m[1m>[22m[31m[90m 736 |[31m               [33m<[31m[33m/[31m[33mReorderablePanels[31m[33m>[31m
 [90m     |[31m               [31m[1m^[22m[31m
 [90m 737 |[31m             [33m<[31m[33m/[31m[33m>[31m
 [90m 738 |[31m           )}
 [90m 739 |[31m[0m[39m
  Plugin: [35mvite:react-babel[39m
  File: [36mC:/Users/user/Desktop/opencode/frontend/src/pages/Admin.tsx[39m:736:14
[33m  734|                </div>
  735|                  ]}
  736|                </ReorderablePanels>
     |                ^
  737|              </>
  738|            )}[39m
      at constructor (C:\Users\user\Desktop\opencode\frontend\node_modules\@babel\parser\lib\index.js:369:19)
      at TypeScriptParserMixin.raise (C:\Users\user\Desktop\opencode\frontend\node_modules\@babel\parser\lib\index.js:6620:19)
      at TypeScriptParserMixin.jsxParseElementAt (C:\Users\user\Desktop\opencode\frontend\node_modules\@babel\parser\lib\index.js:4743:16)
      at TypeScriptParserMixin.jsxParseElementAt (C:\Users\user\Desktop\opencode\frontend\node_modules\@babel\parser\lib\index.js:4714:32)
      at TypeScriptParserMixin.jsxParseElement (C:\Users\user\Desktop\opencode\frontend\node_modules\@babel\parser\lib\index.js:4765:17)
      at TypeScriptParserMixin.parseExprAtom (C:\Users\user\Desktop\opencode\frontend\node_modules\@babel\parser\lib\index.js:4775:19)
      at TypeScriptParserMixin.parseExprSubscripts (C:\Users\user\Desktop\opencode\frontend\node_modules\@babel\parser\lib\index.js:11102:23)
      at TypeScriptParserMixin.parseUpdate (C:\Users\user\Desktop\opencode\frontend\node_modules\@babel\parser\lib\index.js:11087:21)
      at TypeScriptParserMixin.parseMaybeUnary (C:\Users\user\Desktop\opencode\frontend\node_modules\@babel\parser\lib\index.js:11067:23)
      at TypeScriptParserMixin.parseMaybeUnary (C:\Users\user\Desktop\opencode\frontend\node_modules\@babel\parser\lib\index.js:9858:18)
      at TypeScriptParserMixin.parseMaybeUnaryOrPrivate (C:\Users\user\Desktop\opencode\frontend\node_modules\@babel\parser\lib\index.js:10920:61)
      at TypeScriptParserMixin.parseExprOps (C:\Users\user\Desktop\opencode\frontend\node_modules\@babel\parser\lib\index.js:10925:23)
      at TypeScriptParserMixin.parseMaybeConditional (C:\Users\user\Desktop\opencode\frontend\node_modules\@babel\parser\lib\index.js:10902:23)
      at TypeScriptParserMixin.parseMaybeAssign (C:\Users\user\Desktop\opencode\frontend\node_modules\@babel\parser\lib\index.js:10852:21)
      at C:\Users\user\Desktop\opencode\frontend\node_modules\@babel\parser\lib\index.js:9796:39
      at TypeScriptParserMixin.tryParse (C:\Users\user\Desktop\opencode\frontend\node_modules\@babel\parser\lib\index.js:6928:20)
      at TypeScriptParserMixin.parseMaybeAssign (C:\Users\user\Desktop\opencode\frontend\node_modules\@babel\parser\lib\index.js:9796:18)
      at C:\Users\user\Desktop\opencode\frontend\node_modules\@babel\parser\lib\index.js:10821:39
      at TypeScriptParserMixin.allowInAnd (C:\Users\user\Desktop\opencode\frontend\node_modules\@babel\parser\lib\index.js:12455:12)
      at TypeScriptParserMixin.parseMaybeAssignAllowIn (C:\Users\user\Desktop\opencode\frontend\node_modules\@babel\parser\lib\index.js:10821:17)
      at TypeScriptParserMixin.parseMaybeAssignAllowInOrVoidPattern (C:\Users\user\Desktop\opencode\frontend\node_modules\@babel\parser\lib\index.js:12522:17)
      at TypeScriptParserMixin.parseParenAndDistinguishExpression (C:\Users\user\Desktop\opencode\frontend\node_modules\@babel\parser\lib\index.js:11701:28)
      at TypeScriptParserMixin.parseExprAtom (C:\Users\user\Desktop\opencode\frontend\node_modules\@babel\parser\lib\index.js:11357:23)
      at TypeScriptParserMixin.parseExprAtom (C:\Users\user\Desktop\opencode\frontend\node_modules\@babel\parser\lib\index.js:4780:20)
      at TypeScriptParserMixin.parseExprSubscripts (C:\Users\user\Desktop\opencode\frontend\node_modules\@babel\parser\lib\index.js:11102:23)
      at TypeScriptParserMixin.parseUpdate (C:\Users\user\Desktop\opencode\frontend\node_modules\@babel\parser\lib\index.js:11087:21)
      at TypeScriptParserMixin.parseMaybeUnary (C:\Users\user\Desktop\opencode\frontend\node_modules\@babel\parser\lib\index.js:11067:23)
      at TypeScriptParserMixin.parseMaybeUnary (C:\Users\user\Desktop\opencode\frontend\node_modules\@babel\parser\lib\index.js:9858:18)
      at TypeScriptParserMixin.parseMaybeUnaryOrPrivate (C:\Users\user\Desktop\opencode\frontend\node_modules\@babel\parser\lib\index.js:10920:61)
      at TypeScriptParserMixin.parseExprOpBaseRightExpr (C:\Users\user\Desktop\opencode\frontend\node_modules\@babel\parser\lib\index.js:11007:34)
      at TypeScriptParserMixin.parseExprOpRightExpr (C:\Users\user\Desktop\opencode\frontend\node_modules\@babel\parser\lib\index.js:11002:21)
      at TypeScriptParserMixin.parseExprOp (C:\Users\user\Desktop\opencode\frontend\node_modules\@babel\parser\lib\index.js:10968:27)
      at TypeScriptParserMixin.parseExprOp (C:\Users\user\Desktop\opencode\frontend\node_modules\@babel\parser\lib\index.js:9327:18)
      at TypeScriptParserMixin.parseExprOp (C:\Users\user\Desktop\opencode\frontend\node_modules\@babel\parser\lib\index.js:10974:21)
      at TypeScriptParserMixin.parseExprOp (C:\Users\user\Desktop\opencode\frontend\node_modules\@babel\parser\lib\index.js:9327:18)
      at TypeScriptParserMixin.parseExprOps (C:\Users\user\Desktop\opencode\frontend\node_modules\@babel\parser\lib\index.js:10929:17)
      at TypeScriptParserMixin.parseMaybeConditional (C:\Users\user\Desktop\opencode\frontend\node_modules\@babel\parser\lib\index.js:10902:23)
      at TypeScriptParserMixin.parseMaybeAssign (C:\Users\user\Desktop\opencode\frontend\node_modules\@babel\parser\lib\index.js:10852:21)
      at TypeScriptParserMixin.parseMaybeAssign (C:\Users\user\Desktop\opencode\frontend\node_modules\@babel\parser\lib\index.js:9807:20)
      at TypeScriptParserMixin.parseExpressionBase (C:\Users\user\Desktop\opencode\frontend\node_modules\@babel\parser\lib\index.js:10805:23)
      at C:\Users\user\Desktop\opencode\frontend\node_modules\@babel\parser\lib\index.js:10801:39
      at TypeScriptParserMixin.allowInAnd (C:\Users\user\Desktop\opencode\frontend\node_modules\@babel\parser\lib\index.js:12455:12)
      at TypeScriptParserMixin.parseExpression (C:\Users\user\Desktop\opencode\frontend\node_modules\@babel\parser\lib\index.js:10801:17)
      at TypeScriptParserMixin.jsxParseExpressionContainer (C:\Users\user\Desktop\opencode\frontend\node_modules\@babel\parser\lib\index.js:4648:31)
      at TypeScriptParserMixin.jsxParseElementAt (C:\Users\user\Desktop\opencode\frontend\node_modules\@babel\parser\lib\index.js:4727:36)
      at TypeScriptParserMixin.jsxParseElement (C:\Users\user\Desktop\opencode\frontend\node_modules\@babel\parser\lib\index.js:4765:17)
      at TypeScriptParserMixin.parseExprAtom (C:\Users\user\Desktop\opencode\frontend\node_modules\@babel\parser\lib\index.js:4775:19)
      at TypeScriptParserMixin.parseExprSubscripts (C:\Users\user\Desktop\opencode\frontend\node_modules\@babel\parser\lib\index.js:11102:23)
      at TypeScriptParserMixin.parseUpdate (C:\Users\user\Desktop\opencode\frontend\node_modules\@babel\parser\lib\index.js:11087:21)
      at TypeScriptParserMixin.parseMaybeUnary (C:\Users\user\Desktop\opencode\frontend\node_modules\@babel\parser\lib\index.js:11067:23)
[2m18:55:44[22m [31m[1m[vite][22m[39m [31mInternal server error: C:\Users\user\Desktop\opencode\frontend\src\pages\Admin.tsx: Expected corresponding JSX closing tag for <div>. (736:14)

[0m [90m 734 |[31m               [33m<[31m[33m/[31m[33mdiv[31m[33m>[31m
 [90m 735 |[31m                 ]}
[31m[1m>[22m[31m[90m 736 |[31m               [33m<[31m[33m/[31m[33mReorderablePanels[31m[33m>[31m
 [90m     |[31m               [31m[1m^[22m[31m
 [90m 737 |[31m             [33m<[31m[33m/[31m[33m>[31m
 [90m 738 |[31m           )}
 [90m 739 |[31m[0m[39m
  Plugin: [35mvite:react-babel[39m
  File: [36mC:/Users/user/Desktop/opencode/frontend/src/pages/Admin.tsx[39m:736:14
[33m  734|                </div>
  735|                  ]}
  736|                </ReorderablePanels>
     |                ^
  737|              </>
  738|            )}[39m
      at constructor (C:\Users\user\Desktop\opencode\frontend\node_modules\@babel\parser\lib\index.js:369:19)
      at TypeScriptParserMixin.raise (C:\Users\user\Desktop\opencode\frontend\node_modules\@babel\parser\lib\index.js:6620:19)
      at TypeScriptParserMixin.jsxParseElementAt (C:\Users\user\Desktop\opencode\frontend\node_modules\@babel\parser\lib\index.js:4743:16)
      at TypeScriptParserMixin.jsxParseElementAt (C:\Users\user\Desktop\opencode\frontend\node_modules\@babel\parser\lib\index.js:4714:32)
      at TypeScriptParserMixin.jsxParseElement (C:\Users\user\Desktop\opencode\frontend\node_modules\@babel\parser\lib\index.js:4765:17)
      at TypeScriptParserMixin.parseExprAtom (C:\Users\user\Desktop\opencode\frontend\node_modules\@babel\parser\lib\index.js:4775:19)
      at TypeScriptParserMixin.parseExprSubscripts (C:\Users\user\Desktop\opencode\frontend\node_modules\@babel\parser\lib\index.js:11102:23)
      at TypeScriptParserMixin.parseUpdate (C:\Users\user\Desktop\opencode\frontend\node_modules\@babel\parser\lib\index.js:11087:21)
      at TypeScriptParserMixin.parseMaybeUnary (C:\Users\user\Desktop\opencode\frontend\node_modules\@babel\parser\lib\index.js:11067:23)
      at TypeScriptParserMixin.parseMaybeUnary (C:\Users\user\Desktop\opencode\frontend\node_modules\@babel\parser\lib\index.js:9858:18)
      at TypeScriptParserMixin.parseMaybeUnaryOrPrivate (C:\Users\user\Desktop\opencode\frontend\node_modules\@babel\parser\lib\index.js:10920:61)
      at TypeScriptParserMixin.parseExprOps (C:\Users\user\Desktop\opencode\frontend\node_modules\@babel\parser\lib\index.js:10925:23)
      at TypeScriptParserMixin.parseMaybeConditional (C:\Users\user\Desktop\opencode\frontend\node_modules\@babel\parser\lib\index.js:10902:23)
      at TypeScriptParserMixin.parseMaybeAssign (C:\Users\user\Desktop\opencode\frontend\node_modules\@babel\parser\lib\index.js:10852:21)
      at C:\Users\user\Desktop\opencode\frontend\node_modules\@babel\parser\lib\index.js:9796:39
      at TypeScriptParserMixin.tryParse (C:\Users\user\Desktop\opencode\frontend\node_modules\@babel\parser\lib\index.js:6928:20)
      at TypeScriptParserMixin.parseMaybeAssign (C:\Users\user\Desktop\opencode\frontend\node_modules\@babel\parser\lib\index.js:9796:18)
      at C:\Users\user\Desktop\opencode\frontend\node_modules\@babel\parser\lib\index.js:10821:39
      at TypeScriptParserMixin.allowInAnd (C:\Users\user\Desktop\opencode\frontend\node_modules\@babel\parser\lib\index.js:12455:12)
      at TypeScriptParserMixin.parseMaybeAssignAllowIn (C:\Users\user\Desktop\opencode\frontend\node_modules\@babel\parser\lib\index.js:10821:17)
      at TypeScriptParserMixin.parseMaybeAssignAllowInOrVoidPattern (C:\Users\user\Desktop\opencode\frontend\node_modules\@babel\parser\lib\index.js:12522:17)
      at TypeScriptParserMixin.parseParenAndDistinguishExpression (C:\Users\user\Desktop\opencode\frontend\node_modules\@babel\parser\lib\index.js:11701:28)
      at TypeScriptParserMixin.parseExprAtom (C:\Users\user\Desktop\opencode\frontend\node_modules\@babel\parser\lib\index.js:11357:23)
      at TypeScriptParserMixin.parseExprAtom (C:\Users\user\Desktop\opencode\frontend\node_modules\@babel\parser\lib\index.js:4780:20)
      at TypeScriptParserMixin.parseExprSubscripts (C:\Users\user\Desktop\opencode\frontend\node_modules\@babel\parser\lib\index.js:11102:23)
      at TypeScriptParserMixin.parseUpdate (C:\Users\user\Desktop\opencode\frontend\node_modules\@babel\parser\lib\index.js:11087:21)
      at TypeScriptParserMixin.parseMaybeUnary (C:\Users\user\Desktop\opencode\frontend\node_modules\@babel\parser\lib\index.js:11067:23)
      at TypeScriptParserMixin.parseMaybeUnary (C:\Users\user\Desktop\opencode\frontend\node_modules\@babel\parser\lib\index.js:9858:18)
      at TypeScriptParserMixin.parseMaybeUnaryOrPrivate (C:\Users\user\Desktop\opencode\frontend\node_modules\@babel\parser\lib\index.js:10920:61)
      at TypeScriptParserMixin.parseExprOpBaseRightExpr (C:\Users\user\Desktop\opencode\frontend\node_modules\@babel\parser\lib\index.js:11007:34)
      at TypeScriptParserMixin.parseExprOpRightExpr (C:\Users\user\Desktop\opencode\frontend\node_modules\@babel\parser\lib\index.js:11002:21)
      at TypeScriptParserMixin.parseExprOp (C:\Users\user\Desktop\opencode\frontend\node_modules\@babel\parser\lib\index.js:10968:27)
      at TypeScriptParserMixin.parseExprOp (C:\Users\user\Desktop\opencode\frontend\node_modules\@babel\parser\lib\index.js:9327:18)
      at TypeScriptParserMixin.parseExprOp (C:\Users\user\Desktop\opencode\frontend\node_modules\@babel\parser\lib\index.js:10974:21)
      at TypeScriptParserMixin.parseExprOp (C:\Users\user\Desktop\opencode\frontend\node_modules\@babel\parser\lib\index.js:9327:18)
      at TypeScriptParserMixin.parseExprOps (C:\Users\user\Desktop\opencode\frontend\node_modules\@babel\parser\lib\index.js:10929:17)
      at TypeScriptParserMixin.parseMaybeConditional (C:\Users\user\Desktop\opencode\frontend\node_modules\@babel\parser\lib\index.js:10902:23)
      at TypeScriptParserMixin.parseMaybeAssign (C:\Users\user\Desktop\opencode\frontend\node_modules\@babel\parser\lib\index.js:10852:21)
      at TypeScriptParserMixin.parseMaybeAssign (C:\Users\user\Desktop\opencode\frontend\node_modules\@babel\parser\lib\index.js:9807:20)
      at TypeScriptParserMixin.parseExpressionBase (C:\Users\user\Desktop\opencode\frontend\node_modules\@babel\parser\lib\index.js:10805:23)
      at C:\Users\user\Desktop\opencode\frontend\node_modules\@babel\parser\lib\index.js:10801:39
      at TypeScriptParserMixin.allowInAnd (C:\Users\user\Desktop\opencode\frontend\node_modules\@babel\parser\lib\index.js:12455:12)
      at TypeScriptParserMixin.parseExpression (C:\Users\user\Desktop\opencode\frontend\node_modules\@babel\parser\lib\index.js:10801:17)
      at TypeScriptParserMixin.jsxParseExpressionContainer (C:\Users\user\Desktop\opencode\frontend\node_modules\@babel\parser\lib\index.js:4648:31)
      at TypeScriptParserMixin.jsxParseElementAt (C:\Users\user\Desktop\opencode\frontend\node_modules\@babel\parser\lib\index.js:4727:36)
      at TypeScriptParserMixin.jsxParseElement (C:\Users\user\Desktop\opencode\frontend\node_modules\@babel\parser\lib\index.js:4765:17)
      at TypeScriptParserMixin.parseExprAtom (C:\Users\user\Desktop\opencode\frontend\node_modules\@babel\parser\lib\index.js:4775:19)
      at TypeScriptParserMixin.parseExprSubscripts (C:\Users\user\Desktop\opencode\frontend\node_modules\@babel\parser\lib\index.js:11102:23)
      at TypeScriptParserMixin.parseUpdate (C:\Users\user\Desktop\opencode\frontend\node_modules\@babel\parser\lib\index.js:11087:21)
      at TypeScriptParserMixin.parseMaybeUnary (C:\Users\user\Desktop\opencode\frontend\node_modules\@babel\parser\lib\index.js:11067:23)
[2m18:55:44[22m [31m[1m[vite][22m[39m [31mInternal server error: C:\Users\user\Desktop\opencode\frontend\src\pages\Admin.tsx: Expected corresponding JSX closing tag for <div>. (736:14)

[0m [90m 734 |[31m               [33m<[31m[33m/[31m[33mdiv[31m[33m>[31m
 [90m 735 |[31m                 ]}
[31m[1m>[22m[31m[90m 736 |[31m               [33m<[31m[33m/[31m[33mReorderablePanels[31m[33m>[31m
 [90m     |[31m               [31m[1m^[22m[31m
 [90m 737 |[31m             [33m<[31m[33m/[31m[33m>[31m
 [90m 738 |[31m           )}
 [90m 739 |[31m[0m[39m
  Plugin: [35mvite:react-babel[39m
  File: [36mC:/Users/user/Desktop/opencode/frontend/src/pages/Admin.tsx[39m:736:14
[33m  734|                </div>
  735|                  ]}
  736|                </ReorderablePanels>
     |                ^
  737|              </>
  738|            )}[39m
      at constructor (C:\Users\user\Desktop\opencode\frontend\node_modules\@babel\parser\lib\index.js:369:19)
      at TypeScriptParserMixin.raise (C:\Users\user\Desktop\opencode\frontend\node_modules\@babel\parser\lib\index.js:6620:19)
      at TypeScriptParserMixin.jsxParseElementAt (C:\Users\user\Desktop\opencode\frontend\node_modules\@babel\parser\lib\index.js:4743:16)
      at TypeScriptParserMixin.jsxParseElementAt (C:\Users\user\Desktop\opencode\frontend\node_modules\@babel\parser\lib\index.js:4714:32)
      at TypeScriptParserMixin.jsxParseElement (C:\Users\user\Desktop\opencode\frontend\node_modules\@babel\parser\lib\index.js:4765:17)
      at TypeScriptParserMixin.parseExprAtom (C:\Users\user\Desktop\opencode\frontend\node_modules\@babel\parser\lib\index.js:4775:19)
      at TypeScriptParserMixin.parseExprSubscripts (C:\Users\user\Desktop\opencode\frontend\node_modules\@babel\parser\lib\index.js:11102:23)
      at TypeScriptParserMixin.parseUpdate (C:\Users\user\Desktop\opencode\frontend\node_modules\@babel\parser\lib\index.js:11087:21)
      at TypeScriptParserMixin.parseMaybeUnary (C:\Users\user\Desktop\opencode\frontend\node_modules\@babel\parser\lib\index.js:11067:23)
      at TypeScriptParserMixin.parseMaybeUnary (C:\Users\user\Desktop\opencode\frontend\node_modules\@babel\parser\lib\index.js:9858:18)
      at TypeScriptParserMixin.parseMaybeUnaryOrPrivate (C:\Users\user\Desktop\opencode\frontend\node_modules\@babel\parser\lib\index.js:10920:61)
      at TypeScriptParserMixin.parseExprOps (C:\Users\user\Desktop\opencode\frontend\node_modules\@babel\parser\lib\index.js:10925:23)
      at TypeScriptParserMixin.parseMaybeConditional (C:\Users\user\Desktop\opencode\frontend\node_modules\@babel\parser\lib\index.js:10902:23)
      at TypeScriptParserMixin.parseMaybeAssign (C:\Users\user\Desktop\opencode\frontend\node_modules\@babel\parser\lib\index.js:10852:21)
      at C:\Users\user\Desktop\opencode\frontend\node_modules\@babel\parser\lib\index.js:9796:39
      at TypeScriptParserMixin.tryParse (C:\Users\user\Desktop\opencode\frontend\node_modules\@babel\parser\lib\index.js:6928:20)
      at TypeScriptParserMixin.parseMaybeAssign (C:\Users\user\Desktop\opencode\frontend\node_modules\@babel\parser\lib\index.js:9796:18)
      at C:\Users\user\Desktop\opencode\frontend\node_modules\@babel\parser\lib\index.js:10821:39
      at TypeScriptParserMixin.allowInAnd (C:\Users\user\Desktop\opencode\frontend\node_modules\@babel\parser\lib\index.js:12455:12)
      at TypeScriptParserMixin.parseMaybeAssignAllowIn (C:\Users\user\Desktop\opencode\frontend\node_modules\@babel\parser\lib\index.js:10821:17)
      at TypeScriptParserMixin.parseMaybeAssignAllowInOrVoidPattern (C:\Users\user\Desktop\opencode\frontend\node_modules\@babel\parser\lib\index.js:12522:17)
      at TypeScriptParserMixin.parseParenAndDistinguishExpression (C:\Users\user\Desktop\opencode\frontend\node_modules\@babel\parser\lib\index.js:11701:28)
      at TypeScriptParserMixin.parseExprAtom (C:\Users\user\Desktop\opencode\frontend\node_modules\@babel\parser\lib\index.js:11357:23)
      at TypeScriptParserMixin.parseExprAtom (C:\Users\user\Desktop\opencode\frontend\node_modules\@babel\parser\lib\index.js:4780:20)
      at TypeScriptParserMixin.parseExprSubscripts (C:\Users\user\Desktop\opencode\frontend\node_modules\@babel\parser\lib\index.js:11102:23)
      at TypeScriptParserMixin.parseUpdate (C:\Users\user\Desktop\opencode\frontend\node_modules\@babel\parser\lib\index.js:11087:21)
      at TypeScriptParserMixin.parseMaybeUnary (C:\Users\user\Desktop\opencode\frontend\node_modules\@babel\parser\lib\index.js:11067:23)
      at TypeScriptParserMixin.parseMaybeUnary (C:\Users\user\Desktop\opencode\frontend\node_modules\@babel\parser\lib\index.js:9858:18)
      at TypeScriptParserMixin.parseMaybeUnaryOrPrivate (C:\Users\user\Desktop\opencode\frontend\node_modules\@babel\parser\lib\index.js:10920:61)
      at TypeScriptParserMixin.parseExprOpBaseRightExpr (C:\Users\user\Desktop\opencode\frontend\node_modules\@babel\parser\lib\index.js:11007:34)
      at TypeScriptParserMixin.parseExprOpRightExpr (C:\Users\user\Desktop\opencode\frontend\node_modules\@babel\parser\lib\index.js:11002:21)
      at TypeScriptParserMixin.parseExprOp (C:\Users\user\Desktop\opencode\frontend\node_modules\@babel\parser\lib\index.js:10968:27)
      at TypeScriptParserMixin.parseExprOp (C:\Users\user\Desktop\opencode\frontend\node_modules\@babel\parser\lib\index.js:9327:18)
      at TypeScriptParserMixin.parseExprOp (C:\Users\user\Desktop\opencode\frontend\node_modules\@babel\parser\lib\index.js:10974:21)
      at TypeScriptParserMixin.parseExprOp (C:\Users\user\Desktop\opencode\frontend\node_modules\@babel\parser\lib\index.js:9327:18)
      at TypeScriptParserMixin.parseExprOps (C:\Users\user\Desktop\opencode\frontend\node_modules\@babel\parser\lib\index.js:10929:17)
      at TypeScriptParserMixin.parseMaybeConditional (C:\Users\user\Desktop\opencode\frontend\node_modules\@babel\parser\lib\index.js:10902:23)
      at TypeScriptParserMixin.parseMaybeAssign (C:\Users\user\Desktop\opencode\frontend\node_modules\@babel\parser\lib\index.js:10852:21)
      at TypeScriptParserMixin.parseMaybeAssign (C:\Users\user\Desktop\opencode\frontend\node_modules\@babel\parser\lib\index.js:9807:20)
      at TypeScriptParserMixin.parseExpressionBase (C:\Users\user\Desktop\opencode\frontend\node_modules\@babel\parser\lib\index.js:10805:23)
      at C:\Users\user\Desktop\opencode\frontend\node_modules\@babel\parser\lib\index.js:10801:39
      at TypeScriptParserMixin.allowInAnd (C:\Users\user\Desktop\opencode\frontend\node_modules\@babel\parser\lib\index.js:12455:12)
      at TypeScriptParserMixin.parseExpression (C:\Users\user\Desktop\opencode\frontend\node_modules\@babel\parser\lib\index.js:10801:17)
      at TypeScriptParserMixin.jsxParseExpressionContainer (C:\Users\user\Desktop\opencode\frontend\node_modules\@babel\parser\lib\index.js:4648:31)
      at TypeScriptParserMixin.jsxParseElementAt (C:\Users\user\Desktop\opencode\frontend\node_modules\@babel\parser\lib\index.js:4727:36)
      at TypeScriptParserMixin.jsxParseElement (C:\Users\user\Desktop\opencode\frontend\node_modules\@babel\parser\lib\index.js:4765:17)
      at TypeScriptParserMixin.parseExprAtom (C:\Users\user\Desktop\opencode\frontend\node_modules\@babel\parser\lib\index.js:4775:19)
      at TypeScriptParserMixin.parseExprSubscripts (C:\Users\user\Desktop\opencode\frontend\node_modules\@babel\parser\lib\index.js:11102:23)
      at TypeScriptParserMixin.parseUpdate (C:\Users\user\Desktop\opencode\frontend\node_modules\@babel\parser\lib\index.js:11087:21)
      at TypeScriptParserMixin.parseMaybeUnary (C:\Users\user\Desktop\opencode\frontend\node_modules\@babel\parser\lib\index.js:11067:23)
[2m18:55:45[22m [31m[1m[vite][22m[39m Pre-transform error: C:\Users\user\Desktop\opencode\frontend\src\pages\Admin.tsx: Expected corresponding JSX closing tag for <div>. (736:14)

[0m [90m 734 |[39m               [33m<[39m[33m/[39m[33mdiv[39m[33m>[39m
 [90m 735 |[39m                 ]}
[31m[1m>[22m[39m[90m 736 |[39m               [33m<[39m[33m/[39m[33mReorderablePanels[39m[33m>[39m
 [90m     |[39m               [31m[1m^[22m[39m
 [90m 737 |[39m             [33m<[39m[33m/[39m[33m>[39m
 [90m 738 |[39m           )}
 [90m 739 |[39m[0m
[2m18:55:46[22m [31m[1m[vite][22m[39m [31mInternal server error: C:\Users\user\Desktop\opencode\frontend\src\pages\Admin.tsx: Expected corresponding JSX closing tag for <div>. (736:14)

[0m [90m 734 |[31m               [33m<[31m[33m/[31m[33mdiv[31m[33m>[31m
 [90m 735 |[31m                 ]}
[31m[1m>[22m[31m[90m 736 |[31m               [33m<[31m[33m/[31m[33mReorderablePanels[31m[33m>[31m
 [90m     |[31m               [31m[1m^[22m[31m
 [90m 737 |[31m             [33m<[31m[33m/[31m[33m>[31m
 [90m 738 |[31m           )}
 [90m 739 |[31m[0m[39m
  Plugin: [35mvite:react-babel[39m
  File: [36mC:/Users/user/Desktop/opencode/frontend/src/pages/Admin.tsx[39m:736:14
[33m  734|                </div>
  735|                  ]}
  736|                </ReorderablePanels>
     |                ^
  737|              </>
  738|            )}[39m
      at constructor (C:\Users\user\Desktop\opencode\frontend\node_modules\@babel\parser\lib\index.js:369:19)
      at TypeScriptParserMixin.raise (C:\Users\user\Desktop\opencode\frontend\node_modules\@babel\parser\lib\index.js:6620:19)
      at TypeScriptParserMixin.jsxParseElementAt (C:\Users\user\Desktop\opencode\frontend\node_modules\@babel\parser\lib\index.js:4743:16)
      at TypeScriptParserMixin.jsxParseElementAt (C:\Users\user\Desktop\opencode\frontend\node_modules\@babel\parser\lib\index.js:4714:32)
      at TypeScriptParserMixin.jsxParseElement (C:\Users\user\Desktop\opencode\frontend\node_modules\@babel\parser\lib\index.js:4765:17)
      at TypeScriptParserMixin.parseExprAtom (C:\Users\user\Desktop\opencode\frontend\node_modules\@babel\parser\lib\index.js:4775:19)
      at TypeScriptParserMixin.parseExprSubscripts (C:\Users\user\Desktop\opencode\frontend\node_modules\@babel\parser\lib\index.js:11102:23)
      at TypeScriptParserMixin.parseUpdate (C:\Users\user\Desktop\opencode\frontend\node_modules\@babel\parser\lib\index.js:11087:21)
      at TypeScriptParserMixin.parseMaybeUnary (C:\Users\user\Desktop\opencode\frontend\node_modules\@babel\parser\lib\index.js:11067:23)
      at TypeScriptParserMixin.parseMaybeUnary (C:\Users\user\Desktop\opencode\frontend\node_modules\@babel\parser\lib\index.js:9858:18)
      at TypeScriptParserMixin.parseMaybeUnaryOrPrivate (C:\Users\user\Desktop\opencode\frontend\node_modules\@babel\parser\lib\index.js:10920:61)
      at TypeScriptParserMixin.parseExprOps (C:\Users\user\Desktop\opencode\frontend\node_modules\@babel\parser\lib\index.js:10925:23)
      at TypeScriptParserMixin.parseMaybeConditional (C:\Users\user\Desktop\opencode\frontend\node_modules\@babel\parser\lib\index.js:10902:23)
      at TypeScriptParserMixin.parseMaybeAssign (C:\Users\user\Desktop\opencode\frontend\node_modules\@babel\parser\lib\index.js:10852:21)
      at C:\Users\user\Desktop\opencode\frontend\node_modules\@babel\parser\lib\index.js:9796:39
      at TypeScriptParserMixin.tryParse (C:\Users\user\Desktop\opencode\frontend\node_modules\@babel\parser\lib\index.js:6928:20)
      at TypeScriptParserMixin.parseMaybeAssign (C:\Users\user\Desktop\opencode\frontend\node_modules\@babel\parser\lib\index.js:9796:18)
      at C:\Users\user\Desktop\opencode\frontend\node_modules\@babel\parser\lib\index.js:10821:39
      at TypeScriptParserMixin.allowInAnd (C:\Users\user\Desktop\opencode\frontend\node_modules\@babel\parser\lib\index.js:12455:12)
      at TypeScriptParserMixin.parseMaybeAssignAllowIn (C:\Users\user\Desktop\opencode\frontend\node_modules\@babel\parser\lib\index.js:10821:17)
      at TypeScriptParserMixin.parseMaybeAssignAllowInOrVoidPattern (C:\Users\user\Desktop\opencode\frontend\node_modules\@babel\parser\lib\index.js:12522:17)
      at TypeScriptParserMixin.parseParenAndDistinguishExpression (C:\Users\user\Desktop\opencode\frontend\node_modules\@babel\parser\lib\index.js:11701:28)
      at TypeScriptParserMixin.parseExprAtom (C:\Users\user\Desktop\opencode\frontend\node_modules\@babel\parser\lib\index.js:11357:23)
      at TypeScriptParserMixin.parseExprAtom (C:\Users\user\Desktop\opencode\frontend\node_modules\@babel\parser\lib\index.js:4780:20)
      at TypeScriptParserMixin.parseExprSubscripts (C:\Users\user\Desktop\opencode\frontend\node_modules\@babel\parser\lib\index.js:11102:23)
      at TypeScriptParserMixin.parseUpdate (C:\Users\user\Desktop\opencode\frontend\node_modules\@babel\parser\lib\index.js:11087:21)
      at TypeScriptParserMixin.parseMaybeUnary (C:\Users\user\Desktop\opencode\frontend\node_modules\@babel\parser\lib\index.js:11067:23)
      at TypeScriptParserMixin.parseMaybeUnary (C:\Users\user\Desktop\opencode\frontend\node_modules\@babel\parser\lib\index.js:9858:18)
      at TypeScriptParserMixin.parseMaybeUnaryOrPrivate (C:\Users\user\Desktop\opencode\frontend\node_modules\@babel\parser\lib\index.js:10920:61)
      at TypeScriptParserMixin.parseExprOpBaseRightExpr (C:\Users\user\Desktop\opencode\frontend\node_modules\@babel\parser\lib\index.js:11007:34)
      at TypeScriptParserMixin.parseExprOpRightExpr (C:\Users\user\Desktop\opencode\frontend\node_modules\@babel\parser\lib\index.js:11002:21)
      at TypeScriptParserMixin.parseExprOp (C:\Users\user\Desktop\opencode\frontend\node_modules\@babel\parser\lib\index.js:10968:27)
      at TypeScriptParserMixin.parseExprOp (C:\Users\user\Desktop\opencode\frontend\node_modules\@babel\parser\lib\index.js:9327:18)
      at TypeScriptParserMixin.parseExprOp (C:\Users\user\Desktop\opencode\frontend\node_modules\@babel\parser\lib\index.js:10974:21)
      at TypeScriptParserMixin.parseExprOp (C:\Users\user\Desktop\opencode\frontend\node_modules\@babel\parser\lib\index.js:9327:18)
      at TypeScriptParserMixin.parseExprOps (C:\Users\user\Desktop\opencode\frontend\node_modules\@babel\parser\lib\index.js:10929:17)
      at TypeScriptParserMixin.parseMaybeConditional (C:\Users\user\Desktop\opencode\frontend\node_modules\@babel\parser\lib\index.js:10902:23)
      at TypeScriptParserMixin.parseMaybeAssign (C:\Users\user\Desktop\opencode\frontend\node_modules\@babel\parser\lib\index.js:10852:21)
      at TypeScriptParserMixin.parseMaybeAssign (C:\Users\user\Desktop\opencode\frontend\node_modules\@babel\parser\lib\index.js:9807:20)
      at TypeScriptParserMixin.parseExpressionBase (C:\Users\user\Desktop\opencode\frontend\node_modules\@babel\parser\lib\index.js:10805:23)
      at C:\Users\user\Desktop\opencode\frontend\node_modules\@babel\parser\lib\index.js:10801:39
      at TypeScriptParserMixin.allowInAnd (C:\Users\user\Desktop\opencode\frontend\node_modules\@babel\parser\lib\index.js:12455:12)
      at TypeScriptParserMixin.parseExpression (C:\Users\user\Desktop\opencode\frontend\node_modules\@babel\parser\lib\index.js:10801:17)
      at TypeScriptParserMixin.jsxParseExpressionContainer (C:\Users\user\Desktop\opencode\frontend\node_modules\@babel\parser\lib\index.js:4648:31)
      at TypeScriptParserMixin.jsxParseElementAt (C:\Users\user\Desktop\opencode\frontend\node_modules\@babel\parser\lib\index.js:4727:36)
      at TypeScriptParserMixin.jsxParseElement (C:\Users\user\Desktop\opencode\frontend\node_modules\@babel\parser\lib\index.js:4765:17)
      at TypeScriptParserMixin.parseExprAtom (C:\Users\user\Desktop\opencode\frontend\node_modules\@babel\parser\lib\index.js:4775:19)
      at TypeScriptParserMixin.parseExprSubscripts (C:\Users\user\Desktop\opencode\frontend\node_modules\@babel\parser\lib\index.js:11102:23)
      at TypeScriptParserMixin.parseUpdate (C:\Users\user\Desktop\opencode\frontend\node_modules\@babel\parser\lib\index.js:11087:21)
      at TypeScriptParserMixin.parseMaybeUnary (C:\Users\user\Desktop\opencode\frontend\node_modules\@babel\parser\lib\index.js:11067:23)
[2m18:55:46[22m [36m[1m[vite][22m[39m [32mhmr update [39m[2m/src/pages/Admin.tsx, /src/index.css[22m
[2m18:55:46[22m [31m[1m[vite][22m[39m Pre-transform error: C:\Users\user\Desktop\opencode\frontend\src\pages\Admin.tsx: Expected corresponding JSX closing tag for <>. (736:14)

[0m [90m 734 |[39m               [33m<[39m[33m/[39m[33mdiv[39m[33m>[39m
 [90m 735 |[39m                 ]}
[31m[1m>[22m[39m[90m 736 |[39m               [33m<[39m[33m/[39m[33mReorderablePanels[39m[33m>[39m
 [90m     |[39m               [31m[1m^[22m[39m
 [90m 737 |[39m             [33m<[39m[33m/[39m[33m>[39m
 [90m 738 |[39m           )}
 [90m 739 |[39m[0m
[2m18:55:47[22m [31m[1m[vite][22m[39m [31mInternal server error: C:\Users\user\Desktop\opencode\frontend\src\pages\Admin.tsx: Expected corresponding JSX closing tag for <>. (736:14)

[0m [90m 734 |[31m               [33m<[31m[33m/[31m[33mdiv[31m[33m>[31m
 [90m 735 |[31m                 ]}
[31m[1m>[22m[31m[90m 736 |[31m               [33m<[31m[33m/[31m[33mReorderablePanels[31m[33m>[31m
 [90m     |[31m               [31m[1m^[22m[31m
 [90m 737 |[31m             [33m<[31m[33m/[31m[33m>[31m
 [90m 738 |[31m           )}
 [90m 739 |[31m[0m[39m
  Plugin: [35mvite:react-babel[39m
  File: [36mC:/Users/user/Desktop/opencode/frontend/src/pages/Admin.tsx[39m:736:14
[33m  734|                </div>
  735|                  ]}
  736|                </ReorderablePanels>
     |                ^
  737|              </>
  738|            )}[39m
      at constructor (C:\Users\user\Desktop\opencode\frontend\node_modules\@babel\parser\lib\index.js:369:19)
      at TypeScriptParserMixin.raise (C:\Users\user\Desktop\opencode\frontend\node_modules\@babel\parser\lib\index.js:6620:19)
      at TypeScriptParserMixin.jsxParseElementAt (C:\Users\user\Desktop\opencode\frontend\node_modules\@babel\parser\lib\index.js:4736:14)
      at TypeScriptParserMixin.jsxParseElement (C:\Users\user\Desktop\opencode\frontend\node_modules\@babel\parser\lib\index.js:4765:17)
      at TypeScriptParserMixin.parseExprAtom (C:\Users\user\Desktop\opencode\frontend\node_modules\@babel\parser\lib\index.js:4775:19)
      at TypeScriptParserMixin.parseExprSubscripts (C:\Users\user\Desktop\opencode\frontend\node_modules\@babel\parser\lib\index.js:11102:23)
      at TypeScriptParserMixin.parseUpdate (C:\Users\user\Desktop\opencode\frontend\node_modules\@babel\parser\lib\index.js:11087:21)
      at TypeScriptParserMixin.parseMaybeUnary (C:\Users\user\Desktop\opencode\frontend\node_modules\@babel\parser\lib\index.js:11067:23)
      at TypeScriptParserMixin.parseMaybeUnary (C:\Users\user\Desktop\opencode\frontend\node_modules\@babel\parser\lib\index.js:9858:18)
      at TypeScriptParserMixin.parseMaybeUnaryOrPrivate (C:\Users\user\Desktop\opencode\frontend\node_modules\@babel\parser\lib\index.js:10920:61)
      at TypeScriptParserMixin.parseExprOps (C:\Users\user\Desktop\opencode\frontend\node_modules\@babel\parser\lib\index.js:10925:23)
      at TypeScriptParserMixin.parseMaybeConditional (C:\Users\user\Desktop\opencode\frontend\node_modules\@babel\parser\lib\index.js:10902:23)
      at TypeScriptParserMixin.parseMaybeAssign (C:\Users\user\Desktop\opencode\frontend\node_modules\@babel\parser\lib\index.js:10852:21)
      at C:\Users\user\Desktop\opencode\frontend\node_modules\@babel\parser\lib\index.js:9796:39
      at TypeScriptParserMixin.tryParse (C:\Users\user\Desktop\opencode\frontend\node_modules\@babel\parser\lib\index.js:6928:20)
      at TypeScriptParserMixin.parseMaybeAssign (C:\Users\user\Desktop\opencode\frontend\node_modules\@babel\parser\lib\index.js:9796:18)
      at C:\Users\user\Desktop\opencode\frontend\node_modules\@babel\parser\lib\index.js:10821:39
      at TypeScriptParserMixin.allowInAnd (C:\Users\user\Desktop\opencode\frontend\node_modules\@babel\parser\lib\index.js:12455:12)
      at TypeScriptParserMixin.parseMaybeAssignAllowIn (C:\Users\user\Desktop\opencode\frontend\node_modules\@babel\parser\lib\index.js:10821:17)
      at TypeScriptParserMixin.parseMaybeAssignAllowInOrVoidPattern (C:\Users\user\Desktop\opencode\frontend\node_modules\@babel\parser\lib\index.js:12522:17)
      at TypeScriptParserMixin.parseParenAndDistinguishExpression (C:\Users\user\Desktop\opencode\frontend\node_modules\@babel\parser\lib\index.js:11701:28)
      at TypeScriptParserMixin.parseExprAtom (C:\Users\user\Desktop\opencode\frontend\node_modules\@babel\parser\lib\index.js:11357:23)
      at TypeScriptParserMixin.parseExprAtom (C:\Users\user\Desktop\opencode\frontend\node_modules\@babel\parser\lib\index.js:4780:20)
      at TypeScriptParserMixin.parseExprSubscripts (C:\Users\user\Desktop\opencode\frontend\node_modules\@babel\parser\lib\index.js:11102:23)
      at TypeScriptParserMixin.parseUpdate (C:\Users\user\Desktop\opencode\frontend\node_modules\@babel\parser\lib\index.js:11087:21)
      at TypeScriptParserMixin.parseMaybeUnary (C:\Users\user\Desktop\opencode\frontend\node_modules\@babel\parser\lib\index.js:11067:23)
      at TypeScriptParserMixin.parseMaybeUnary (C:\Users\user\Desktop\opencode\frontend\node_modules\@babel\parser\lib\index.js:9858:18)
      at TypeScriptParserMixin.parseMaybeUnaryOrPrivate (C:\Users\user\Desktop\opencode\frontend\node_modules\@babel\parser\lib\index.js:10920:61)
      at TypeScriptParserMixin.parseExprOpBaseRightExpr (C:\Users\user\Desktop\opencode\frontend\node_modules\@babel\parser\lib\index.js:11007:34)
      at TypeScriptParserMixin.parseExprOpRightExpr (C:\Users\user\Desktop\opencode\frontend\node_modules\@babel\parser\lib\index.js:11002:21)
      at TypeScriptParserMixin.parseExprOp (C:\Users\user\Desktop\opencode\frontend\node_modules\@babel\parser\lib\index.js:10968:27)
      at TypeScriptParserMixin.parseExprOp (C:\Users\user\Desktop\opencode\frontend\node_modules\@babel\parser\lib\index.js:9327:18)
      at TypeScriptParserMixin.parseExprOp (C:\Users\user\Desktop\opencode\frontend\node_modules\@babel\parser\lib\index.js:10974:21)
      at TypeScriptParserMixin.parseExprOp (C:\Users\user\Desktop\opencode\frontend\node_modules\@babel\parser\lib\index.js:9327:18)
      at TypeScriptParserMixin.parseExprOps (C:\Users\user\Desktop\opencode\frontend\node_modules\@babel\parser\lib\index.js:10929:17)
      at TypeScriptParserMixin.parseMaybeConditional (C:\Users\user\Desktop\opencode\frontend\node_modules\@babel\parser\lib\index.js:10902:23)
      at TypeScriptParserMixin.parseMaybeAssign (C:\Users\user\Desktop\opencode\frontend\node_modules\@babel\parser\lib\index.js:10852:21)
      at TypeScriptParserMixin.parseMaybeAssign (C:\Users\user\Desktop\opencode\frontend\node_modules\@babel\parser\lib\index.js:9807:20)
      at TypeScriptParserMixin.parseExpressionBase (C:\Users\user\Desktop\opencode\frontend\node_modules\@babel\parser\lib\index.js:10805:23)
      at C:\Users\user\Desktop\opencode\frontend\node_modules\@babel\parser\lib\index.js:10801:39
      at TypeScriptParserMixin.allowInAnd (C:\Users\user\Desktop\opencode\frontend\node_modules\@babel\parser\lib\index.js:12455:12)
      at TypeScriptParserMixin.parseExpression (C:\Users\user\Desktop\opencode\frontend\node_modules\@babel\parser\lib\index.js:10801:17)
      at TypeScriptParserMixin.jsxParseExpressionContainer (C:\Users\user\Desktop\opencode\frontend\node_modules\@babel\parser\lib\index.js:4648:31)
      at TypeScriptParserMixin.jsxParseElementAt (C:\Users\user\Desktop\opencode\frontend\node_modules\@babel\parser\lib\index.js:4727:36)
      at TypeScriptParserMixin.jsxParseElement (C:\Users\user\Desktop\opencode\frontend\node_modules\@babel\parser\lib\index.js:4765:17)
      at TypeScriptParserMixin.parseExprAtom (C:\Users\user\Desktop\opencode\frontend\node_modules\@babel\parser\lib\index.js:4775:19)
      at TypeScriptParserMixin.parseExprSubscripts (C:\Users\user\Desktop\opencode\frontend\node_modules\@babel\parser\lib\index.js:11102:23)
      at TypeScriptParserMixin.parseUpdate (C:\Users\user\Desktop\opencode\frontend\node_modules\@babel\parser\lib\index.js:11087:21)
      at TypeScriptParserMixin.parseMaybeUnary (C:\Users\user\Desktop\opencode\frontend\node_modules\@babel\parser\lib\index.js:11067:23)
      at TypeScriptParserMixin.parseMaybeUnary (C:\Users\user\Desktop\opencode\frontend\node_modules\@babel\parser\lib\index.js:9858:18)
[2m18:55:47[22m [31m[1m[vite][22m[39m [31mInternal server error: C:\Users\user\Desktop\opencode\frontend\src\pages\Admin.tsx: Expected corresponding JSX closing tag for <>. (736:14)

[0m [90m 734 |[31m               [33m<[31m[33m/[31m[33mdiv[31m[33m>[31m
 [90m 735 |[31m                 ]}
[31m[1m>[22m[31m[90m 736 |[31m               [33m<[31m[33m/[31m[33mReorderablePanels[31m[33m>[31m
 [90m     |[31m               [31m[1m^[22m[31m
 [90m 737 |[31m             [33m<[31m[33m/[31m[33m>[31m
 [90m 738 |[31m           )}
 [90m 739 |[31m[0m[39m
  Plugin: [35mvite:react-babel[39m
  File: [36mC:/Users/user/Desktop/opencode/frontend/src/pages/Admin.tsx[39m:736:14
[33m  734|                </div>
  735|                  ]}
  736|                </ReorderablePanels>
     |                ^
  737|              </>
  738|            )}[39m
      at constructor (C:\Users\user\Desktop\opencode\frontend\node_modules\@babel\parser\lib\index.js:369:19)
      at TypeScriptParserMixin.raise (C:\Users\user\Desktop\opencode\frontend\node_modules\@babel\parser\lib\index.js:6620:19)
      at TypeScriptParserMixin.jsxParseElementAt (C:\Users\user\Desktop\opencode\frontend\node_modules\@babel\parser\lib\index.js:4736:14)
      at TypeScriptParserMixin.jsxParseElement (C:\Users\user\Desktop\opencode\frontend\node_modules\@babel\parser\lib\index.js:4765:17)
      at TypeScriptParserMixin.parseExprAtom (C:\Users\user\Desktop\opencode\frontend\node_modules\@babel\parser\lib\index.js:4775:19)
      at TypeScriptParserMixin.parseExprSubscripts (C:\Users\user\Desktop\opencode\frontend\node_modules\@babel\parser\lib\index.js:11102:23)
      at TypeScriptParserMixin.parseUpdate (C:\Users\user\Desktop\opencode\frontend\node_modules\@babel\parser\lib\index.js:11087:21)
      at TypeScriptParserMixin.parseMaybeUnary (C:\Users\user\Desktop\opencode\frontend\node_modules\@babel\parser\lib\index.js:11067:23)
      at TypeScriptParserMixin.parseMaybeUnary (C:\Users\user\Desktop\opencode\frontend\node_modules\@babel\parser\lib\index.js:9858:18)
      at TypeScriptParserMixin.parseMaybeUnaryOrPrivate (C:\Users\user\Desktop\opencode\frontend\node_modules\@babel\parser\lib\index.js:10920:61)
      at TypeScriptParserMixin.parseExprOps (C:\Users\user\Desktop\opencode\frontend\node_modules\@babel\parser\lib\index.js:10925:23)
      at TypeScriptParserMixin.parseMaybeConditional (C:\Users\user\Desktop\opencode\frontend\node_modules\@babel\parser\lib\index.js:10902:23)
      at TypeScriptParserMixin.parseMaybeAssign (C:\Users\user\Desktop\opencode\frontend\node_modules\@babel\parser\lib\index.js:10852:21)
      at C:\Users\user\Desktop\opencode\frontend\node_modules\@babel\parser\lib\index.js:9796:39
      at TypeScriptParserMixin.tryParse (C:\Users\user\Desktop\opencode\frontend\node_modules\@babel\parser\lib\index.js:6928:20)
      at TypeScriptParserMixin.parseMaybeAssign (C:\Users\user\Desktop\opencode\frontend\node_modules\@babel\parser\lib\index.js:9796:18)
      at C:\Users\user\Desktop\opencode\frontend\node_modules\@babel\parser\lib\index.js:10821:39
      at TypeScriptParserMixin.allowInAnd (C:\Users\user\Desktop\opencode\frontend\node_modules\@babel\parser\lib\index.js:12455:12)
      at TypeScriptParserMixin.parseMaybeAssignAllowIn (C:\Users\user\Desktop\opencode\frontend\node_modules\@babel\parser\lib\index.js:10821:17)
      at TypeScriptParserMixin.parseMaybeAssignAllowInOrVoidPattern (C:\Users\user\Desktop\opencode\frontend\node_modules\@babel\parser\lib\index.js:12522:17)
      at TypeScriptParserMixin.parseParenAndDistinguishExpression (C:\Users\user\Desktop\opencode\frontend\node_modules\@babel\parser\lib\index.js:11701:28)
      at TypeScriptParserMixin.parseExprAtom (C:\Users\user\Desktop\opencode\frontend\node_modules\@babel\parser\lib\index.js:11357:23)
      at TypeScriptParserMixin.parseExprAtom (C:\Users\user\Desktop\opencode\frontend\node_modules\@babel\parser\lib\index.js:4780:20)
      at TypeScriptParserMixin.parseExprSubscripts (C:\Users\user\Desktop\opencode\frontend\node_modules\@babel\parser\lib\index.js:11102:23)
      at TypeScriptParserMixin.parseUpdate (C:\Users\user\Desktop\opencode\frontend\node_modules\@babel\parser\lib\index.js:11087:21)
      at TypeScriptParserMixin.parseMaybeUnary (C:\Users\user\Desktop\opencode\frontend\node_modules\@babel\parser\lib\index.js:11067:23)
      at TypeScriptParserMixin.parseMaybeUnary (C:\Users\user\Desktop\opencode\frontend\node_modules\@babel\parser\lib\index.js:9858:18)
      at TypeScriptParserMixin.parseMaybeUnaryOrPrivate (C:\Users\user\Desktop\opencode\frontend\node_modules\@babel\parser\lib\index.js:10920:61)
      at TypeScriptParserMixin.parseExprOpBaseRightExpr (C:\Users\user\Desktop\opencode\frontend\node_modules\@babel\parser\lib\index.js:11007:34)
      at TypeScriptParserMixin.parseExprOpRightExpr (C:\Users\user\Desktop\opencode\frontend\node_modules\@babel\parser\lib\index.js:11002:21)
      at TypeScriptParserMixin.parseExprOp (C:\Users\user\Desktop\opencode\frontend\node_modules\@babel\parser\lib\index.js:10968:27)
      at TypeScriptParserMixin.parseExprOp (C:\Users\user\Desktop\opencode\frontend\node_modules\@babel\parser\lib\index.js:9327:18)
      at TypeScriptParserMixin.parseExprOp (C:\Users\user\Desktop\opencode\frontend\node_modules\@babel\parser\lib\index.js:10974:21)
      at TypeScriptParserMixin.parseExprOp (C:\Users\user\Desktop\opencode\frontend\node_modules\@babel\parser\lib\index.js:9327:18)
      at TypeScriptParserMixin.parseExprOps (C:\Users\user\Desktop\opencode\frontend\node_modules\@babel\parser\lib\index.js:10929:17)
      at TypeScriptParserMixin.parseMaybeConditional (C:\Users\user\Desktop\opencode\frontend\node_modules\@babel\parser\lib\index.js:10902:23)
      at TypeScriptParserMixin.parseMaybeAssign (C:\Users\user\Desktop\opencode\frontend\node_modules\@babel\parser\lib\index.js:10852:21)
      at TypeScriptParserMixin.parseMaybeAssign (C:\Users\user\Desktop\opencode\frontend\node_modules\@babel\parser\lib\index.js:9807:20)
      at TypeScriptParserMixin.parseExpressionBase (C:\Users\user\Desktop\opencode\frontend\node_modules\@babel\parser\lib\index.js:10805:23)
      at C:\Users\user\Desktop\opencode\frontend\node_modules\@babel\parser\lib\index.js:10801:39
      at TypeScriptParserMixin.allowInAnd (C:\Users\user\Desktop\opencode\frontend\node_modules\@babel\parser\lib\index.js:12455:12)
      at TypeScriptParserMixin.parseExpression (C:\Users\user\Desktop\opencode\frontend\node_modules\@babel\parser\lib\index.js:10801:17)
      at TypeScriptParserMixin.jsxParseExpressionContainer (C:\Users\user\Desktop\opencode\frontend\node_modules\@babel\parser\lib\index.js:4648:31)
      at TypeScriptParserMixin.jsxParseElementAt (C:\Users\user\Desktop\opencode\frontend\node_modules\@babel\parser\lib\index.js:4727:36)
      at TypeScriptParserMixin.jsxParseElement (C:\Users\user\Desktop\opencode\frontend\node_modules\@babel\parser\lib\index.js:4765:17)
      at TypeScriptParserMixin.parseExprAtom (C:\Users\user\Desktop\opencode\frontend\node_modules\@babel\parser\lib\index.js:4775:19)
      at TypeScriptParserMixin.parseExprSubscripts (C:\Users\user\Desktop\opencode\frontend\node_modules\@babel\parser\lib\index.js:11102:23)
      at TypeScriptParserMixin.parseUpdate (C:\Users\user\Desktop\opencode\frontend\node_modules\@babel\parser\lib\index.js:11087:21)
      at TypeScriptParserMixin.parseMaybeUnary (C:\Users\user\Desktop\opencode\frontend\node_modules\@babel\parser\lib\index.js:11067:23)
      at TypeScriptParserMixin.parseMaybeUnary (C:\Users\user\Desktop\opencode\frontend\node_modules\@babel\parser\lib\index.js:9858:18)
[2m18:55:47[22m [31m[1m[vite][22m[39m [31mInternal server error: C:\Users\user\Desktop\opencode\frontend\src\pages\Admin.tsx: Expected corresponding JSX closing tag for <>. (736:14)

[0m [90m 734 |[31m               [33m<[31m[33m/[31m[33mdiv[31m[33m>[31m
 [90m 735 |[31m                 ]}
[31m[1m>[22m[31m[90m 736 |[31m               [33m<[31m[33m/[31m[33mReorderablePanels[31m[33m>[31m
 [90m     |[31m               [31m[1m^[22m[31m
 [90m 737 |[31m             [33m<[31m[33m/[31m[33m>[31m
 [90m 738 |[31m           )}
 [90m 739 |[31m[0m[39m
  Plugin: [35mvite:react-babel[39m
  File: [36mC:/Users/user/Desktop/opencode/frontend/src/pages/Admin.tsx[39m:736:14
[33m  734|                </div>
  735|                  ]}
  736|                </ReorderablePanels>
     |                ^
  737|              </>
  738|            )}[39m
      at constructor (C:\Users\user\Desktop\opencode\frontend\node_modules\@babel\parser\lib\index.js:369:19)
      at TypeScriptParserMixin.raise (C:\Users\user\Desktop\opencode\frontend\node_modules\@babel\parser\lib\index.js:6620:19)
      at TypeScriptParserMixin.jsxParseElementAt (C:\Users\user\Desktop\opencode\frontend\node_modules\@babel\parser\lib\index.js:4736:14)
      at TypeScriptParserMixin.jsxParseElement (C:\Users\user\Desktop\opencode\frontend\node_modules\@babel\parser\lib\index.js:4765:17)
      at TypeScriptParserMixin.parseExprAtom (C:\Users\user\Desktop\opencode\frontend\node_modules\@babel\parser\lib\index.js:4775:19)
      at TypeScriptParserMixin.parseExprSubscripts (C:\Users\user\Desktop\opencode\frontend\node_modules\@babel\parser\lib\index.js:11102:23)
      at TypeScriptParserMixin.parseUpdate (C:\Users\user\Desktop\opencode\frontend\node_modules\@babel\parser\lib\index.js:11087:21)
      at TypeScriptParserMixin.parseMaybeUnary (C:\Users\user\Desktop\opencode\frontend\node_modules\@babel\parser\lib\index.js:11067:23)
      at TypeScriptParserMixin.parseMaybeUnary (C:\Users\user\Desktop\opencode\frontend\node_modules\@babel\parser\lib\index.js:9858:18)
      at TypeScriptParserMixin.parseMaybeUnaryOrPrivate (C:\Users\user\Desktop\opencode\frontend\node_modules\@babel\parser\lib\index.js:10920:61)
      at TypeScriptParserMixin.parseExprOps (C:\Users\user\Desktop\opencode\frontend\node_modules\@babel\parser\lib\index.js:10925:23)
      at TypeScriptParserMixin.parseMaybeConditional (C:\Users\user\Desktop\opencode\frontend\node_modules\@babel\parser\lib\index.js:10902:23)
      at TypeScriptParserMixin.parseMaybeAssign (C:\Users\user\Desktop\opencode\frontend\node_modules\@babel\parser\lib\index.js:10852:21)
      at C:\Users\user\Desktop\opencode\frontend\node_modules\@babel\parser\lib\index.js:9796:39
      at TypeScriptParserMixin.tryParse (C:\Users\user\Desktop\opencode\frontend\node_modules\@babel\parser\lib\index.js:6928:20)
      at TypeScriptParserMixin.parseMaybeAssign (C:\Users\user\Desktop\opencode\frontend\node_modules\@babel\parser\lib\index.js:9796:18)
      at C:\Users\user\Desktop\opencode\frontend\node_modules\@babel\parser\lib\index.js:10821:39
      at TypeScriptParserMixin.allowInAnd (C:\Users\user\Desktop\opencode\frontend\node_modules\@babel\parser\lib\index.js:12455:12)
      at TypeScriptParserMixin.parseMaybeAssignAllowIn (C:\Users\user\Desktop\opencode\frontend\node_modules\@babel\parser\lib\index.js:10821:17)
      at TypeScriptParserMixin.parseMaybeAssignAllowInOrVoidPattern (C:\Users\user\Desktop\opencode\frontend\node_modules\@babel\parser\lib\index.js:12522:17)
      at TypeScriptParserMixin.parseParenAndDistinguishExpression (C:\Users\user\Desktop\opencode\frontend\node_modules\@babel\parser\lib\index.js:11701:28)
      at TypeScriptParserMixin.parseExprAtom (C:\Users\user\Desktop\opencode\frontend\node_modules\@babel\parser\lib\index.js:11357:23)
      at TypeScriptParserMixin.parseExprAtom (C:\Users\user\Desktop\opencode\frontend\node_modules\@babel\parser\lib\index.js:4780:20)
      at TypeScriptParserMixin.parseExprSubscripts (C:\Users\user\Desktop\opencode\frontend\node_modules\@babel\parser\lib\index.js:11102:23)
      at TypeScriptParserMixin.parseUpdate (C:\Users\user\Desktop\opencode\frontend\node_modules\@babel\parser\lib\index.js:11087:21)
      at TypeScriptParserMixin.parseMaybeUnary (C:\Users\user\Desktop\opencode\frontend\node_modules\@babel\parser\lib\index.js:11067:23)
      at TypeScriptParserMixin.parseMaybeUnary (C:\Users\user\Desktop\opencode\frontend\node_modules\@babel\parser\lib\index.js:9858:18)
      at TypeScriptParserMixin.parseMaybeUnaryOrPrivate (C:\Users\user\Desktop\opencode\frontend\node_modules\@babel\parser\lib\index.js:10920:61)
      at TypeScriptParserMixin.parseExprOpBaseRightExpr (C:\Users\user\Desktop\opencode\frontend\node_modules\@babel\parser\lib\index.js:11007:34)
      at TypeScriptParserMixin.parseExprOpRightExpr (C:\Users\user\Desktop\opencode\frontend\node_modules\@babel\parser\lib\index.js:11002:21)
      at TypeScriptParserMixin.parseExprOp (C:\Users\user\Desktop\opencode\frontend\node_modules\@babel\parser\lib\index.js:10968:27)
      at TypeScriptParserMixin.parseExprOp (C:\Users\user\Desktop\opencode\frontend\node_modules\@babel\parser\lib\index.js:9327:18)
      at TypeScriptParserMixin.parseExprOp (C:\Users\user\Desktop\opencode\frontend\node_modules\@babel\parser\lib\index.js:10974:21)
      at TypeScriptParserMixin.parseExprOp (C:\Users\user\Desktop\opencode\frontend\node_modules\@babel\parser\lib\index.js:9327:18)
      at TypeScriptParserMixin.parseExprOps (C:\Users\user\Desktop\opencode\frontend\node_modules\@babel\parser\lib\index.js:10929:17)
      at TypeScriptParserMixin.parseMaybeConditional (C:\Users\user\Desktop\opencode\frontend\node_modules\@babel\parser\lib\index.js:10902:23)
      at TypeScriptParserMixin.parseMaybeAssign (C:\Users\user\Desktop\opencode\frontend\node_modules\@babel\parser\lib\index.js:10852:21)
      at TypeScriptParserMixin.parseMaybeAssign (C:\Users\user\Desktop\opencode\frontend\node_modules\@babel\parser\lib\index.js:9807:20)
      at TypeScriptParserMixin.parseExpressionBase (C:\Users\user\Desktop\opencode\frontend\node_modules\@babel\parser\lib\index.js:10805:23)
      at C:\Users\user\Desktop\opencode\frontend\node_modules\@babel\parser\lib\index.js:10801:39
      at TypeScriptParserMixin.allowInAnd (C:\Users\user\Desktop\opencode\frontend\node_modules\@babel\parser\lib\index.js:12455:12)
      at TypeScriptParserMixin.parseExpression (C:\Users\user\Desktop\opencode\frontend\node_modules\@babel\parser\lib\index.js:10801:17)
      at TypeScriptParserMixin.jsxParseExpressionContainer (C:\Users\user\Desktop\opencode\frontend\node_modules\@babel\parser\lib\index.js:4648:31)
      at TypeScriptParserMixin.jsxParseElementAt (C:\Users\user\Desktop\opencode\frontend\node_modules\@babel\parser\lib\index.js:4727:36)
      at TypeScriptParserMixin.jsxParseElement (C:\Users\user\Desktop\opencode\frontend\node_modules\@babel\parser\lib\index.js:4765:17)
      at TypeScriptParserMixin.parseExprAtom (C:\Users\user\Desktop\opencode\frontend\node_modules\@babel\parser\lib\index.js:4775:19)
      at TypeScriptParserMixin.parseExprSubscripts (C:\Users\user\Desktop\opencode\frontend\node_modules\@babel\parser\lib\index.js:11102:23)
      at TypeScriptParserMixin.parseUpdate (C:\Users\user\Desktop\opencode\frontend\node_modules\@babel\parser\lib\index.js:11087:21)
      at TypeScriptParserMixin.parseMaybeUnary (C:\Users\user\Desktop\opencode\frontend\node_modules\@babel\parser\lib\index.js:11067:23)
      at TypeScriptParserMixin.parseMaybeUnary (C:\Users\user\Desktop\opencode\frontend\node_modules\@babel\parser\lib\index.js:9858:18)
[2m18:55:48[22m [36m[1m[vite][22m[39m [32mhmr update [39m[2m/src/pages/Admin.tsx, /src/index.css[22m
[2m19:20:32[22m [36m[1m[vite][22m[39m [32mpage reload [39m[2msrc/types/index.ts[22m
[2m19:20:35[22m [31m[1m[vite][22m[39m [31mhttp proxy error: /api/auth/me[39m
AggregateError [ECONNREFUSED]: 
    at internalConnectMultiple (node:net:1339:18)
    at afterConnectMultiple (node:net:1942:7)
[2m19:20:35[22m [31m[1m[vite][22m[39m [31mhttp proxy error: /api/auth/me[39m
AggregateError [ECONNREFUSED]: 
    at internalConnectMultiple (node:net:1339:18)
    at afterConnectMultiple (node:net:1942:7)
[2m19:20:35[22m [31m[1m[vite][22m[39m [31mhttp proxy error: /api/auth/me[39m
AggregateError [ECONNREFUSED]: 
    at internalConnectMultiple (node:net:1339:18)
    at afterConnectMultiple (node:net:1942:7)
[2m19:20:35[22m [31m[1m[vite][22m[39m [31mhttp proxy error: /api/auth/me[39m
AggregateError [ECONNREFUSED]: 
    at internalConnectMultiple (node:net:1339:18)
    at afterConnectMultiple (node:net:1942:7)
[2m19:20:48[22m [36m[1m[vite][22m[39m [32mhmr update [39m[2m/src/pages/Accounts.tsx, /src/index.css[22m
[2m19:21:56[22m [31m[1m[vite][22m[39m [31mhttp proxy error: /api/auth/me[39m
AggregateError [ECONNREFUSED]: 
    at internalConnectMultiple (node:net:1339:18)
    at afterConnectMultiple (node:net:1942:7)
[2m19:21:56[22m [31m[1m[vite][22m[39m [31mhttp proxy error: /api/auth/me[39m
AggregateError [ECONNREFUSED]: 
    at internalConnectMultiple (node:net:1339:18)
    at afterConnectMultiple (node:net:1942:7)
[2m19:22:16[22m [36m[1m[vite][22m[39m [32mhmr update [39m[2m/src/pages/Accounts.tsx, /src/index.css[22m
[2m19:22:32[22m [36m[1m[vite][22m[39m [32mhmr update [39m[2m/src/pages/Dashboard.tsx, /src/index.css[22m
[2m19:22:39[22m [36m[1m[vite][22m[39m [32mhmr update [39m[2m/src/pages/Dashboard.tsx, /src/index.css[22m
[2m19:27:37[22m [31m[1m[vite][22m[39m [31mhttp proxy error: /api/accounts[39m
AggregateError [ECONNREFUSED]: 
    at internalConnectMultiple (node:net:1339:18)
    at afterConnectMultiple (node:net:1942:7)
[2m19:27:37[22m [31m[1m[vite][22m[39m [31mhttp proxy error: /api/transactions?startDate=2026-08-01T03%3A00%3A00.000Z&endDate=2026-08-19T22%3A27%3A37.265Z[39m
AggregateError [ECONNREFUSED]: 
    at internalConnectMultiple (node:net:1339:18)
    at afterConnectMultiple (node:net:1942:7)
[2m19:27:37[22m [31m[1m[vite][22m[39m [31mhttp proxy error: /api/transactions?startDate=2026-08-01T03%3A00%3A00.000Z&endDate=2026-08-19T22%3A27%3A37.266Z[39m
AggregateError [ECONNREFUSED]: 
    at internalConnectMultiple (node:net:1339:18)
    at afterConnectMultiple (node:net:1942:7)
[2m19:27:37[22m [31m[1m[vite][22m[39m [31mhttp proxy error: /api/transactions/summary[39m
AggregateError [ECONNREFUSED]: 
    at internalConnectMultiple (node:net:1339:18)
    at afterConnectMultiple (node:net:1942:7)
[2m19:27:37[22m [31m[1m[vite][22m[39m [31mhttp proxy error: /api/budgets[39m
AggregateError [ECONNREFUSED]: 
    at internalConnectMultiple (node:net:1339:18)
    at afterConnectMultiple (node:net:1942:7)
[2m19:27:37[22m [31m[1m[vite][22m[39m [31mhttp proxy error: /api/goals[39m
AggregateError [ECONNREFUSED]: 
    at internalConnectMultiple (node:net:1339:18)
    at afterConnectMultiple (node:net:1942:7)
[2m19:27:37[22m [31m[1m[vite][22m[39m [31mhttp proxy error: /api/transactions/monthly-balances?[39m
AggregateError [ECONNREFUSED]: 
    at internalConnectMultiple (node:net:1339:18)
    at afterConnectMultiple (node:net:1942:7)
[2m19:27:37[22m [31m[1m[vite][22m[39m [31mhttp proxy error: /api/accounts[39m
AggregateError [ECONNREFUSED]: 
    at internalConnectMultiple (node:net:1339:18)
    at afterConnectMultiple (node:net:1942:7)
[2m19:27:37[22m [31m[1m[vite][22m[39m [31mhttp proxy error: /api/transactions/summary[39m
AggregateError [ECONNREFUSED]: 
    at internalConnectMultiple (node:net:1339:18)
    at afterConnectMultiple (node:net:1942:7)
[2m19:27:37[22m [31m[1m[vite][22m[39m [31mhttp proxy error: /api/budgets[39m
AggregateError [ECONNREFUSED]: 
    at internalConnectMultiple (node:net:1339:18)
    at afterConnectMultiple (node:net:1942:7)
[2m19:27:37[22m [31m[1m[vite][22m[39m [31mhttp proxy error: /api/goals[39m
AggregateError [ECONNREFUSED]: 
    at internalConnectMultiple (node:net:1339:18)
    at afterConnectMultiple (node:net:1942:7)
[2m19:27:37[22m [31m[1m[vite][22m[39m [31mhttp proxy error: /api/transactions/monthly-balances?[39m
AggregateError [ECONNREFUSED]: 
    at internalConnectMultiple (node:net:1339:18)
    at afterConnectMultiple (node:net:1942:7)
[2m19:27:37[22m [31m[1m[vite][22m[39m [31mhttp proxy error: /api/transactions/monthly-balances?[39m
AggregateError [ECONNREFUSED]: 
    at internalConnectMultiple (node:net:1339:18)
    at afterConnectMultiple (node:net:1942:7)
[2m19:27:37[22m [31m[1m[vite][22m[39m [31mhttp proxy error: /api/transactions/monthly-balances?[39m
AggregateError [ECONNREFUSED]: 
    at internalConnectMultiple (node:net:1339:18)
    at afterConnectMultiple (node:net:1942:7)
[2m19:27:53[22m [36m[1m[vite][22m[39m [32mhmr update [39m[2m/src/pages/Categories.tsx, /src/index.css[22m
[2m19:28:02[22m [31m[1m[vite][22m[39m [31mhttp proxy error: /api/accounts[39m
AggregateError [ECONNREFUSED]: 
    at internalConnectMultiple (node:net:1339:18)
    at afterConnectMultiple (node:net:1942:7)
[2m19:28:02[22m [31m[1m[vite][22m[39m [31mhttp proxy error: /api/accounts[39m
AggregateError [ECONNREFUSED]: 
    at internalConnectMultiple (node:net:1339:18)
    at afterConnectMultiple (node:net:1942:7)
[2m19:28:11[22m [31m[1m[vite][22m[39m [31mhttp proxy error: /api/users[39m
AggregateError [ECONNREFUSED]: 
    at internalConnectMultiple (node:net:1339:18)
    at afterConnectMultiple (node:net:1942:7)
[2m19:28:11[22m [31m[1m[vite][22m[39m [31mhttp proxy error: /api/users/stats[39m
AggregateError [ECONNREFUSED]: 
    at internalConnectMultiple (node:net:1339:18)
    at afterConnectMultiple (node:net:1942:7)
[2m19:28:11[22m [31m[1m[vite][22m[39m [31mhttp proxy error: /api/users[39m
AggregateError [ECONNREFUSED]: 
    at internalConnectMultiple (node:net:1339:18)
    at afterConnectMultiple (node:net:1942:7)
[2m19:28:11[22m [31m[1m[vite][22m[39m [31mhttp proxy error: /api/users/stats[39m
AggregateError [ECONNREFUSED]: 
    at internalConnectMultiple (node:net:1339:18)
    at afterConnectMultiple (node:net:1942:7)
[2m19:28:16[22m [31m[1m[vite][22m[39m [31mhttp proxy error: /api/accounts[39m
AggregateError [ECONNREFUSED]: 
    at internalConnectMultiple (node:net:1339:18)
    at afterConnectMultiple (node:net:1942:7)
[2m19:28:16[22m [31m[1m[vite][22m[39m [31mhttp proxy error: /api/accounts[39m
AggregateError [ECONNREFUSED]: 
    at internalConnectMultiple (node:net:1339:18)
    at afterConnectMultiple (node:net:1942:7)
[2m19:28:18[22m [31m[1m[vite][22m[39m [31mhttp proxy error: /api/accounts/0c85df62-45ac-4bc8-a281-987e96b19378/share[39m
AggregateError [ECONNREFUSED]: 
    at internalConnectMultiple (node:net:1339:18)
    at afterConnectMultiple (node:net:1942:7)
[2m19:39:20[22m [36m[1m[vite][22m[39m [32mpage reload [39m[2msrc/types/index.ts[22m
[2m19:39:23[22m [31m[1m[vite][22m[39m [31mhttp proxy error: /api/auth/me[39m
AggregateError [ECONNREFUSED]: 
    at internalConnectMultiple (node:net:1339:18)
    at afterConnectMultiple (node:net:1942:7)
[2m19:39:23[22m [31m[1m[vite][22m[39m [31mhttp proxy error: /api/auth/me[39m
AggregateError [ECONNREFUSED]: 
    at internalConnectMultiple (node:net:1339:18)
    at afterConnectMultiple (node:net:1942:7)
[2m19:39:23[22m [31m[1m[vite][22m[39m [31mhttp proxy error: /api/auth/me[39m
AggregateError [ECONNREFUSED]: 
    at internalConnectMultiple (node:net:1339:18)
    at afterConnectMultiple (node:net:1942:7)
[2m19:39:23[22m [31m[1m[vite][22m[39m [31mhttp proxy error: /api/auth/me[39m
AggregateError [ECONNREFUSED]: 
    at internalConnectMultiple (node:net:1339:18)
    at afterConnectMultiple (node:net:1942:7)
[2m19:39:23[22m [31m[1m[vite][22m[39m [31mhttp proxy error: /api/auth/me[39m
AggregateError [ECONNREFUSED]: 
    at internalConnectMultiple (node:net:1339:18)
    at afterConnectMultiple (node:net:1942:7)
[2m19:39:23[22m [31m[1m[vite][22m[39m [31mhttp proxy error: /api/auth/me[39m
AggregateError [ECONNREFUSED]: 
    at internalConnectMultiple (node:net:1339:18)
    at afterConnectMultiple (node:net:1942:7)
[2m19:39:24[22m [36m[1m[vite][22m[39m [32mhmr update [39m[2m/src/pages/MasterDashboard.tsx, /src/index.css[22m
[2m19:39:28[22m [36m[1m[vite][22m[39m [32mhmr update [39m[2m/src/pages/MasterDashboard.tsx, /src/index.css[22m
[2m19:39:30[22m [36m[1m[vite][22m[39m [32mhmr update [39m[2m/src/pages/MasterDashboard.tsx, /src/index.css[22m
[2m19:39:33[22m [36m[1m[vite][22m[39m [32mhmr update [39m[2m/src/pages/MasterDashboard.tsx, /src/index.css[22m
[2m19:39:35[22m [36m[1m[vite][22m[39m [32mhmr update [39m[2m/src/pages/MasterDashboard.tsx, /src/index.css[22m
[2m19:39:48[22m [36m[1m[vite][22m[39m [32mhmr update [39m[2m/src/pages/MasterDashboard.tsx, /src/index.css[22m
[2m19:39:48[22m [31m[1m[vite][22m[39m [31mInternal server error: C:\Users\user\Desktop\opencode\frontend\src\pages\MasterDashboard.tsx: Unexpected token, expected "," (492:8)

[0m [90m 490 |[31m         )}
 [90m 491 |[31m         [33m<[31m[33m/[31m[33mdiv[31m[33m>[31m
[31m[1m>[22m[31m[90m 492 |[31m         }
 [90m     |[31m         [31m[1m^[22m[31m
 [90m 493 |[31m         [33m,[31m
 [90m 494 |[31m
 [90m 495 |[31m         [90m/* Vinculacao de Contas */[31m[0m[39m
  Plugin: [35mvite:react-babel[39m
  File: [36mC:/Users/user/Desktop/opencode/frontend/src/pages/MasterDashboard.tsx[39m:492:8
[33m  490|          )}
  491|          </div>
  492|          }
     |          ^
  493|          ,
  494|  [39m
      at constructor (C:\Users\user\Desktop\opencode\frontend\node_modules\@babel\parser\lib\index.js:369:19)
      at TypeScriptParserMixin.raise (C:\Users\user\Desktop\opencode\frontend\node_modules\@babel\parser\lib\index.js:6620:19)
      at TypeScriptParserMixin.unexpected (C:\Users\user\Desktop\opencode\frontend\node_modules\@babel\parser\lib\index.js:6640:16)
      at TypeScriptParserMixin.expect (C:\Users\user\Desktop\opencode\frontend\node_modules\@babel\parser\lib\index.js:6920:12)
      at TypeScriptParserMixin.parseExprList (C:\Users\user\Desktop\opencode\frontend\node_modules\@babel\parser\lib\index.js:12170:14)
      at TypeScriptParserMixin.parseArrayLike (C:\Users\user\Desktop\opencode\frontend\node_modules\@babel\parser\lib\index.js:12086:26)
      at TypeScriptParserMixin.parseArrayLike (C:\Users\user\Desktop\opencode\frontend\node_modules\@babel\parser\lib\index.js:9214:24)
      at TypeScriptParserMixin.parseExprAtom (C:\Users\user\Desktop\opencode\frontend\node_modules\@babel\parser\lib\index.js:11361:23)
      at TypeScriptParserMixin.parseExprAtom (C:\Users\user\Desktop\opencode\frontend\node_modules\@babel\parser\lib\index.js:4780:20)
      at TypeScriptParserMixin.parseExprSubscripts (C:\Users\user\Desktop\opencode\frontend\node_modules\@babel\parser\lib\index.js:11102:23)
      at TypeScriptParserMixin.parseUpdate (C:\Users\user\Desktop\opencode\frontend\node_modules\@babel\parser\lib\index.js:11087:21)
      at TypeScriptParserMixin.parseMaybeUnary (C:\Users\user\Desktop\opencode\frontend\node_modules\@babel\parser\lib\index.js:11067:23)
      at TypeScriptParserMixin.parseMaybeUnary (C:\Users\user\Desktop\opencode\frontend\node_modules\@babel\parser\lib\index.js:9858:18)
      at TypeScriptParserMixin.parseMaybeUnaryOrPrivate (C:\Users\user\Desktop\opencode\frontend\node_modules\@babel\parser\lib\index.js:10920:61)
      at TypeScriptParserMixin.parseExprOps (C:\Users\user\Desktop\opencode\frontend\node_modules\@babel\parser\lib\index.js:10925:23)
      at TypeScriptParserMixin.parseMaybeConditional (C:\Users\user\Desktop\opencode\frontend\node_modules\@babel\parser\lib\index.js:10902:23)
      at TypeScriptParserMixin.parseMaybeAssign (C:\Users\user\Desktop\opencode\frontend\node_modules\@babel\parser\lib\index.js:10852:21)
      at TypeScriptParserMixin.parseMaybeAssign (C:\Users\user\Desktop\opencode\frontend\node_modules\@babel\parser\lib\index.js:9807:20)
      at TypeScriptParserMixin.parseExpressionBase (C:\Users\user\Desktop\opencode\frontend\node_modules\@babel\parser\lib\index.js:10805:23)
      at C:\Users\user\Desktop\opencode\frontend\node_modules\@babel\parser\lib\index.js:10801:39
      at TypeScriptParserMixin.allowInAnd (C:\Users\user\Desktop\opencode\frontend\node_modules\@babel\parser\lib\index.js:12455:12)
      at TypeScriptParserMixin.parseExpression (C:\Users\user\Desktop\opencode\frontend\node_modules\@babel\parser\lib\index.js:10801:17)
      at TypeScriptParserMixin.jsxParseExpressionContainer (C:\Users\user\Desktop\opencode\frontend\node_modules\@babel\parser\lib\index.js:4648:31)
      at TypeScriptParserMixin.jsxParseElementAt (C:\Users\user\Desktop\opencode\frontend\node_modules\@babel\parser\lib\index.js:4727:36)
      at TypeScriptParserMixin.jsxParseElementAt (C:\Users\user\Desktop\opencode\frontend\node_modules\@babel\parser\lib\index.js:4714:32)
      at TypeScriptParserMixin.jsxParseElement (C:\Users\user\Desktop\opencode\frontend\node_modules\@babel\parser\lib\index.js:4765:17)
      at TypeScriptParserMixin.parseExprAtom (C:\Users\user\Desktop\opencode\frontend\node_modules\@babel\parser\lib\index.js:4775:19)
      at TypeScriptParserMixin.parseExprSubscripts (C:\Users\user\Desktop\opencode\frontend\node_modules\@babel\parser\lib\index.js:11102:23)
      at TypeScriptParserMixin.parseUpdate (C:\Users\user\Desktop\opencode\frontend\node_modules\@babel\parser\lib\index.js:11087:21)
      at TypeScriptParserMixin.parseMaybeUnary (C:\Users\user\Desktop\opencode\frontend\node_modules\@babel\parser\lib\index.js:11067:23)
      at TypeScriptParserMixin.parseMaybeUnary (C:\Users\user\Desktop\opencode\frontend\node_modules\@babel\parser\lib\index.js:9858:18)
      at TypeScriptParserMixin.parseMaybeUnaryOrPrivate (C:\Users\user\Desktop\opencode\frontend\node_modules\@babel\parser\lib\index.js:10920:61)
      at TypeScriptParserMixin.parseExprOps (C:\Users\user\Desktop\opencode\frontend\node_modules\@babel\parser\lib\index.js:10925:23)
      at TypeScriptParserMixin.parseMaybeConditional (C:\Users\user\Desktop\opencode\frontend\node_modules\@babel\parser\lib\index.js:10902:23)
      at TypeScriptParserMixin.parseMaybeAssign (C:\Users\user\Desktop\opencode\frontend\node_modules\@babel\parser\lib\index.js:10852:21)
      at C:\Users\user\Desktop\opencode\frontend\node_modules\@babel\parser\lib\index.js:9796:39
      at TypeScriptParserMixin.tryParse (C:\Users\user\Desktop\opencode\frontend\node_modules\@babel\parser\lib\index.js:6928:20)
      at TypeScriptParserMixin.parseMaybeAssign (C:\Users\user\Desktop\opencode\frontend\node_modules\@babel\parser\lib\index.js:9796:18)
      at C:\Users\user\Desktop\opencode\frontend\node_modules\@babel\parser\lib\index.js:10821:39
      at TypeScriptParserMixin.allowInAnd (C:\Users\user\Desktop\opencode\frontend\node_modules\@babel\parser\lib\index.js:12455:12)
      at TypeScriptParserMixin.parseMaybeAssignAllowIn (C:\Users\user\Desktop\opencode\frontend\node_modules\@babel\parser\lib\index.js:10821:17)
      at TypeScriptParserMixin.parseMaybeAssignAllowInOrVoidPattern (C:\Users\user\Desktop\opencode\frontend\node_modules\@babel\parser\lib\index.js:12522:17)
      at TypeScriptParserMixin.parseParenAndDistinguishExpression (C:\Users\user\Desktop\opencode\frontend\node_modules\@babel\parser\lib\index.js:11701:28)
      at TypeScriptParserMixin.parseExprAtom (C:\Users\user\Desktop\opencode\frontend\node_modules\@babel\parser\lib\index.js:11357:23)
      at TypeScriptParserMixin.parseExprAtom (C:\Users\user\Desktop\opencode\frontend\node_modules\@babel\parser\lib\index.js:4780:20)
      at TypeScriptParserMixin.parseExprSubscripts (C:\Users\user\Desktop\opencode\frontend\node_modules\@babel\parser\lib\index.js:11102:23)
      at TypeScriptParserMixin.parseUpdate (C:\Users\user\Desktop\opencode\frontend\node_modules\@babel\parser\lib\index.js:11087:21)
      at TypeScriptParserMixin.parseMaybeUnary (C:\Users\user\Desktop\opencode\frontend\node_modules\@babel\parser\lib\index.js:11067:23)
      at TypeScriptParserMixin.parseMaybeUnary (C:\Users\user\Desktop\opencode\frontend\node_modules\@babel\parser\lib\index.js:9858:18)
      at TypeScriptParserMixin.parseMaybeUnaryOrPrivate (C:\Users\user\Desktop\opencode\frontend\node_modules\@babel\parser\lib\index.js:10920:61)
[2m19:39:48[22m [31m[1m[vite][22m[39m [31mInternal server error: C:\Users\user\Desktop\opencode\frontend\src\pages\MasterDashboard.tsx: Unexpected token, expected "," (492:8)

[0m [90m 490 |[31m         )}
 [90m 491 |[31m         [33m<[31m[33m/[31m[33mdiv[31m[33m>[31m
[31m[1m>[22m[31m[90m 492 |[31m         }
 [90m     |[31m         [31m[1m^[22m[31m
 [90m 493 |[31m         [33m,[31m
 [90m 494 |[31m
 [90m 495 |[31m         [90m/* Vinculacao de Contas */[31m[0m[39m
  Plugin: [35mvite:react-babel[39m
  File: [36mC:/Users/user/Desktop/opencode/frontend/src/pages/MasterDashboard.tsx[39m:492:8
[33m  490|          )}
  491|          </div>
  492|          }
     |          ^
  493|          ,
  494|  [39m
      at constructor (C:\Users\user\Desktop\opencode\frontend\node_modules\@babel\parser\lib\index.js:369:19)
      at TypeScriptParserMixin.raise (C:\Users\user\Desktop\opencode\frontend\node_modules\@babel\parser\lib\index.js:6620:19)
      at TypeScriptParserMixin.unexpected (C:\Users\user\Desktop\opencode\frontend\node_modules\@babel\parser\lib\index.js:6640:16)
      at TypeScriptParserMixin.expect (C:\Users\user\Desktop\opencode\frontend\node_modules\@babel\parser\lib\index.js:6920:12)
      at TypeScriptParserMixin.parseExprList (C:\Users\user\Desktop\opencode\frontend\node_modules\@babel\parser\lib\index.js:12170:14)
      at TypeScriptParserMixin.parseArrayLike (C:\Users\user\Desktop\opencode\frontend\node_modules\@babel\parser\lib\index.js:12086:26)
      at TypeScriptParserMixin.parseArrayLike (C:\Users\user\Desktop\opencode\frontend\node_modules\@babel\parser\lib\index.js:9214:24)
      at TypeScriptParserMixin.parseExprAtom (C:\Users\user\Desktop\opencode\frontend\node_modules\@babel\parser\lib\index.js:11361:23)
      at TypeScriptParserMixin.parseExprAtom (C:\Users\user\Desktop\opencode\frontend\node_modules\@babel\parser\lib\index.js:4780:20)
      at TypeScriptParserMixin.parseExprSubscripts (C:\Users\user\Desktop\opencode\frontend\node_modules\@babel\parser\lib\index.js:11102:23)
      at TypeScriptParserMixin.parseUpdate (C:\Users\user\Desktop\opencode\frontend\node_modules\@babel\parser\lib\index.js:11087:21)
      at TypeScriptParserMixin.parseMaybeUnary (C:\Users\user\Desktop\opencode\frontend\node_modules\@babel\parser\lib\index.js:11067:23)
      at TypeScriptParserMixin.parseMaybeUnary (C:\Users\user\Desktop\opencode\frontend\node_modules\@babel\parser\lib\index.js:9858:18)
      at TypeScriptParserMixin.parseMaybeUnaryOrPrivate (C:\Users\user\Desktop\opencode\frontend\node_modules\@babel\parser\lib\index.js:10920:61)
      at TypeScriptParserMixin.parseExprOps (C:\Users\user\Desktop\opencode\frontend\node_modules\@babel\parser\lib\index.js:10925:23)
      at TypeScriptParserMixin.parseMaybeConditional (C:\Users\user\Desktop\opencode\frontend\node_modules\@babel\parser\lib\index.js:10902:23)
      at TypeScriptParserMixin.parseMaybeAssign (C:\Users\user\Desktop\opencode\frontend\node_modules\@babel\parser\lib\index.js:10852:21)
      at TypeScriptParserMixin.parseMaybeAssign (C:\Users\user\Desktop\opencode\frontend\node_modules\@babel\parser\lib\index.js:9807:20)
      at TypeScriptParserMixin.parseExpressionBase (C:\Users\user\Desktop\opencode\frontend\node_modules\@babel\parser\lib\index.js:10805:23)
      at C:\Users\user\Desktop\opencode\frontend\node_modules\@babel\parser\lib\index.js:10801:39
      at TypeScriptParserMixin.allowInAnd (C:\Users\user\Desktop\opencode\frontend\node_modules\@babel\parser\lib\index.js:12455:12)
      at TypeScriptParserMixin.parseExpression (C:\Users\user\Desktop\opencode\frontend\node_modules\@babel\parser\lib\index.js:10801:17)
      at TypeScriptParserMixin.jsxParseExpressionContainer (C:\Users\user\Desktop\opencode\frontend\node_modules\@babel\parser\lib\index.js:4648:31)
      at TypeScriptParserMixin.jsxParseElementAt (C:\Users\user\Desktop\opencode\frontend\node_modules\@babel\parser\lib\index.js:4727:36)
      at TypeScriptParserMixin.jsxParseElementAt (C:\Users\user\Desktop\opencode\frontend\node_modules\@babel\parser\lib\index.js:4714:32)
      at TypeScriptParserMixin.jsxParseElement (C:\Users\user\Desktop\opencode\frontend\node_modules\@babel\parser\lib\index.js:4765:17)
      at TypeScriptParserMixin.parseExprAtom (C:\Users\user\Desktop\opencode\frontend\node_modules\@babel\parser\lib\index.js:4775:19)
      at TypeScriptParserMixin.parseExprSubscripts (C:\Users\user\Desktop\opencode\frontend\node_modules\@babel\parser\lib\index.js:11102:23)
      at TypeScriptParserMixin.parseUpdate (C:\Users\user\Desktop\opencode\frontend\node_modules\@babel\parser\lib\index.js:11087:21)
      at TypeScriptParserMixin.parseMaybeUnary (C:\Users\user\Desktop\opencode\frontend\node_modules\@babel\parser\lib\index.js:11067:23)
      at TypeScriptParserMixin.parseMaybeUnary (C:\Users\user\Desktop\opencode\frontend\node_modules\@babel\parser\lib\index.js:9858:18)
      at TypeScriptParserMixin.parseMaybeUnaryOrPrivate (C:\Users\user\Desktop\opencode\frontend\node_modules\@babel\parser\lib\index.js:10920:61)
      at TypeScriptParserMixin.parseExprOps (C:\Users\user\Desktop\opencode\frontend\node_modules\@babel\parser\lib\index.js:10925:23)
      at TypeScriptParserMixin.parseMaybeConditional (C:\Users\user\Desktop\opencode\frontend\node_modules\@babel\parser\lib\index.js:10902:23)
      at TypeScriptParserMixin.parseMaybeAssign (C:\Users\user\Desktop\opencode\frontend\node_modules\@babel\parser\lib\index.js:10852:21)
      at C:\Users\user\Desktop\opencode\frontend\node_modules\@babel\parser\lib\index.js:9796:39
      at TypeScriptParserMixin.tryParse (C:\Users\user\Desktop\opencode\frontend\node_modules\@babel\parser\lib\index.js:6928:20)
      at TypeScriptParserMixin.parseMaybeAssign (C:\Users\user\Desktop\opencode\frontend\node_modules\@babel\parser\lib\index.js:9796:18)
      at C:\Users\user\Desktop\opencode\frontend\node_modules\@babel\parser\lib\index.js:10821:39
      at TypeScriptParserMixin.allowInAnd (C:\Users\user\Desktop\opencode\frontend\node_modules\@babel\parser\lib\index.js:12455:12)
      at TypeScriptParserMixin.parseMaybeAssignAllowIn (C:\Users\user\Desktop\opencode\frontend\node_modules\@babel\parser\lib\index.js:10821:17)
      at TypeScriptParserMixin.parseMaybeAssignAllowInOrVoidPattern (C:\Users\user\Desktop\opencode\frontend\node_modules\@babel\parser\lib\index.js:12522:17)
      at TypeScriptParserMixin.parseParenAndDistinguishExpression (C:\Users\user\Desktop\opencode\frontend\node_modules\@babel\parser\lib\index.js:11701:28)
      at TypeScriptParserMixin.parseExprAtom (C:\Users\user\Desktop\opencode\frontend\node_modules\@babel\parser\lib\index.js:11357:23)
      at TypeScriptParserMixin.parseExprAtom (C:\Users\user\Desktop\opencode\frontend\node_modules\@babel\parser\lib\index.js:4780:20)
      at TypeScriptParserMixin.parseExprSubscripts (C:\Users\user\Desktop\opencode\frontend\node_modules\@babel\parser\lib\index.js:11102:23)
      at TypeScriptParserMixin.parseUpdate (C:\Users\user\Desktop\opencode\frontend\node_modules\@babel\parser\lib\index.js:11087:21)
      at TypeScriptParserMixin.parseMaybeUnary (C:\Users\user\Desktop\opencode\frontend\node_modules\@babel\parser\lib\index.js:11067:23)
      at TypeScriptParserMixin.parseMaybeUnary (C:\Users\user\Desktop\opencode\frontend\node_modules\@babel\parser\lib\index.js:9858:18)
      at TypeScriptParserMixin.parseMaybeUnaryOrPrivate (C:\Users\user\Desktop\opencode\frontend\node_modules\@babel\parser\lib\index.js:10920:61)
[2m19:39:48[22m [31m[1m[vite][22m[39m [31mInternal server error: C:\Users\user\Desktop\opencode\frontend\src\pages\MasterDashboard.tsx: Unexpected token, expected "," (492:8)

[0m [90m 490 |[31m         )}
 [90m 491 |[31m         [33m<[31m[33m/[31m[33mdiv[31m[33m>[31m
[31m[1m>[22m[31m[90m 492 |[31m         }
 [90m     |[31m         [31m[1m^[22m[31m
 [90m 493 |[31m         [33m,[31m
 [90m 494 |[31m
 [90m 495 |[31m         [90m/* Vinculacao de Contas */[31m[0m[39m
  Plugin: [35mvite:react-babel[39m
  File: [36mC:/Users/user/Desktop/opencode/frontend/src/pages/MasterDashboard.tsx[39m:492:8
[33m  490|          )}
  491|          </div>
  492|          }
     |          ^
  493|          ,
  494|  [39m
      at constructor (C:\Users\user\Desktop\opencode\frontend\node_modules\@babel\parser\lib\index.js:369:19)
      at TypeScriptParserMixin.raise (C:\Users\user\Desktop\opencode\frontend\node_modules\@babel\parser\lib\index.js:6620:19)
      at TypeScriptParserMixin.unexpected (C:\Users\user\Desktop\opencode\frontend\node_modules\@babel\parser\lib\index.js:6640:16)
      at TypeScriptParserMixin.expect (C:\Users\user\Desktop\opencode\frontend\node_modules\@babel\parser\lib\index.js:6920:12)
      at TypeScriptParserMixin.parseExprList (C:\Users\user\Desktop\opencode\frontend\node_modules\@babel\parser\lib\index.js:12170:14)
      at TypeScriptParserMixin.parseArrayLike (C:\Users\user\Desktop\opencode\frontend\node_modules\@babel\parser\lib\index.js:12086:26)
      at TypeScriptParserMixin.parseArrayLike (C:\Users\user\Desktop\opencode\frontend\node_modules\@babel\parser\lib\index.js:9214:24)
      at TypeScriptParserMixin.parseExprAtom (C:\Users\user\Desktop\opencode\frontend\node_modules\@babel\parser\lib\index.js:11361:23)
      at TypeScriptParserMixin.parseExprAtom (C:\Users\user\Desktop\opencode\frontend\node_modules\@babel\parser\lib\index.js:4780:20)
      at TypeScriptParserMixin.parseExprSubscripts (C:\Users\user\Desktop\opencode\frontend\node_modules\@babel\parser\lib\index.js:11102:23)
      at TypeScriptParserMixin.parseUpdate (C:\Users\user\Desktop\opencode\frontend\node_modules\@babel\parser\lib\index.js:11087:21)
      at TypeScriptParserMixin.parseMaybeUnary (C:\Users\user\Desktop\opencode\frontend\node_modules\@babel\parser\lib\index.js:11067:23)
      at TypeScriptParserMixin.parseMaybeUnary (C:\Users\user\Desktop\opencode\frontend\node_modules\@babel\parser\lib\index.js:9858:18)
      at TypeScriptParserMixin.parseMaybeUnaryOrPrivate (C:\Users\user\Desktop\opencode\frontend\node_modules\@babel\parser\lib\index.js:10920:61)
      at TypeScriptParserMixin.parseExprOps (C:\Users\user\Desktop\opencode\frontend\node_modules\@babel\parser\lib\index.js:10925:23)
      at TypeScriptParserMixin.parseMaybeConditional (C:\Users\user\Desktop\opencode\frontend\node_modules\@babel\parser\lib\index.js:10902:23)
      at TypeScriptParserMixin.parseMaybeAssign (C:\Users\user\Desktop\opencode\frontend\node_modules\@babel\parser\lib\index.js:10852:21)
      at TypeScriptParserMixin.parseMaybeAssign (C:\Users\user\Desktop\opencode\frontend\node_modules\@babel\parser\lib\index.js:9807:20)
      at TypeScriptParserMixin.parseExpressionBase (C:\Users\user\Desktop\opencode\frontend\node_modules\@babel\parser\lib\index.js:10805:23)
      at C:\Users\user\Desktop\opencode\frontend\node_modules\@babel\parser\lib\index.js:10801:39
      at TypeScriptParserMixin.allowInAnd (C:\Users\user\Desktop\opencode\frontend\node_modules\@babel\parser\lib\index.js:12455:12)
      at TypeScriptParserMixin.parseExpression (C:\Users\user\Desktop\opencode\frontend\node_modules\@babel\parser\lib\index.js:10801:17)
      at TypeScriptParserMixin.jsxParseExpressionContainer (C:\Users\user\Desktop\opencode\frontend\node_modules\@babel\parser\lib\index.js:4648:31)
      at TypeScriptParserMixin.jsxParseElementAt (C:\Users\user\Desktop\opencode\frontend\node_modules\@babel\parser\lib\index.js:4727:36)
      at TypeScriptParserMixin.jsxParseElementAt (C:\Users\user\Desktop\opencode\frontend\node_modules\@babel\parser\lib\index.js:4714:32)
      at TypeScriptParserMixin.jsxParseElement (C:\Users\user\Desktop\opencode\frontend\node_modules\@babel\parser\lib\index.js:4765:17)
      at TypeScriptParserMixin.parseExprAtom (C:\Users\user\Desktop\opencode\frontend\node_modules\@babel\parser\lib\index.js:4775:19)
      at TypeScriptParserMixin.parseExprSubscripts (C:\Users\user\Desktop\opencode\frontend\node_modules\@babel\parser\lib\index.js:11102:23)
      at TypeScriptParserMixin.parseUpdate (C:\Users\user\Desktop\opencode\frontend\node_modules\@babel\parser\lib\index.js:11087:21)
      at TypeScriptParserMixin.parseMaybeUnary (C:\Users\user\Desktop\opencode\frontend\node_modules\@babel\parser\lib\index.js:11067:23)
      at TypeScriptParserMixin.parseMaybeUnary (C:\Users\user\Desktop\opencode\frontend\node_modules\@babel\parser\lib\index.js:9858:18)
      at TypeScriptParserMixin.parseMaybeUnaryOrPrivate (C:\Users\user\Desktop\opencode\frontend\node_modules\@babel\parser\lib\index.js:10920:61)
      at TypeScriptParserMixin.parseExprOps (C:\Users\user\Desktop\opencode\frontend\node_modules\@babel\parser\lib\index.js:10925:23)
      at TypeScriptParserMixin.parseMaybeConditional (C:\Users\user\Desktop\opencode\frontend\node_modules\@babel\parser\lib\index.js:10902:23)
      at TypeScriptParserMixin.parseMaybeAssign (C:\Users\user\Desktop\opencode\frontend\node_modules\@babel\parser\lib\index.js:10852:21)
      at C:\Users\user\Desktop\opencode\frontend\node_modules\@babel\parser\lib\index.js:9796:39
      at TypeScriptParserMixin.tryParse (C:\Users\user\Desktop\opencode\frontend\node_modules\@babel\parser\lib\index.js:6928:20)
      at TypeScriptParserMixin.parseMaybeAssign (C:\Users\user\Desktop\opencode\frontend\node_modules\@babel\parser\lib\index.js:9796:18)
      at C:\Users\user\Desktop\opencode\frontend\node_modules\@babel\parser\lib\index.js:10821:39
      at TypeScriptParserMixin.allowInAnd (C:\Users\user\Desktop\opencode\frontend\node_modules\@babel\parser\lib\index.js:12455:12)
      at TypeScriptParserMixin.parseMaybeAssignAllowIn (C:\Users\user\Desktop\opencode\frontend\node_modules\@babel\parser\lib\index.js:10821:17)
      at TypeScriptParserMixin.parseMaybeAssignAllowInOrVoidPattern (C:\Users\user\Desktop\opencode\frontend\node_modules\@babel\parser\lib\index.js:12522:17)
      at TypeScriptParserMixin.parseParenAndDistinguishExpression (C:\Users\user\Desktop\opencode\frontend\node_modules\@babel\parser\lib\index.js:11701:28)
      at TypeScriptParserMixin.parseExprAtom (C:\Users\user\Desktop\opencode\frontend\node_modules\@babel\parser\lib\index.js:11357:23)
      at TypeScriptParserMixin.parseExprAtom (C:\Users\user\Desktop\opencode\frontend\node_modules\@babel\parser\lib\index.js:4780:20)
      at TypeScriptParserMixin.parseExprSubscripts (C:\Users\user\Desktop\opencode\frontend\node_modules\@babel\parser\lib\index.js:11102:23)
      at TypeScriptParserMixin.parseUpdate (C:\Users\user\Desktop\opencode\frontend\node_modules\@babel\parser\lib\index.js:11087:21)
      at TypeScriptParserMixin.parseMaybeUnary (C:\Users\user\Desktop\opencode\frontend\node_modules\@babel\parser\lib\index.js:11067:23)
      at TypeScriptParserMixin.parseMaybeUnary (C:\Users\user\Desktop\opencode\frontend\node_modules\@babel\parser\lib\index.js:9858:18)
      at TypeScriptParserMixin.parseMaybeUnaryOrPrivate (C:\Users\user\Desktop\opencode\frontend\node_modules\@babel\parser\lib\index.js:10920:61)
[2m19:40:24[22m [36m[1m[vite][22m[39m [32mhmr update [39m[2m/src/pages/MasterDashboard.tsx, /src/index.css[22m
[2m19:40:26[22m [36m[1m[vite][22m[39m [32mhmr update [39m[2m/src/pages/MasterDashboard.tsx, /src/index.css[22m
[2m19:40:59[22m [36m[1m[vite][22m[39m [32mhmr update [39m[2m/src/pages/Accounts.tsx, /src/index.css[22m
[2m19:41:16[22m [36m[1m[vite][22m[39m [32mhmr update [39m[2m/src/pages/Accounts.tsx, /src/index.css[22m
[2m19:41:19[22m [36m[1m[vite][22m[39m [32mhmr update [39m[2m/src/pages/Dashboard.tsx, /src/index.css[22m
[2m19:41:21[22m [36m[1m[vite][22m[39m [32mhmr update [39m[2m/src/pages/Dashboard.tsx, /src/index.css[22m
[2m19:51:50[22m [36m[1m[vite][22m[39m [32mhmr update [39m[2m/src/pages/Transactions.tsx, /src/index.css[22m
[2m19:51:54[22m [36m[1m[vite][22m[39m [32mhmr update [39m[2m/src/pages/Transactions.tsx, /src/index.css[22m
[2m19:51:59[22m [36m[1m[vite][22m[39m [32mhmr update [39m[2m/src/pages/Transactions.tsx, /src/index.css[22m
[2m19:52:08[22m [36m[1m[vite][22m[39m [32mhmr update [39m[2m/src/pages/Transactions.tsx, /src/index.css[22m
[2m19:52:14[22m [36m[1m[vite][22m[39m [32mhmr update [39m[2m/src/pages/Transactions.tsx, /src/index.css[22m
[2m19:52:34[22m [36m[1m[vite][22m[39m [32mhmr update [39m[2m/src/pages/Transactions.tsx, /src/index.css[22m
[2m19:53:40[22m [36m[1m[vite][22m[39m [32mhmr update [39m[2m/src/pages/Transactions.tsx, /src/index.css[22m
[2m19:53:45[22m [36m[1m[vite][22m[39m [32mhmr update [39m[2m/src/pages/Transactions.tsx, /src/index.css[22m
[2m19:53:49[22m [36m[1m[vite][22m[39m [32mhmr update [39m[2m/src/pages/Transactions.tsx, /src/index.css[22m
[2m19:53:53[22m [36m[1m[vite][22m[39m [32mhmr update [39m[2m/src/pages/Transactions.tsx, /src/index.css[22m
[2m19:59:56[22m [36m[1m[vite][22m[39m [32mpage reload [39m[2msrc/types/index.ts[22m
[2m19:59:59[22m [36m[1m[vite][22m[39m [32mhmr update [39m[2m/src/pages/MasterDashboard.tsx, /src/index.css[22m
[2m20:00:04[22m [36m[1m[vite][22m[39m [32mhmr update [39m[2m/src/pages/MasterDashboard.tsx, /src/index.css[22m
[2m20:00:09[22m [36m[1m[vite][22m[39m [32mhmr update [39m[2m/src/pages/MasterDashboard.tsx, /src/index.css[22m
[2m20:00:13[22m [36m[1m[vite][22m[39m [32mhmr update [39m[2m/src/pages/MasterDashboard.tsx, /src/index.css[22m
[2m20:00:17[22m [36m[1m[vite][22m[39m [32mhmr update [39m[2m/src/pages/MasterDashboard.tsx, /src/index.css[22m
[2m20:00:20[22m [36m[1m[vite][22m[39m [32mhmr update [39m[2m/src/pages/MasterDashboard.tsx, /src/index.css[22m
[2m20:00:20[22m [31m[1m[vite][22m[39m [31mInternal server error: C:\Users\user\Desktop\opencode\frontend\src\pages\MasterDashboard.tsx: Adjacent JSX elements must be wrapped in an enclosing tag. Did you want a JSX fragment <>...</>? (523:10)

[0m [90m 521 |[31m             [33m<[31m[33mLink2[31m size[33m=[31m{[35m20[31m} className[33m=[31m[32m"text-indigo-500"[31m [33m/[31m[33m>[31m
 [90m 522 |[31m           [33m<[31m[33m/[31m[33mdiv[31m[33m>[31m
[31m[1m>[22m[31m[90m 523 |[31m           [33m<[31m[33mp[31m className[33m=[31m[32m"text-sm text-gray-500 dark:text-gray-400 mb-4"[31m[33m>[31m
 [90m     |[31m           [31m[1m^[22m[31m
 [90m 524 |[31m             [33mEscolha[31m com quais usuarios vincular suas contas[33m.[31m [33mOs[31m valores dos usuarios vinculados sao somados na conta e o grafico mostra o disponivel de cada um[33m.[31m
 [90m 525 |[31m           [33m<[31m[33m/[31m[33mp[31m[33m>[31m
 [90m 526 |[31m[0m[39m
  Plugin: [35mvite:react-babel[39m
  File: [36mC:/Users/user/Desktop/opencode/frontend/src/pages/MasterDashboard.tsx[39m:523:10
[33m  521|              <Link2 size={20} className="text-indigo-500" />
  522|            </div>
  523|            <p className="text-sm text-gray-500 dark:text-gray-400 mb-4">
     |            ^
  524|              Escolha com quais usuarios vincular suas contas. Os valores dos usuarios vinculados sao somados na conta e o grafico mostra o disponivel de cada um.
  525|            </p>[39m
      at constructor (C:\Users\user\Desktop\opencode\frontend\node_modules\@babel\parser\lib\index.js:369:19)
      at TypeScriptParserMixin.raise (C:\Users\user\Desktop\opencode\frontend\node_modules\@babel\parser\lib\index.js:6620:19)
      at TypeScriptParserMixin.jsxParseElementAt (C:\Users\user\Desktop\opencode\frontend\node_modules\@babel\parser\lib\index.js:4758:18)
      at TypeScriptParserMixin.jsxParseElement (C:\Users\user\Desktop\opencode\frontend\node_modules\@babel\parser\lib\index.js:4765:17)
      at TypeScriptParserMixin.parseExprAtom (C:\Users\user\Desktop\opencode\frontend\node_modules\@babel\parser\lib\index.js:4775:19)
      at TypeScriptParserMixin.parseExprSubscripts (C:\Users\user\Desktop\opencode\frontend\node_modules\@babel\parser\lib\index.js:11102:23)
      at TypeScriptParserMixin.parseUpdate (C:\Users\user\Desktop\opencode\frontend\node_modules\@babel\parser\lib\index.js:11087:21)
      at TypeScriptParserMixin.parseMaybeUnary (C:\Users\user\Desktop\opencode\frontend\node_modules\@babel\parser\lib\index.js:11067:23)
      at TypeScriptParserMixin.parseMaybeUnary (C:\Users\user\Desktop\opencode\frontend\node_modules\@babel\parser\lib\index.js:9858:18)
      at TypeScriptParserMixin.parseMaybeUnaryOrPrivate (C:\Users\user\Desktop\opencode\frontend\node_modules\@babel\parser\lib\index.js:10920:61)
      at TypeScriptParserMixin.parseExprOps (C:\Users\user\Desktop\opencode\frontend\node_modules\@babel\parser\lib\index.js:10925:23)
      at TypeScriptParserMixin.parseMaybeConditional (C:\Users\user\Desktop\opencode\frontend\node_modules\@babel\parser\lib\index.js:10902:23)
      at TypeScriptParserMixin.parseMaybeAssign (C:\Users\user\Desktop\opencode\frontend\node_modules\@babel\parser\lib\index.js:10852:21)
      at C:\Users\user\Desktop\opencode\frontend\node_modules\@babel\parser\lib\index.js:9796:39
      at TypeScriptParserMixin.tryParse (C:\Users\user\Desktop\opencode\frontend\node_modules\@babel\parser\lib\index.js:6928:20)
      at TypeScriptParserMixin.parseMaybeAssign (C:\Users\user\Desktop\opencode\frontend\node_modules\@babel\parser\lib\index.js:9796:18)
      at C:\Users\user\Desktop\opencode\frontend\node_modules\@babel\parser\lib\index.js:10821:39
      at TypeScriptParserMixin.allowInAnd (C:\Users\user\Desktop\opencode\frontend\node_modules\@babel\parser\lib\index.js:12455:12)
      at TypeScriptParserMixin.parseMaybeAssignAllowIn (C:\Users\user\Desktop\opencode\frontend\node_modules\@babel\parser\lib\index.js:10821:17)
      at TypeScriptParserMixin.parseMaybeAssignAllowInOrVoidPattern (C:\Users\user\Desktop\opencode\frontend\node_modules\@babel\parser\lib\index.js:12522:17)
      at TypeScriptParserMixin.parseExprListItem (C:\Users\user\Desktop\opencode\frontend\node_modules\@babel\parser\lib\index.js:12204:18)
      at TypeScriptParserMixin.parseExprList (C:\Users\user\Desktop\opencode\frontend\node_modules\@babel\parser\lib\index.js:12179:22)
      at TypeScriptParserMixin.parseArrayLike (C:\Users\user\Desktop\opencode\frontend\node_modules\@babel\parser\lib\index.js:12086:26)
      at TypeScriptParserMixin.parseArrayLike (C:\Users\user\Desktop\opencode\frontend\node_modules\@babel\parser\lib\index.js:9214:24)
      at TypeScriptParserMixin.parseExprAtom (C:\Users\user\Desktop\opencode\frontend\node_modules\@babel\parser\lib\index.js:11361:23)
      at TypeScriptParserMixin.parseExprAtom (C:\Users\user\Desktop\opencode\frontend\node_modules\@babel\parser\lib\index.js:4780:20)
      at TypeScriptParserMixin.parseExprSubscripts (C:\Users\user\Desktop\opencode\frontend\node_modules\@babel\parser\lib\index.js:11102:23)
      at TypeScriptParserMixin.parseUpdate (C:\Users\user\Desktop\opencode\frontend\node_modules\@babel\parser\lib\index.js:11087:21)
      at TypeScriptParserMixin.parseMaybeUnary (C:\Users\user\Desktop\opencode\frontend\node_modules\@babel\parser\lib\index.js:11067:23)
      at TypeScriptParserMixin.parseMaybeUnary (C:\Users\user\Desktop\opencode\frontend\node_modules\@babel\parser\lib\index.js:9858:18)
      at TypeScriptParserMixin.parseMaybeUnaryOrPrivate (C:\Users\user\Desktop\opencode\frontend\node_modules\@babel\parser\lib\index.js:10920:61)
      at TypeScriptParserMixin.parseExprOps (C:\Users\user\Desktop\opencode\frontend\node_modules\@babel\parser\lib\index.js:10925:23)
      at TypeScriptParserMixin.parseMaybeConditional (C:\Users\user\Desktop\opencode\frontend\node_modules\@babel\parser\lib\index.js:10902:23)
      at TypeScriptParserMixin.parseMaybeAssign (C:\Users\user\Desktop\opencode\frontend\node_modules\@babel\parser\lib\index.js:10852:21)
      at TypeScriptParserMixin.parseMaybeAssign (C:\Users\user\Desktop\opencode\frontend\node_modules\@babel\parser\lib\index.js:9807:20)
      at TypeScriptParserMixin.parseExpressionBase (C:\Users\user\Desktop\opencode\frontend\node_modules\@babel\parser\lib\index.js:10805:23)
      at C:\Users\user\Desktop\opencode\frontend\node_modules\@babel\parser\lib\index.js:10801:39
      at TypeScriptParserMixin.allowInAnd (C:\Users\user\Desktop\opencode\frontend\node_modules\@babel\parser\lib\index.js:12455:12)
      at TypeScriptParserMixin.parseExpression (C:\Users\user\Desktop\opencode\frontend\node_modules\@babel\parser\lib\index.js:10801:17)
      at TypeScriptParserMixin.jsxParseExpressionContainer (C:\Users\user\Desktop\opencode\frontend\node_modules\@babel\parser\lib\index.js:4648:31)
      at TypeScriptParserMixin.jsxParseElementAt (C:\Users\user\Desktop\opencode\frontend\node_modules\@babel\parser\lib\index.js:4727:36)
      at TypeScriptParserMixin.jsxParseElementAt (C:\Users\user\Desktop\opencode\frontend\node_modules\@babel\parser\lib\index.js:4714:32)
      at TypeScriptParserMixin.jsxParseElement (C:\Users\user\Desktop\opencode\frontend\node_modules\@babel\parser\lib\index.js:4765:17)
      at TypeScriptParserMixin.parseExprAtom (C:\Users\user\Desktop\opencode\frontend\node_modules\@babel\parser\lib\index.js:4775:19)
      at TypeScriptParserMixin.parseExprSubscripts (C:\Users\user\Desktop\opencode\frontend\node_modules\@babel\parser\lib\index.js:11102:23)
      at TypeScriptParserMixin.parseUpdate (C:\Users\user\Desktop\opencode\frontend\node_modules\@babel\parser\lib\index.js:11087:21)
      at TypeScriptParserMixin.parseMaybeUnary (C:\Users\user\Desktop\opencode\frontend\node_modules\@babel\parser\lib\index.js:11067:23)
      at TypeScriptParserMixin.parseMaybeUnary (C:\Users\user\Desktop\opencode\frontend\node_modules\@babel\parser\lib\index.js:9858:18)
      at TypeScriptParserMixin.parseMaybeUnaryOrPrivate (C:\Users\user\Desktop\opencode\frontend\node_modules\@babel\parser\lib\index.js:10920:61)
      at TypeScriptParserMixin.parseExprOps (C:\Users\user\Desktop\opencode\frontend\node_modules\@babel\parser\lib\index.js:10925:23)
[2m20:00:20[22m [31m[1m[vite][22m[39m [31mInternal server error: C:\Users\user\Desktop\opencode\frontend\src\pages\MasterDashboard.tsx: Adjacent JSX elements must be wrapped in an enclosing tag. Did you want a JSX fragment <>...</>? (523:10)

[0m [90m 521 |[31m             [33m<[31m[33mLink2[31m size[33m=[31m{[35m20[31m} className[33m=[31m[32m"text-indigo-500"[31m [33m/[31m[33m>[31m
 [90m 522 |[31m           [33m<[31m[33m/[31m[33mdiv[31m[33m>[31m
[31m[1m>[22m[31m[90m 523 |[31m           [33m<[31m[33mp[31m className[33m=[31m[32m"text-sm text-gray-500 dark:text-gray-400 mb-4"[31m[33m>[31m
 [90m     |[31m           [31m[1m^[22m[31m
 [90m 524 |[31m             [33mEscolha[31m com quais usuarios vincular suas contas[33m.[31m [33mOs[31m valores dos usuarios vinculados sao somados na conta e o grafico mostra o disponivel de cada um[33m.[31m
 [90m 525 |[31m           [33m<[31m[33m/[31m[33mp[31m[33m>[31m
 [90m 526 |[31m[0m[39m
  Plugin: [35mvite:react-babel[39m
  File: [36mC:/Users/user/Desktop/opencode/frontend/src/pages/MasterDashboard.tsx[39m:523:10
[33m  521|              <Link2 size={20} className="text-indigo-500" />
  522|            </div>
  523|            <p className="text-sm text-gray-500 dark:text-gray-400 mb-4">
     |            ^
  524|              Escolha com quais usuarios vincular suas contas. Os valores dos usuarios vinculados sao somados na conta e o grafico mostra o disponivel de cada um.
  525|            </p>[39m
      at constructor (C:\Users\user\Desktop\opencode\frontend\node_modules\@babel\parser\lib\index.js:369:19)
      at TypeScriptParserMixin.raise (C:\Users\user\Desktop\opencode\frontend\node_modules\@babel\parser\lib\index.js:6620:19)
      at TypeScriptParserMixin.jsxParseElementAt (C:\Users\user\Desktop\opencode\frontend\node_modules\@babel\parser\lib\index.js:4758:18)
      at TypeScriptParserMixin.jsxParseElement (C:\Users\user\Desktop\opencode\frontend\node_modules\@babel\parser\lib\index.js:4765:17)
      at TypeScriptParserMixin.parseExprAtom (C:\Users\user\Desktop\opencode\frontend\node_modules\@babel\parser\lib\index.js:4775:19)
      at TypeScriptParserMixin.parseExprSubscripts (C:\Users\user\Desktop\opencode\frontend\node_modules\@babel\parser\lib\index.js:11102:23)
      at TypeScriptParserMixin.parseUpdate (C:\Users\user\Desktop\opencode\frontend\node_modules\@babel\parser\lib\index.js:11087:21)
      at TypeScriptParserMixin.parseMaybeUnary (C:\Users\user\Desktop\opencode\frontend\node_modules\@babel\parser\lib\index.js:11067:23)
      at TypeScriptParserMixin.parseMaybeUnary (C:\Users\user\Desktop\opencode\frontend\node_modules\@babel\parser\lib\index.js:9858:18)
      at TypeScriptParserMixin.parseMaybeUnaryOrPrivate (C:\Users\user\Desktop\opencode\frontend\node_modules\@babel\parser\lib\index.js:10920:61)
      at TypeScriptParserMixin.parseExprOps (C:\Users\user\Desktop\opencode\frontend\node_modules\@babel\parser\lib\index.js:10925:23)
      at TypeScriptParserMixin.parseMaybeConditional (C:\Users\user\Desktop\opencode\frontend\node_modules\@babel\parser\lib\index.js:10902:23)
      at TypeScriptParserMixin.parseMaybeAssign (C:\Users\user\Desktop\opencode\frontend\node_modules\@babel\parser\lib\index.js:10852:21)
      at C:\Users\user\Desktop\opencode\frontend\node_modules\@babel\parser\lib\index.js:9796:39
      at TypeScriptParserMixin.tryParse (C:\Users\user\Desktop\opencode\frontend\node_modules\@babel\parser\lib\index.js:6928:20)
      at TypeScriptParserMixin.parseMaybeAssign (C:\Users\user\Desktop\opencode\frontend\node_modules\@babel\parser\lib\index.js:9796:18)
      at C:\Users\user\Desktop\opencode\frontend\node_modules\@babel\parser\lib\index.js:10821:39
      at TypeScriptParserMixin.allowInAnd (C:\Users\user\Desktop\opencode\frontend\node_modules\@babel\parser\lib\index.js:12455:12)
      at TypeScriptParserMixin.parseMaybeAssignAllowIn (C:\Users\user\Desktop\opencode\frontend\node_modules\@babel\parser\lib\index.js:10821:17)
      at TypeScriptParserMixin.parseMaybeAssignAllowInOrVoidPattern (C:\Users\user\Desktop\opencode\frontend\node_modules\@babel\parser\lib\index.js:12522:17)
      at TypeScriptParserMixin.parseExprListItem (C:\Users\user\Desktop\opencode\frontend\node_modules\@babel\parser\lib\index.js:12204:18)
      at TypeScriptParserMixin.parseExprList (C:\Users\user\Desktop\opencode\frontend\node_modules\@babel\parser\lib\index.js:12179:22)
      at TypeScriptParserMixin.parseArrayLike (C:\Users\user\Desktop\opencode\frontend\node_modules\@babel\parser\lib\index.js:12086:26)
      at TypeScriptParserMixin.parseArrayLike (C:\Users\user\Desktop\opencode\frontend\node_modules\@babel\parser\lib\index.js:9214:24)
      at TypeScriptParserMixin.parseExprAtom (C:\Users\user\Desktop\opencode\frontend\node_modules\@babel\parser\lib\index.js:11361:23)
      at TypeScriptParserMixin.parseExprAtom (C:\Users\user\Desktop\opencode\frontend\node_modules\@babel\parser\lib\index.js:4780:20)
      at TypeScriptParserMixin.parseExprSubscripts (C:\Users\user\Desktop\opencode\frontend\node_modules\@babel\parser\lib\index.js:11102:23)
      at TypeScriptParserMixin.parseUpdate (C:\Users\user\Desktop\opencode\frontend\node_modules\@babel\parser\lib\index.js:11087:21)
      at TypeScriptParserMixin.parseMaybeUnary (C:\Users\user\Desktop\opencode\frontend\node_modules\@babel\parser\lib\index.js:11067:23)
      at TypeScriptParserMixin.parseMaybeUnary (C:\Users\user\Desktop\opencode\frontend\node_modules\@babel\parser\lib\index.js:9858:18)
      at TypeScriptParserMixin.parseMaybeUnaryOrPrivate (C:\Users\user\Desktop\opencode\frontend\node_modules\@babel\parser\lib\index.js:10920:61)
      at TypeScriptParserMixin.parseExprOps (C:\Users\user\Desktop\opencode\frontend\node_modules\@babel\parser\lib\index.js:10925:23)
      at TypeScriptParserMixin.parseMaybeConditional (C:\Users\user\Desktop\opencode\frontend\node_modules\@babel\parser\lib\index.js:10902:23)
      at TypeScriptParserMixin.parseMaybeAssign (C:\Users\user\Desktop\opencode\frontend\node_modules\@babel\parser\lib\index.js:10852:21)
      at TypeScriptParserMixin.parseMaybeAssign (C:\Users\user\Desktop\opencode\frontend\node_modules\@babel\parser\lib\index.js:9807:20)
      at TypeScriptParserMixin.parseExpressionBase (C:\Users\user\Desktop\opencode\frontend\node_modules\@babel\parser\lib\index.js:10805:23)
      at C:\Users\user\Desktop\opencode\frontend\node_modules\@babel\parser\lib\index.js:10801:39
      at TypeScriptParserMixin.allowInAnd (C:\Users\user\Desktop\opencode\frontend\node_modules\@babel\parser\lib\index.js:12455:12)
      at TypeScriptParserMixin.parseExpression (C:\Users\user\Desktop\opencode\frontend\node_modules\@babel\parser\lib\index.js:10801:17)
      at TypeScriptParserMixin.jsxParseExpressionContainer (C:\Users\user\Desktop\opencode\frontend\node_modules\@babel\parser\lib\index.js:4648:31)
      at TypeScriptParserMixin.jsxParseElementAt (C:\Users\user\Desktop\opencode\frontend\node_modules\@babel\parser\lib\index.js:4727:36)
      at TypeScriptParserMixin.jsxParseElementAt (C:\Users\user\Desktop\opencode\frontend\node_modules\@babel\parser\lib\index.js:4714:32)
      at TypeScriptParserMixin.jsxParseElement (C:\Users\user\Desktop\opencode\frontend\node_modules\@babel\parser\lib\index.js:4765:17)
      at TypeScriptParserMixin.parseExprAtom (C:\Users\user\Desktop\opencode\frontend\node_modules\@babel\parser\lib\index.js:4775:19)
      at TypeScriptParserMixin.parseExprSubscripts (C:\Users\user\Desktop\opencode\frontend\node_modules\@babel\parser\lib\index.js:11102:23)
      at TypeScriptParserMixin.parseUpdate (C:\Users\user\Desktop\opencode\frontend\node_modules\@babel\parser\lib\index.js:11087:21)
      at TypeScriptParserMixin.parseMaybeUnary (C:\Users\user\Desktop\opencode\frontend\node_modules\@babel\parser\lib\index.js:11067:23)
      at TypeScriptParserMixin.parseMaybeUnary (C:\Users\user\Desktop\opencode\frontend\node_modules\@babel\parser\lib\index.js:9858:18)
      at TypeScriptParserMixin.parseMaybeUnaryOrPrivate (C:\Users\user\Desktop\opencode\frontend\node_modules\@babel\parser\lib\index.js:10920:61)
      at TypeScriptParserMixin.parseExprOps (C:\Users\user\Desktop\opencode\frontend\node_modules\@babel\parser\lib\index.js:10925:23)
[2m20:00:27[22m [36m[1m[vite][22m[39m [32mhmr update [39m[2m/src/pages/MasterDashboard.tsx, /src/index.css[22m
[2m20:00:41[22m [36m[1m[vite][22m[39m [32mhmr update [39m[2m/src/pages/MasterDashboard.tsx, /src/index.css[22m
[2m20:00:47[22m [36m[1m[vite][22m[39m [32mhmr update [39m[2m/src/pages/Accounts.tsx, /src/index.css[22m
[2m20:00:56[22m [36m[1m[vite][22m[39m [32mhmr update [39m[2m/src/pages/Accounts.tsx, /src/index.css[22m
[2m20:00:59[22m [36m[1m[vite][22m[39m [32mhmr update [39m[2m/src/pages/Dashboard.tsx, /src/index.css[22m
[2m20:01:01[22m [36m[1m[vite][22m[39m [32mhmr update [39m[2m/src/pages/Dashboard.tsx, /src/index.css[22m
[2m21:01:45[22m [36m[1m[vite][22m[39m [32mhmr update [39m[2m/src/pages/MasterDashboard.tsx, /src/index.css[22m
[2m21:02:15[22m [36m[1m[vite][22m[39m [32mhmr update [39m[2m/src/pages/MasterDashboard.tsx, /src/index.css[22m
[2m21:02:29[22m [36m[1m[vite][22m[39m [32mhmr update [39m[2m/src/pages/MasterDashboard.tsx, /src/index.css[22m
[2m21:02:38[22m [36m[1m[vite][22m[39m [32mhmr update [39m[2m/src/pages/MasterDashboard.tsx, /src/index.css[22m
[2m21:02:44[22m [36m[1m[vite][22m[39m [32mhmr update [39m[2m/src/pages/MasterDashboard.tsx, /src/index.css[22m
[2m21:11:17[22m [36m[1m[vite][22m[39m [32mhmr update [39m[2m/src/App.tsx, /src/index.css, /src/pages/Login.tsx, /src/pages/Goals.tsx, /src/pages/Register.tsx, /src/components/Layout.tsx, /src/pages/Settings.tsx, /src/pages/MasterDashboard.tsx, /src/pages/Budgets.tsx, /src/pages/Reports.tsx, /src/pages/Dashboard.tsx, /src/pages/Accounts.tsx, /src/pages/Categories.tsx, /src/pages/Onboarding.tsx, /src/pages/Cards.tsx, /src/pages/Subscription.tsx, /src/pages/Transactions.tsx, /src/pages/Admin.tsx[22m
[2m21:11:18[22m [36m[1m[vite][22m[39m [33mhmr invalidate [39m[2m/src/pages/Settings.tsx[22m Could not Fast Refresh ("MODULE_LIST" export is incompatible). Learn more at https://github.com/vitejs/vite-plugin-react/tree/main/packages/plugin-react#consistent-components-exports
[2m21:11:18[22m [36m[1m[vite][22m[39m [32mhmr update [39m[2m/src/App.tsx, /src/index.css, /src/pages/Admin.tsx[22m
[2m21:11:20[22m [36m[1m[vite][22m[39m [32mhmr update [39m[2m/src/pages/Reports.tsx, /src/index.css[22m
[2m21:11:26[22m [36m[1m[vite][22m[39m [32mhmr update [39m[2m/src/pages/Reports.tsx, /src/index.css[22m
[2m21:11:29[22m [36m[1m[vite][22m[39m [32mhmr update [39m[2m/src/pages/Reports.tsx, /src/index.css[22m
[2m21:11:50[22m [36m[1m[vite][22m[39m [32mhmr update [39m[2m/src/App.tsx, /src/index.css, /src/pages/Login.tsx, /src/pages/Goals.tsx, /src/pages/Register.tsx, /src/components/Layout.tsx, /src/pages/Settings.tsx, /src/pages/MasterDashboard.tsx, /src/pages/Budgets.tsx, /src/pages/Reports.tsx, /src/pages/Dashboard.tsx, /src/pages/Accounts.tsx, /src/pages/Categories.tsx, /src/pages/Onboarding.tsx, /src/pages/Cards.tsx, /src/pages/Subscription.tsx, /src/pages/Transactions.tsx, /src/pages/Admin.tsx[22m
[2m21:11:51[22m [36m[1m[vite][22m[39m [33mhmr invalidate [39m[2m/src/pages/Settings.tsx[22m Could not Fast Refresh ("MODULE_LIST" export is incompatible). Learn more at https://github.com/vitejs/vite-plugin-react/tree/main/packages/plugin-react#consistent-components-exports
[2m21:11:51[22m [36m[1m[vite][22m[39m [32mhmr update [39m[2m/src/App.tsx, /src/index.css, /src/pages/Admin.tsx[22m
[2m21:41:29[22m [36m[1m[vite][22m[39m [32mhmr update [39m[2m/src/components/Layout.tsx, /src/index.css[22m
[2m21:41:35[22m [36m[1m[vite][22m[39m [32mhmr update [39m[2m/src/pages/Admin.tsx, /src/index.css[22m
[2m21:41:41[22m [36m[1m[vite][22m[39m [32mhmr update [39m[2m/src/pages/Admin.tsx, /src/index.css[22m
[2m21:41:43[22m [36m[1m[vite][22m[39m [32mhmr update [39m[2m/src/pages/Admin.tsx, /src/index.css[22m
[2m21:41:54[22m [36m[1m[vite][22m[39m [32mhmr update [39m[2m/src/pages/Admin.tsx, /src/index.css[22m
[2m21:43:21[22m [36m[1m[vite][22m[39m [32mhmr update [39m[2m/src/pages/Admin.tsx, /src/index.css[22m
[2m21:43:51[22m [36m[1m[vite][22m[39m [32mhmr update [39m[2m/src/pages/Admin.tsx, /src/index.css[22m
[2m21:44:00[22m [36m[1m[vite][22m[39m [32mhmr update [39m[2m/src/pages/Admin.tsx, /src/index.css[22m
[2m21:44:06[22m [36m[1m[vite][22m[39m [32mhmr update [39m[2m/src/pages/Admin.tsx, /src/index.css[22m
[2m22:01:41[22m [31m[1m[vite][22m[39m [31mhttp proxy error: /api/auth/me[39m
AggregateError [ECONNREFUSED]: 
    at internalConnectMultiple (node:net:1339:18)
    at afterConnectMultiple (node:net:1942:7)
[2m22:01:41[22m [31m[1m[vite][22m[39m [31mhttp proxy error: /api/auth/me[39m
AggregateError [ECONNREFUSED]: 
    at internalConnectMultiple (node:net:1339:18)
    at afterConnectMultiple (node:net:1942:7)
[2m22:01:53[22m [31m[1m[vite][22m[39m [31mhttp proxy error: /api/auth/login[39m
AggregateError [ECONNREFUSED]: 
    at internalConnectMultiple (node:net:1339:18)
    at afterConnectMultiple (node:net:1942:7)
[2m22:02:01[22m [31m[1m[vite][22m[39m [31mhttp proxy error: /api/auth/login[39m
AggregateError [ECONNREFUSED]: 
    at internalConnectMultiple (node:net:1339:18)
    at afterConnectMultiple (node:net:1942:7)
[2m22:02:01[22m [31m[1m[vite][22m[39m [31mhttp proxy error: /api/auth/login[39m
AggregateError [ECONNREFUSED]: 
    at internalConnectMultiple (node:net:1339:18)
    at afterConnectMultiple (node:net:1942:7)
[2m22:02:02[22m [31m[1m[vite][22m[39m [31mhttp proxy error: /api/auth/login[39m
AggregateError [ECONNREFUSED]: 
    at internalConnectMultiple (node:net:1339:18)
    at afterConnectMultiple (node:net:1942:7)
[2m22:02:02[22m [31m[1m[vite][22m[39m [31mhttp proxy error: /api/auth/login[39m
AggregateError [ECONNREFUSED]: 
    at internalConnectMultiple (node:net:1339:18)
    at afterConnectMultiple (node:net:1942:7)
[2m22:02:27[22m [31m[1m[vite][22m[39m [31mhttp proxy error: /api/auth/me[39m
AggregateError [ECONNREFUSED]: 
    at internalConnectMultiple (node:net:1339:18)
    at afterConnectMultiple (node:net:1942:7)
[2m22:02:27[22m [31m[1m[vite][22m[39m [31mhttp proxy error: /api/auth/me[39m
AggregateError [ECONNREFUSED]: 
    at internalConnectMultiple (node:net:1339:18)
    at afterConnectMultiple (node:net:1942:7)
[2m22:02:39[22m [31m[1m[vite][22m[39m [31mhttp proxy error: /api/auth/login[39m
AggregateError [ECONNREFUSED]: 
    at internalConnectMultiple (node:net:1339:18)
    at afterConnectMultiple (node:net:1942:7)
[2m22:02:40[22m [31m[1m[vite][22m[39m [31mhttp proxy error: /api/auth/login[39m
AggregateError [ECONNREFUSED]: 
    at internalConnectMultiple (node:net:1339:18)
    at afterConnectMultiple (node:net:1942:7)
[2m22:02:41[22m [31m[1m[vite][22m[39m [31mhttp proxy error: /api/auth/login[39m
AggregateError [ECONNREFUSED]: 
    at internalConnectMultiple (node:net:1339:18)
    at afterConnectMultiple (node:net:1942:7)
[2m22:10:09[22m [36m[1m[vite][22m[39m [32mhmr update [39m[2m/src/pages/Admin.tsx, /src/index.css[22m
[2m22:10:22[22m [36m[1m[vite][22m[39m [32mhmr update [39m[2m/src/pages/Admin.tsx, /src/index.css[22m
[2m22:10:33[22m [36m[1m[vite][22m[39m [32mhmr update [39m[2m/src/pages/Admin.tsx, /src/index.css[22m
[2m22:10:38[22m [36m[1m[vite][22m[39m [32mhmr update [39m[2m/src/pages/Admin.tsx, /src/index.css[22m
[2m22:10:47[22m [36m[1m[vite][22m[39m [32mhmr update [39m[2m/src/pages/Admin.tsx, /src/index.css[22m
[2m22:10:54[22m [36m[1m[vite][22m[39m [32mhmr update [39m[2m/src/pages/Admin.tsx, /src/index.css[22m
[2m22:26:51[22m [36m[1m[vite][22m[39m [32mhmr update [39m[2m/src/pages/Admin.tsx, /src/index.css[22m
[2m22:26:53[22m [31m[1m[vite][22m[39m [31mhttp proxy error: /api/admin/stats[39m
AggregateError [ECONNREFUSED]: 
    at internalConnectMultiple (node:net:1339:18)
    at afterConnectMultiple (node:net:1942:7)
[2m22:26:53[22m [31m[1m[vite][22m[39m [31mhttp proxy error: /api/admin/users[39m
AggregateError [ECONNREFUSED]: 
    at internalConnectMultiple (node:net:1339:18)
    at afterConnectMultiple (node:net:1942:7)
[2m22:26:53[22m [31m[1m[vite][22m[39m [31mhttp proxy error: /api/admin/pending-admins[39m
AggregateError [ECONNREFUSED]: 
    at internalConnectMultiple (node:net:1339:18)
    at afterConnectMultiple (node:net:1942:7)
[2m22:26:53[22m [31m[1m[vite][22m[39m [31mhttp proxy error: /api/admin/approved-admins[39m
AggregateError [ECONNREFUSED]: 
    at internalConnectMultiple (node:net:1339:18)
    at afterConnectMultiple (node:net:1942:7)
[2m22:26:53[22m [31m[1m[vite][22m[39m [31mhttp proxy error: /api/admin/monthly-balances?[39m
AggregateError [ECONNREFUSED]: 
    at internalConnectMultiple (node:net:1339:18)
    at afterConnectMultiple (node:net:1942:7)
[2m22:26:53[22m [31m[1m[vite][22m[39m [31mhttp proxy error: /api/admin/stats[39m
AggregateError [ECONNREFUSED]: 
    at internalConnectMultiple (node:net:1339:18)
    at afterConnectMultiple (node:net:1942:7)
[2m22:26:53[22m [31m[1m[vite][22m[39m [31mhttp proxy error: /api/admin/users[39m
AggregateError [ECONNREFUSED]: 
    at internalConnectMultiple (node:net:1339:18)
    at afterConnectMultiple (node:net:1942:7)
[2m22:26:53[22m [31m[1m[vite][22m[39m [31mhttp proxy error: /api/admin/pending-admins[39m
AggregateError [ECONNREFUSED]: 
    at internalConnectMultiple (node:net:1339:18)
    at afterConnectMultiple (node:net:1942:7)
[2m22:26:53[22m [31m[1m[vite][22m[39m [31mhttp proxy error: /api/admin/approved-admins[39m
AggregateError [ECONNREFUSED]: 
    at internalConnectMultiple (node:net:1339:18)
    at afterConnectMultiple (node:net:1942:7)
[2m22:26:53[22m [31m[1m[vite][22m[39m [31mhttp proxy error: /api/admin/monthly-balances?[39m
AggregateError [ECONNREFUSED]: 
    at internalConnectMultiple (node:net:1339:18)
    at afterConnectMultiple (node:net:1942:7)
[2m22:26:54[22m [36m[1m[vite][22m[39m [32mhmr update [39m[2m/src/pages/Admin.tsx, /src/index.css[22m
[2m22:26:56[22m [31m[1m[vite][22m[39m [31mhttp proxy error: /api/admin/stats[39m
AggregateError [ECONNREFUSED]: 
    at internalConnectMultiple (node:net:1339:18)
    at afterConnectMultiple (node:net:1942:7)
[2m22:26:56[22m [31m[1m[vite][22m[39m [31mhttp proxy error: /api/admin/users[39m
AggregateError [ECONNREFUSED]: 
    at internalConnectMultiple (node:net:1339:18)
    at afterConnectMultiple (node:net:1942:7)
[2m22:26:56[22m [31m[1m[vite][22m[39m [31mhttp proxy error: /api/admin/pending-admins[39m
AggregateError [ECONNREFUSED]: 
    at internalConnectMultiple (node:net:1339:18)
    at afterConnectMultiple (node:net:1942:7)
[2m22:26:56[22m [31m[1m[vite][22m[39m [31mhttp proxy error: /api/admin/approved-admins[39m
AggregateError [ECONNREFUSED]: 
    at internalConnectMultiple (node:net:1339:18)
    at afterConnectMultiple (node:net:1942:7)
[2m22:26:56[22m [31m[1m[vite][22m[39m [31mhttp proxy error: /api/admin/monthly-balances?[39m
AggregateError [ECONNREFUSED]: 
    at internalConnectMultiple (node:net:1339:18)
    at afterConnectMultiple (node:net:1942:7)
[2m22:27:02[22m [36m[1m[vite][22m[39m [32mhmr update [39m[2m/src/pages/Admin.tsx, /src/index.css[22m
[2m22:27:04[22m [31m[1m[vite][22m[39m [31mhttp proxy error: /api/admin/stats[39m
AggregateError [ECONNREFUSED]: 
    at internalConnectMultiple (node:net:1339:18)
    at afterConnectMultiple (node:net:1942:7)
[2m22:27:04[22m [31m[1m[vite][22m[39m [31mhttp proxy error: /api/admin/users[39m
AggregateError [ECONNREFUSED]: 
    at internalConnectMultiple (node:net:1339:18)
    at afterConnectMultiple (node:net:1942:7)
[2m22:27:04[22m [31m[1m[vite][22m[39m [31mhttp proxy error: /api/admin/pending-admins[39m
AggregateError [ECONNREFUSED]: 
    at internalConnectMultiple (node:net:1339:18)
    at afterConnectMultiple (node:net:1942:7)
[2m22:27:04[22m [31m[1m[vite][22m[39m [31mhttp proxy error: /api/admin/approved-admins[39m
AggregateError [ECONNREFUSED]: 
    at internalConnectMultiple (node:net:1339:18)
    at afterConnectMultiple (node:net:1942:7)
[2m22:27:04[22m [31m[1m[vite][22m[39m [31mhttp proxy error: /api/admin/monthly-balances?[39m
AggregateError [ECONNREFUSED]: 
    at internalConnectMultiple (node:net:1339:18)
    at afterConnectMultiple (node:net:1942:7)
[2m22:27:17[22m [36m[1m[vite][22m[39m [32mhmr update [39m[2m/src/pages/Admin.tsx, /src/index.css[22m
[2m22:27:18[22m [31m[1m[vite][22m[39m [31mhttp proxy error: /api/admin/stats[39m
AggregateError [ECONNREFUSED]: 
    at internalConnectMultiple (node:net:1339:18)
    at afterConnectMultiple (node:net:1942:7)
[2m22:27:18[22m [31m[1m[vite][22m[39m [31mhttp proxy error: /api/admin/users[39m
AggregateError [ECONNREFUSED]: 
    at internalConnectMultiple (node:net:1339:18)
    at afterConnectMultiple (node:net:1942:7)
[2m22:27:18[22m [31m[1m[vite][22m[39m [31mhttp proxy error: /api/admin/pending-admins[39m
AggregateError [ECONNREFUSED]: 
    at internalConnectMultiple (node:net:1339:18)
    at afterConnectMultiple (node:net:1942:7)
[2m22:27:18[22m [31m[1m[vite][22m[39m [31mhttp proxy error: /api/admin/approved-admins[39m
AggregateError [ECONNREFUSED]: 
    at internalConnectMultiple (node:net:1339:18)
    at afterConnectMultiple (node:net:1942:7)
[2m22:27:18[22m [31m[1m[vite][22m[39m [31mhttp proxy error: /api/admin/monthly-balances?[39m
AggregateError [ECONNREFUSED]: 
    at internalConnectMultiple (node:net:1339:18)
    at afterConnectMultiple (node:net:1942:7)
[2m22:27:26[22m [36m[1m[vite][22m[39m [32mhmr update [39m[2m/src/pages/Admin.tsx, /src/index.css[22m
[2m22:27:28[22m [31m[1m[vite][22m[39m [31mhttp proxy error: /api/admin/stats[39m
AggregateError [ECONNREFUSED]: 
    at internalConnectMultiple (node:net:1339:18)
    at afterConnectMultiple (node:net:1942:7)
[2m22:27:28[22m [31m[1m[vite][22m[39m [31mhttp proxy error: /api/admin/users[39m
AggregateError [ECONNREFUSED]: 
    at internalConnectMultiple (node:net:1339:18)
    at afterConnectMultiple (node:net:1942:7)
[2m22:27:28[22m [31m[1m[vite][22m[39m [31mhttp proxy error: /api/admin/pending-admins[39m
AggregateError [ECONNREFUSED]: 
    at internalConnectMultiple (node:net:1339:18)
    at afterConnectMultiple (node:net:1942:7)
[2m22:27:28[22m [31m[1m[vite][22m[39m [31mhttp proxy error: /api/admin/approved-admins[39m
AggregateError [ECONNREFUSED]: 
    at internalConnectMultiple (node:net:1339:18)
    at afterConnectMultiple (node:net:1942:7)
[2m22:27:28[22m [31m[1m[vite][22m[39m [31mhttp proxy error: /api/admin/monthly-balances?[39m
AggregateError [ECONNREFUSED]: 
    at internalConnectMultiple (node:net:1339:18)
    at afterConnectMultiple (node:net:1942:7)
[2m22:27:44[22m [36m[1m[vite][22m[39m [32mhmr update [39m[2m/src/components/Layout.tsx, /src/index.css[22m
[2m22:28:04[22m [36m[1m[vite][22m[39m [32mhmr update [39m[2m/src/pages/Admin.tsx, /src/index.css[22m
[2m22:28:05[22m [31m[1m[vite][22m[39m [31mhttp proxy error: /api/admin/stats[39m
AggregateError [ECONNREFUSED]: 
    at internalConnectMultiple (node:net:1339:18)
    at afterConnectMultiple (node:net:1942:7)
[2m22:28:05[22m [31m[1m[vite][22m[39m [31mhttp proxy error: /api/admin/users[39m
AggregateError [ECONNREFUSED]: 
    at internalConnectMultiple (node:net:1339:18)
    at afterConnectMultiple (node:net:1942:7)
[2m22:28:05[22m [31m[1m[vite][22m[39m [31mhttp proxy error: /api/admin/pending-admins[39m
AggregateError [ECONNREFUSED]: 
    at internalConnectMultiple (node:net:1339:18)
    at afterConnectMultiple (node:net:1942:7)
[2m22:28:05[22m [31m[1m[vite][22m[39m [31mhttp proxy error: /api/admin/approved-admins[39m
AggregateError [ECONNREFUSED]: 
    at internalConnectMultiple (node:net:1339:18)
    at afterConnectMultiple (node:net:1942:7)
[2m22:28:05[22m [31m[1m[vite][22m[39m [31mhttp proxy error: /api/admin/monthly-balances?[39m
AggregateError [ECONNREFUSED]: 
    at internalConnectMultiple (node:net:1339:18)
    at afterConnectMultiple (node:net:1942:7)
[2m22:28:11[22m [36m[1m[vite][22m[39m [32mhmr update [39m[2m/src/pages/Admin.tsx, /src/index.css[22m
[2m22:28:12[22m [31m[1m[vite][22m[39m [31mhttp proxy error: /api/admin/stats[39m
AggregateError [ECONNREFUSED]: 
    at internalConnectMultiple (node:net:1339:18)
    at afterConnectMultiple (node:net:1942:7)
[2m22:28:12[22m [31m[1m[vite][22m[39m [31mhttp proxy error: /api/admin/users[39m
AggregateError [ECONNREFUSED]: 
    at internalConnectMultiple (node:net:1339:18)
    at afterConnectMultiple (node:net:1942:7)
[2m22:28:12[22m [31m[1m[vite][22m[39m [31mhttp proxy error: /api/admin/approved-admins[39m
AggregateError [ECONNREFUSED]: 
    at internalConnectMultiple (node:net:1339:18)
    at afterConnectMultiple (node:net:1942:7)
[2m22:28:12[22m [31m[1m[vite][22m[39m [31mhttp proxy error: /api/admin/pending-admins[39m
AggregateError [ECONNREFUSED]: 
    at internalConnectMultiple (node:net:1339:18)
    at afterConnectMultiple (node:net:1942:7)
[2m22:28:12[22m [31m[1m[vite][22m[39m [31mhttp proxy error: /api/admin/monthly-balances?[39m
AggregateError [ECONNREFUSED]: 
    at internalConnectMultiple (node:net:1339:18)
    at afterConnectMultiple (node:net:1942:7)
[2m22:28:34[22m [36m[1m[vite][22m[39m [32mpage reload [39m[2msrc/types/index.ts[22m
[2m22:28:36[22m [31m[1m[vite][22m[39m [31mhttp proxy error: /api/auth/me[39m
AggregateError [ECONNREFUSED]: 
    at internalConnectMultiple (node:net:1339:18)
    at afterConnectMultiple (node:net:1942:7)
[2m22:28:36[22m [31m[1m[vite][22m[39m [31mhttp proxy error: /api/auth/me[39m
AggregateError [ECONNREFUSED]: 
    at internalConnectMultiple (node:net:1339:18)
    at afterConnectMultiple (node:net:1942:7)
[2m22:28:36[22m [31m[1m[vite][22m[39m [31mhttp proxy error: /api/auth/me[39m
AggregateError [ECONNREFUSED]: 
    at internalConnectMultiple (node:net:1339:18)
    at afterConnectMultiple (node:net:1942:7)
[2m22:28:36[22m [31m[1m[vite][22m[39m [31mhttp proxy error: /api/auth/me[39m
AggregateError [ECONNREFUSED]: 
    at internalConnectMultiple (node:net:1339:18)
    at afterConnectMultiple (node:net:1942:7)
[2m22:34:38[22m [36m[1m[vite][22m[39m [32mhmr update [39m[2m/src/pages/Admin.tsx, /src/index.css[22m
[2m22:34:47[22m [36m[1m[vite][22m[39m [32mhmr update [39m[2m/src/pages/Admin.tsx, /src/index.css[22m
[2m22:35:12[22m [36m[1m[vite][22m[39m [32mhmr update [39m[2m/src/pages/Admin.tsx, /src/index.css[22m
[2m22:35:38[22m [36m[1m[vite][22m[39m [32mhmr update [39m[2m/src/pages/Admin.tsx, /src/index.css[22m
[2m22:41:59[22m [36m[1m[vite][22m[39m [32mhmr update [39m[2m/src/App.tsx, /src/index.css, /src/pages/Login.tsx, /src/pages/Goals.tsx, /src/pages/Register.tsx, /src/components/Layout.tsx, /src/pages/Settings.tsx, /src/pages/MasterDashboard.tsx, /src/pages/Budgets.tsx, /src/pages/Reports.tsx, /src/pages/Dashboard.tsx, /src/pages/Accounts.tsx, /src/pages/Categories.tsx, /src/pages/Onboarding.tsx, /src/pages/Cards.tsx, /src/pages/Subscription.tsx, /src/pages/Transactions.tsx, /src/pages/Admin.tsx[22m
[2m22:42:00[22m [36m[1m[vite][22m[39m [33mhmr invalidate [39m[2m/src/pages/Settings.tsx[22m Could not Fast Refresh ("MODULE_LIST" export is incompatible). Learn more at https://github.com/vitejs/vite-plugin-react/tree/main/packages/plugin-react#consistent-components-exports
[2m22:42:00[22m [36m[1m[vite][22m[39m [32mhmr update [39m[2m/src/App.tsx, /src/index.css, /src/pages/Admin.tsx[22m
[2m22:42:15[22m [36m[1m[vite][22m[39m [32mhmr update [39m[2m/src/App.tsx, /src/index.css, /src/pages/Login.tsx, /src/pages/Goals.tsx, /src/pages/Register.tsx, /src/components/Layout.tsx, /src/pages/Settings.tsx, /src/pages/MasterDashboard.tsx, /src/pages/Budgets.tsx, /src/pages/Reports.tsx, /src/pages/Dashboard.tsx, /src/pages/Accounts.tsx, /src/pages/Categories.tsx, /src/pages/Onboarding.tsx, /src/pages/Cards.tsx, /src/pages/Subscription.tsx, /src/pages/Transactions.tsx, /src/pages/Admin.tsx[22m
[2m22:42:15[22m [36m[1m[vite][22m[39m [33mhmr invalidate [39m[2m/src/pages/Settings.tsx[22m Could not Fast Refresh ("MODULE_LIST" export is incompatible). Learn more at https://github.com/vitejs/vite-plugin-react/tree/main/packages/plugin-react#consistent-components-exports
[2m22:42:15[22m [36m[1m[vite][22m[39m [32mhmr update [39m[2m/src/App.tsx, /src/index.css, /src/pages/Admin.tsx[22m
[2m22:42:34[22m [36m[1m[vite][22m[39m [32mhmr update [39m[2m/src/components/Layout.tsx, /src/index.css[22m
[2m22:42:56[22m [36m[1m[vite][22m[39m [32mhmr update [39m[2m/src/components/Layout.tsx, /src/index.css[22m
[2m22:43:12[22m [36m[1m[vite][22m[39m [32mhmr update [39m[2m/src/pages/Admin.tsx, /src/index.css[22m
[2m22:43:18[22m [36m[1m[vite][22m[39m [32mhmr update [39m[2m/src/pages/Admin.tsx, /src/index.css[22m
[2m22:43:24[22m [36m[1m[vite][22m[39m [32mhmr update [39m[2m/src/pages/Admin.tsx, /src/index.css[22m
[2m22:45:47[22m [31m[1m[vite][22m[39m [31mhttp proxy error: /api/auth/me[39m
AggregateError [ECONNREFUSED]: 
    at internalConnectMultiple (node:net:1339:18)
    at afterConnectMultiple (node:net:1942:7)
[2m22:45:47[22m [31m[1m[vite][22m[39m [31mhttp proxy error: /api/auth/me[39m
AggregateError [ECONNREFUSED]: 
    at internalConnectMultiple (node:net:1339:18)
    at afterConnectMultiple (node:net:1942:7)
[2m22:46:39[22m [31m[1m[vite][22m[39m [31mhttp proxy error: /api/auth/login[39m
AggregateError [ECONNREFUSED]: 
    at internalConnectMultiple (node:net:1339:18)
    at afterConnectMultiple (node:net:1942:7)
[2m23:17:24[22m [31m[1m[vite][22m[39m [31mhttp proxy error: /api/auth/login[39m
AggregateError [ECONNREFUSED]: 
    at internalConnectMultiple (node:net:1339:18)
    at afterConnectMultiple (node:net:1942:7)
[2m23:18:36[22m [31m[1m[vite][22m[39m [31mhttp proxy error: /api/auth/login[39m
AggregateError [ECONNREFUSED]: 
    at internalConnectMultiple (node:net:1339:18)
    at afterConnectMultiple (node:net:1942:7)
[2m23:18:37[22m [31m[1m[vite][22m[39m [31mhttp proxy error: /api/auth/login[39m
AggregateError [ECONNREFUSED]: 
    at internalConnectMultiple (node:net:1339:18)
    at afterConnectMultiple (node:net:1942:7)
[2m23:18:38[22m [31m[1m[vite][22m[39m [31mhttp proxy error: /api/auth/login[39m
AggregateError [ECONNREFUSED]: 
    at internalConnectMultiple (node:net:1339:18)
    at afterConnectMultiple (node:net:1942:7)
[2m23:19:10[22m [31m[1m[vite][22m[39m [31mhttp proxy error: /api/auth/login[39m
AggregateError [ECONNREFUSED]: 
    at internalConnectMultiple (node:net:1339:18)
    at afterConnectMultiple (node:net:1942:7)
[2m23:19:48[22m [31m[1m[vite][22m[39m [31mhttp proxy error: /api/auth/login[39m
AggregateError [ECONNREFUSED]: 
    at internalConnectMultiple (node:net:1339:18)
    at afterConnectMultiple (node:net:1942:7)
[2m23:19:48[22m [36m[1m[vite][22m[39m [32mhmr update [39m[2m/src/pages/Admin.tsx, /src/index.css[22m
[2m23:19:50[22m [31m[1m[vite][22m[39m [31mhttp proxy error: /api/auth/me[39m
AggregateError [ECONNREFUSED]: 
    at internalConnectMultiple (node:net:1339:18)
    at afterConnectMultiple (node:net:1942:7)
[2m23:19:50[22m [31m[1m[vite][22m[39m [31mhttp proxy error: /api/admin/pending-admins[39m
AggregateError [ECONNREFUSED]: 
    at internalConnectMultiple (node:net:1339:18)
    at afterConnectMultiple (node:net:1942:7)
[2m23:19:50[22m [31m[1m[vite][22m[39m [31mhttp proxy error: /api/admin/approved-admins[39m
AggregateError [ECONNREFUSED]: 
    at internalConnectMultiple (node:net:1339:18)
    at afterConnectMultiple (node:net:1942:7)
[2m23:19:50[22m [31m[1m[vite][22m[39m [31mhttp proxy error: /api/admin/monthly-balances?[39m
AggregateError [ECONNREFUSED]: 
    at internalConnectMultiple (node:net:1339:18)
    at afterConnectMultiple (node:net:1942:7)
[2m23:19:50[22m [31m[1m[vite][22m[39m [31mhttp proxy error: /api/admin/stats[39m
AggregateError [ECONNREFUSED]: 
    at internalConnectMultiple (node:net:1339:18)
    at afterConnectMultiple (node:net:1942:7)
[2m23:19:50[22m [31m[1m[vite][22m[39m [31mhttp proxy error: /api/admin/users[39m
AggregateError [ECONNREFUSED]: 
    at internalConnectMultiple (node:net:1339:18)
    at afterConnectMultiple (node:net:1942:7)
[2m23:19:51[22m [36m[1m[vite][22m[39m [32mhmr update [39m[2m/src/pages/Admin.tsx, /src/index.css[22m
[2m23:19:53[22m [31m[1m[vite][22m[39m [31mhttp proxy error: /api/auth/me[39m
AggregateError [ECONNREFUSED]: 
    at internalConnectMultiple (node:net:1339:18)
    at afterConnectMultiple (node:net:1942:7)
[2m23:19:53[22m [31m[1m[vite][22m[39m [31mhttp proxy error: /api/admin/pending-admins[39m
AggregateError [ECONNREFUSED]: 
    at internalConnectMultiple (node:net:1339:18)
    at afterConnectMultiple (node:net:1942:7)
[2m23:19:53[22m [31m[1m[vite][22m[39m [31mhttp proxy error: /api/admin/approved-admins[39m
AggregateError [ECONNREFUSED]: 
    at internalConnectMultiple (node:net:1339:18)
    at afterConnectMultiple (node:net:1942:7)
[2m23:19:53[22m [31m[1m[vite][22m[39m [31mhttp proxy error: /api/admin/monthly-balances?[39m
AggregateError [ECONNREFUSED]: 
    at internalConnectMultiple (node:net:1339:18)
    at afterConnectMultiple (node:net:1942:7)
[2m23:19:53[22m [31m[1m[vite][22m[39m [31mhttp proxy error: /api/auth/me[39m
AggregateError [ECONNREFUSED]: 
    at internalConnectMultiple (node:net:1339:18)
    at afterConnectMultiple (node:net:1942:7)
[2m23:19:53[22m [31m[1m[vite][22m[39m [31mhttp proxy error: /api/admin/pending-admins[39m
AggregateError [ECONNREFUSED]: 
    at internalConnectMultiple (node:net:1339:18)
    at afterConnectMultiple (node:net:1942:7)
[2m23:19:53[22m [31m[1m[vite][22m[39m [31mhttp proxy error: /api/admin/approved-admins[39m
AggregateError [ECONNREFUSED]: 
    at internalConnectMultiple (node:net:1339:18)
    at afterConnectMultiple (node:net:1942:7)
[2m23:19:53[22m [31m[1m[vite][22m[39m [31mhttp proxy error: /api/admin/monthly-balances?[39m
AggregateError [ECONNREFUSED]: 
    at internalConnectMultiple (node:net:1339:18)
    at afterConnectMultiple (node:net:1942:7)
[2m23:19:53[22m [31m[1m[vite][22m[39m [31mhttp proxy error: /api/admin/stats[39m
AggregateError [ECONNREFUSED]: 
    at internalConnectMultiple (node:net:1339:18)
    at afterConnectMultiple (node:net:1942:7)
[2m23:19:53[22m [31m[1m[vite][22m[39m [31mhttp proxy error: /api/admin/users[39m
AggregateError [ECONNREFUSED]: 
    at internalConnectMultiple (node:net:1339:18)
    at afterConnectMultiple (node:net:1942:7)
[2m23:19:53[22m [31m[1m[vite][22m[39m [31mhttp proxy error: /api/admin/stats[39m
AggregateError [ECONNREFUSED]: 
    at internalConnectMultiple (node:net:1339:18)
    at afterConnectMultiple (node:net:1942:7)
[2m23:19:53[22m [31m[1m[vite][22m[39m [31mhttp proxy error: /api/admin/users[39m
AggregateError [ECONNREFUSED]: 
    at internalConnectMultiple (node:net:1339:18)
    at afterConnectMultiple (node:net:1942:7)
[2m23:19:59[22m [36m[1m[vite][22m[39m [32mhmr update [39m[2m/src/pages/Admin.tsx, /src/index.css[22m
[2m23:20:00[22m [31m[1m[vite][22m[39m [31mhttp proxy error: /api/auth/me[39m
AggregateError [ECONNREFUSED]: 
    at internalConnectMultiple (node:net:1339:18)
    at afterConnectMultiple (node:net:1942:7)
[2m23:20:00[22m [31m[1m[vite][22m[39m [31mhttp proxy error: /api/admin/pending-admins[39m
AggregateError [ECONNREFUSED]: 
    at internalConnectMultiple (node:net:1339:18)
    at afterConnectMultiple (node:net:1942:7)
[2m23:20:00[22m [31m[1m[vite][22m[39m [31mhttp proxy error: /api/admin/approved-admins[39m
AggregateError [ECONNREFUSED]: 
    at internalConnectMultiple (node:net:1339:18)
    at afterConnectMultiple (node:net:1942:7)
[2m23:20:00[22m [31m[1m[vite][22m[39m [31mhttp proxy error: /api/admin/monthly-balances?[39m
AggregateError [ECONNREFUSED]: 
    at internalConnectMultiple (node:net:1339:18)
    at afterConnectMultiple (node:net:1942:7)
[2m23:20:00[22m [31m[1m[vite][22m[39m [31mhttp proxy error: /api/admin/stats[39m
AggregateError [ECONNREFUSED]: 
    at internalConnectMultiple (node:net:1339:18)
    at afterConnectMultiple (node:net:1942:7)
[2m23:20:00[22m [31m[1m[vite][22m[39m [31mhttp proxy error: /api/admin/users[39m
AggregateError [ECONNREFUSED]: 
    at internalConnectMultiple (node:net:1339:18)
    at afterConnectMultiple (node:net:1942:7)
[2m23:20:29[22m [31m[1m[vite][22m[39m [31mhttp proxy error: /api/auth/login[39m
AggregateError [ECONNREFUSED]: 
    at internalConnectMultiple (node:net:1339:18)
    at afterConnectMultiple (node:net:1942:7)
[2m23:20:44[22m [36m[1m[vite][22m[39m [32mhmr update [39m[2m/src/pages/Admin.tsx, /src/index.css[22m
[2m23:20:45[22m [31m[1m[vite][22m[39m [31mhttp proxy error: /api/auth/me[39m
AggregateError [ECONNREFUSED]: 
    at internalConnectMultiple (node:net:1339:18)
    at afterConnectMultiple (node:net:1942:7)
[2m23:20:45[22m [31m[1m[vite][22m[39m [31mhttp proxy error: /api/admin/pending-admins[39m
AggregateError [ECONNREFUSED]: 
    at internalConnectMultiple (node:net:1339:18)
    at afterConnectMultiple (node:net:1942:7)
[2m23:20:45[22m [31m[1m[vite][22m[39m [31mhttp proxy error: /api/admin/approved-admins[39m
AggregateError [ECONNREFUSED]: 
    at internalConnectMultiple (node:net:1339:18)
    at afterConnectMultiple (node:net:1942:7)
[2m23:20:45[22m [31m[1m[vite][22m[39m [31mhttp proxy error: /api/admin/monthly-balances?[39m
AggregateError [ECONNREFUSED]: 
    at internalConnectMultiple (node:net:1339:18)
    at afterConnectMultiple (node:net:1942:7)
[2m23:20:45[22m [31m[1m[vite][22m[39m [31mhttp proxy error: /api/admin/stats[39m
AggregateError [ECONNREFUSED]: 
    at internalConnectMultiple (node:net:1339:18)
    at afterConnectMultiple (node:net:1942:7)
[2m23:20:45[22m [31m[1m[vite][22m[39m [31mhttp proxy error: /api/admin/users[39m
AggregateError [ECONNREFUSED]: 
    at internalConnectMultiple (node:net:1339:18)
    at afterConnectMultiple (node:net:1942:7)
[2m23:20:54[22m [36m[1m[vite][22m[39m [32mhmr update [39m[2m/src/pages/Admin.tsx, /src/index.css[22m
[2m23:20:56[22m [31m[1m[vite][22m[39m [31mhttp proxy error: /api/auth/me[39m
AggregateError [ECONNREFUSED]: 
    at internalConnectMultiple (node:net:1339:18)
    at afterConnectMultiple (node:net:1942:7)
[2m23:20:56[22m [31m[1m[vite][22m[39m [31mhttp proxy error: /api/admin/pending-admins[39m
AggregateError [ECONNREFUSED]: 
    at internalConnectMultiple (node:net:1339:18)
    at afterConnectMultiple (node:net:1942:7)
[2m23:20:56[22m [31m[1m[vite][22m[39m [31mhttp proxy error: /api/admin/approved-admins[39m
AggregateError [ECONNREFUSED]: 
    at internalConnectMultiple (node:net:1339:18)
    at afterConnectMultiple (node:net:1942:7)
[2m23:20:56[22m [31m[1m[vite][22m[39m [31mhttp proxy error: /api/admin/monthly-balances?[39m
AggregateError [ECONNREFUSED]: 
    at internalConnectMultiple (node:net:1339:18)
    at afterConnectMultiple (node:net:1942:7)
[2m23:20:56[22m [31m[1m[vite][22m[39m [31mhttp proxy error: /api/admin/stats[39m
AggregateError [ECONNREFUSED]: 
    at internalConnectMultiple (node:net:1339:18)
    at afterConnectMultiple (node:net:1942:7)
[2m23:20:56[22m [31m[1m[vite][22m[39m [31mhttp proxy error: /api/admin/users[39m
AggregateError [ECONNREFUSED]: 
    at internalConnectMultiple (node:net:1339:18)
    at afterConnectMultiple (node:net:1942:7)
[2m23:21:00[22m [36m[1m[vite][22m[39m [32mhmr update [39m[2m/src/App.tsx, /src/index.css, /src/pages/Login.tsx, /src/pages/Goals.tsx, /src/pages/Register.tsx, /src/components/Layout.tsx, /src/pages/Settings.tsx, /src/pages/MasterDashboard.tsx, /src/pages/Budgets.tsx, /src/pages/Reports.tsx, /src/pages/Dashboard.tsx, /src/pages/Accounts.tsx, /src/pages/Categories.tsx, /src/pages/Onboarding.tsx, /src/pages/Cards.tsx, /src/pages/Subscription.tsx, /src/pages/Transactions.tsx, /src/pages/Admin.tsx[22m
[2m23:21:00[22m [36m[1m[vite][22m[39m [33mhmr invalidate [39m[2m/src/pages/Settings.tsx[22m Could not Fast Refresh ("MODULE_LIST" export is incompatible). Learn more at https://github.com/vitejs/vite-plugin-react/tree/main/packages/plugin-react#consistent-components-exports
[2m23:21:00[22m [36m[1m[vite][22m[39m [32mhmr update [39m[2m/src/App.tsx, /src/index.css, /src/pages/Admin.tsx[22m
[2m23:21:00[22m [31m[1m[vite][22m[39m [31mhttp proxy error: /api/auth/me[39m
AggregateError [ECONNREFUSED]: 
    at internalConnectMultiple (node:net:1339:18)
    at afterConnectMultiple (node:net:1942:7)
[2m23:21:07[22m [36m[1m[vite][22m[39m [32mhmr update [39m[2m/src/App.tsx, /src/index.css, /src/pages/Login.tsx, /src/pages/Goals.tsx, /src/pages/Register.tsx, /src/components/Layout.tsx, /src/pages/Settings.tsx, /src/pages/MasterDashboard.tsx, /src/pages/Budgets.tsx, /src/pages/Reports.tsx, /src/pages/Dashboard.tsx, /src/pages/Accounts.tsx, /src/pages/Categories.tsx, /src/pages/Onboarding.tsx, /src/pages/Cards.tsx, /src/pages/Subscription.tsx, /src/pages/Transactions.tsx, /src/pages/Admin.tsx[22m
[2m23:21:07[22m [36m[1m[vite][22m[39m [33mhmr invalidate [39m[2m/src/pages/Settings.tsx[22m Could not Fast Refresh ("MODULE_LIST" export is incompatible). Learn more at https://github.com/vitejs/vite-plugin-react/tree/main/packages/plugin-react#consistent-components-exports
[2m23:21:07[22m [36m[1m[vite][22m[39m [32mhmr update [39m[2m/src/App.tsx, /src/index.css, /src/pages/Admin.tsx[22m
[2m23:21:11[22m [36m[1m[vite][22m[39m [32mhmr update [39m[2m/src/pages/MasterDashboard.tsx, /src/index.css[22m
[2m23:21:13[22m [31m[1m[vite][22m[39m [31mhttp proxy error: /api/auth/login[39m
AggregateError [ECONNREFUSED]: 
    at internalConnectMultiple (node:net:1339:18)
    at afterConnectMultiple (node:net:1942:7)
[2m23:21:14[22m [31m[1m[vite][22m[39m [31mhttp proxy error: /api/auth/login[39m
AggregateError [ECONNREFUSED]: 
    at internalConnectMultiple (node:net:1339:18)
    at afterConnectMultiple (node:net:1942:7)
[2m23:24:42[22m [36m[1m[vite][22m[39m [32mhmr update [39m[2m/src/index.css, /src/App.tsx, /src/pages/Login.tsx, /src/pages/Goals.tsx, /src/pages/Register.tsx, /src/components/Layout.tsx, /src/pages/Settings.tsx, /src/pages/MasterDashboard.tsx, /src/pages/Budgets.tsx, /src/pages/Reports.tsx, /src/pages/Dashboard.tsx, /src/pages/Accounts.tsx, /src/pages/Categories.tsx, /src/pages/Onboarding.tsx, /src/pages/Cards.tsx, /src/pages/Subscription.tsx, /src/pages/Transactions.tsx, /src/pages/Admin.tsx, /src/pages/ForgotPassword.tsx[22m
[2m23:24:43[22m [36m[1m[vite][22m[39m [33mhmr invalidate [39m[2m/src/pages/Settings.tsx[22m Could not Fast Refresh ("MODULE_LIST" export is incompatible). Learn more at https://github.com/vitejs/vite-plugin-react/tree/main/packages/plugin-react#consistent-components-exports
[2m23:24:43[22m [36m[1m[vite][22m[39m [32mhmr update [39m[2m/src/App.tsx, /src/index.css, /src/pages/Admin.tsx[22m
[2m23:24:47[22m [36m[1m[vite][22m[39m [32mhmr update [39m[2m/src/pages/Login.tsx, /src/index.css[22m
[2m23:24:50[22m [36m[1m[vite][22m[39m [32mhmr update [39m[2m/src/pages/Login.tsx, /src/index.css[22m
[2m23:35:33[22m [36m[1m[vite][22m[39m [32mhmr update [39m[2m/src/pages/ForgotPassword.tsx, /src/index.css[22m
[2m23:35:42[22m [36m[1m[vite][22m[39m [32mhmr update [39m[2m/src/pages/Login.tsx, /src/index.css[22m
[2m00:27:55[22m [31m[1m[vite][22m[39m [31mhttp proxy error: /api/auth/me[39m
AggregateError [ECONNREFUSED]: 
    at internalConnectMultiple (node:net:1339:18)
    at afterConnectMultiple (node:net:1942:7)
[2m00:27:55[22m [31m[1m[vite][22m[39m [31mhttp proxy error: /api/auth/me[39m
AggregateError [ECONNREFUSED]: 
    at internalConnectMultiple (node:net:1339:18)
    at afterConnectMultiple (node:net:1942:7)
[2m00:28:01[22m [31m[1m[vite][22m[39m [31mhttp proxy error: /api/auth/me[39m
AggregateError [ECONNREFUSED]: 
    at internalConnectMultiple (node:net:1339:18)
    at afterConnectMultiple (node:net:1942:7)
[2m00:28:01[22m [31m[1m[vite][22m[39m [31mhttp proxy error: /api/auth/me[39m
AggregateError [ECONNREFUSED]: 
    at internalConnectMultiple (node:net:1339:18)
    at afterConnectMultiple (node:net:1942:7)
[2m00:28:20[22m [31m[1m[vite][22m[39m [31mhttp proxy error: /api/admin/users/ff8785fd-c44d-4144-a949-f2a810eb88ac/toggle-active[39m
AggregateError [ECONNREFUSED]: 
    at internalConnectMultiple (node:net:1339:18)
    at afterConnectMultiple (node:net:1942:7)
[2m00:28:23[22m [31m[1m[vite][22m[39m [31mhttp proxy error: /api/admin/users/ff8785fd-c44d-4144-a949-f2a810eb88ac/toggle-active[39m
AggregateError [ECONNREFUSED]: 
    at internalConnectMultiple (node:net:1339:18)
    at afterConnectMultiple (node:net:1942:7)
[2m00:28:26[22m [31m[1m[vite][22m[39m [31mhttp proxy error: /api/auth/me[39m
AggregateError [ECONNREFUSED]: 
    at internalConnectMultiple (node:net:1339:18)
    at afterConnectMultiple (node:net:1942:7)
[2m00:28:26[22m [31m[1m[vite][22m[39m [31mhttp proxy error: /api/auth/me[39m
AggregateError [ECONNREFUSED]: 
    at internalConnectMultiple (node:net:1339:18)
    at afterConnectMultiple (node:net:1942:7)
[2m00:30:45[22m [36m[1m[vite][22m[39m [32mhmr update [39m[2m/src/App.tsx, /src/index.css, /src/pages/Login.tsx, /src/pages/Goals.tsx, /src/pages/Register.tsx, /src/components/Layout.tsx, /src/pages/Settings.tsx, /src/pages/MasterDashboard.tsx, /src/pages/Budgets.tsx, /src/pages/Reports.tsx, /src/pages/Dashboard.tsx, /src/pages/Accounts.tsx, /src/pages/Categories.tsx, /src/pages/Onboarding.tsx, /src/pages/Cards.tsx, /src/pages/Subscription.tsx, /src/pages/Transactions.tsx, /src/pages/Admin.tsx[22m
[2m00:30:46[22m [36m[1m[vite][22m[39m [33mhmr invalidate [39m[2m/src/pages/Settings.tsx[22m Could not Fast Refresh ("MODULE_LIST" export is incompatible). Learn more at https://github.com/vitejs/vite-plugin-react/tree/main/packages/plugin-react#consistent-components-exports
[2m00:30:46[22m [36m[1m[vite][22m[39m [32mhmr update [39m[2m/src/App.tsx, /src/index.css, /src/pages/Admin.tsx[22m
[2m00:31:49[22m [36m[1m[vite][22m[39m [32mhmr update [39m[2m/src/App.tsx, /src/index.css, /src/pages/Login.tsx, /src/pages/Goals.tsx, /src/pages/Register.tsx, /src/components/Layout.tsx, /src/pages/Settings.tsx, /src/pages/MasterDashboard.tsx, /src/pages/Budgets.tsx, /src/pages/Reports.tsx, /src/pages/Dashboard.tsx, /src/pages/Accounts.tsx, /src/pages/Categories.tsx, /src/pages/Onboarding.tsx, /src/pages/Cards.tsx, /src/pages/Subscription.tsx, /src/pages/Transactions.tsx, /src/pages/Admin.tsx[22m
[2m00:31:49[22m [36m[1m[vite][22m[39m [33mhmr invalidate [39m[2m/src/pages/Settings.tsx[22m Could not Fast Refresh ("MODULE_LIST" export is incompatible). Learn more at https://github.com/vitejs/vite-plugin-react/tree/main/packages/plugin-react#consistent-components-exports
[2m00:31:49[22m [36m[1m[vite][22m[39m [32mhmr update [39m[2m/src/App.tsx, /src/index.css, /src/pages/Admin.tsx[22m
[2m00:35:08[22m [36m[1m[vite][22m[39m [32mhmr update [39m[2m/src/App.tsx, /src/index.css, /src/pages/Login.tsx, /src/pages/Goals.tsx, /src/pages/Register.tsx, /src/components/Layout.tsx, /src/pages/Settings.tsx, /src/pages/MasterDashboard.tsx, /src/pages/Budgets.tsx, /src/pages/Reports.tsx, /src/pages/Dashboard.tsx, /src/pages/Accounts.tsx, /src/pages/Categories.tsx, /src/pages/Onboarding.tsx, /src/pages/Cards.tsx, /src/pages/Subscription.tsx, /src/pages/Transactions.tsx, /src/pages/Admin.tsx[22m
[2m00:35:09[22m [36m[1m[vite][22m[39m [33mhmr invalidate [39m[2m/src/pages/Settings.tsx[22m Could not Fast Refresh ("MODULE_LIST" export is incompatible). Learn more at https://github.com/vitejs/vite-plugin-react/tree/main/packages/plugin-react#consistent-components-exports
[2m00:35:09[22m [36m[1m[vite][22m[39m [32mhmr update [39m[2m/src/App.tsx, /src/index.css, /src/pages/Admin.tsx[22m
[2m00:36:57[22m [36m[1m[vite][22m[39m [32mhmr update [39m[2m/src/App.tsx, /src/index.css, /src/pages/Login.tsx, /src/pages/Goals.tsx, /src/pages/Register.tsx, /src/components/Layout.tsx, /src/pages/Settings.tsx, /src/pages/MasterDashboard.tsx, /src/pages/Budgets.tsx, /src/pages/Reports.tsx, /src/pages/Dashboard.tsx, /src/pages/Accounts.tsx, /src/pages/Categories.tsx, /src/pages/Onboarding.tsx, /src/pages/Cards.tsx, /src/pages/Subscription.tsx, /src/pages/Transactions.tsx, /src/pages/Admin.tsx[22m
[2m00:36:57[22m [36m[1m[vite][22m[39m [33mhmr invalidate [39m[2m/src/pages/Settings.tsx[22m Could not Fast Refresh ("MODULE_LIST" export is incompatible). Learn more at https://github.com/vitejs/vite-plugin-react/tree/main/packages/plugin-react#consistent-components-exports
[2m00:36:57[22m [36m[1m[vite][22m[39m [32mhmr update [39m[2m/src/App.tsx, /src/index.css, /src/pages/Admin.tsx[22m
[2m00:39:16[22m [36m[1m[vite][22m[39m [32mhmr update [39m[2m/src/App.tsx, /src/index.css, /src/pages/Login.tsx, /src/pages/Goals.tsx, /src/pages/Register.tsx, /src/components/Layout.tsx, /src/pages/Settings.tsx, /src/pages/MasterDashboard.tsx, /src/pages/Budgets.tsx, /src/pages/Reports.tsx, /src/pages/Dashboard.tsx, /src/pages/Accounts.tsx, /src/pages/Categories.tsx, /src/pages/Onboarding.tsx, /src/pages/Cards.tsx, /src/pages/Subscription.tsx, /src/pages/Transactions.tsx, /src/pages/Admin.tsx[22m
[2m00:39:17[22m [36m[1m[vite][22m[39m [33mhmr invalidate [39m[2m/src/pages/Settings.tsx[22m Could not Fast Refresh ("MODULE_LIST" export is incompatible). Learn more at https://github.com/vitejs/vite-plugin-react/tree/main/packages/plugin-react#consistent-components-exports
[2m00:39:17[22m [36m[1m[vite][22m[39m [32mhmr update [39m[2m/src/App.tsx, /src/index.css, /src/pages/Admin.tsx[22m
[2m00:40:16[22m [36m[1m[vite][22m[39m [32mhmr update [39m[2m/src/App.tsx, /src/index.css, /src/pages/Login.tsx, /src/pages/Goals.tsx, /src/pages/Register.tsx, /src/components/Layout.tsx, /src/pages/Settings.tsx, /src/pages/MasterDashboard.tsx, /src/pages/Budgets.tsx, /src/pages/Reports.tsx, /src/pages/Dashboard.tsx, /src/pages/Accounts.tsx, /src/pages/Categories.tsx, /src/pages/Onboarding.tsx, /src/pages/Cards.tsx, /src/pages/Subscription.tsx, /src/pages/Transactions.tsx, /src/pages/Admin.tsx[22m
[2m00:40:16[22m [36m[1m[vite][22m[39m [33mhmr invalidate [39m[2m/src/pages/Settings.tsx[22m Could not Fast Refresh ("MODULE_LIST" export is incompatible). Learn more at https://github.com/vitejs/vite-plugin-react/tree/main/packages/plugin-react#consistent-components-exports
[2m00:40:16[22m [36m[1m[vite][22m[39m [32mhmr update [39m[2m/src/App.tsx, /src/index.css, /src/pages/Admin.tsx[22m
[2m10:41:03[22m [36m[1m[vite][22m[39m [32mpage reload [39m[2msrc/types/index.ts[22m
[2m12:20:03[22m [36m[1m[vite][22m[39m [32mhmr update [39m[2m/src/pages/MasterDashboard.tsx, /src/index.css[22m
[2m12:20:13[22m [36m[1m[vite][22m[39m [32mhmr update [39m[2m/src/pages/MasterDashboard.tsx, /src/index.css[22m
[2m12:21:43[22m [36m[1m[vite][22m[39m [32mhmr update [39m[2m/src/pages/MasterDashboard.tsx, /src/index.css[22m
[2m12:21:53[22m [36m[1m[vite][22m[39m [32mhmr update [39m[2m/src/pages/MasterDashboard.tsx, /src/index.css[22m
[2m12:59:08[22m [36m[1m[vite][22m[39m [32mhmr update [39m[2m/src/pages/Reports.tsx, /src/index.css[22m
[2m12:59:13[22m [36m[1m[vite][22m[39m [32mhmr update [39m[2m/src/pages/Reports.tsx, /src/index.css[22m
[2m12:59:41[22m [36m[1m[vite][22m[39m [32mhmr update [39m[2m/src/pages/Reports.tsx, /src/index.css[22m
[2m13:17:34[22m [36m[1m[vite][22m[39m [32mhmr update [39m[2m/src/pages/Reports.tsx, /src/index.css[22m
[2m13:17:40[22m [36m[1m[vite][22m[39m [32mhmr update [39m[2m/src/pages/Reports.tsx, /src/index.css[22m
[2m13:17:45[22m [36m[1m[vite][22m[39m [32mhmr update [39m[2m/src/pages/Reports.tsx, /src/index.css[22m
[2m13:17:52[22m [36m[1m[vite][22m[39m [32mhmr update [39m[2m/src/pages/MasterDashboard.tsx, /src/index.css[22m
[2m13:17:57[22m [36m[1m[vite][22m[39m [32mhmr update [39m[2m/src/pages/MasterDashboard.tsx, /src/index.css[22m
[2m13:18:03[22m [36m[1m[vite][22m[39m [32mhmr update [39m[2m/src/pages/MasterDashboard.tsx, /src/index.css[22m
[2m13:18:08[22m [36m[1m[vite][22m[39m [32mhmr update [39m[2m/src/pages/MasterDashboard.tsx, /src/index.css[22m
[2m13:18:13[22m [36m[1m[vite][22m[39m [32mhmr update [39m[2m/src/pages/Admin.tsx, /src/index.css[22m
[2m13:18:22[22m [36m[1m[vite][22m[39m [32mhmr update [39m[2m/src/pages/Admin.tsx, /src/index.css[22m
[2m13:18:26[22m [36m[1m[vite][22m[39m [32mhmr update [39m[2m/src/pages/Admin.tsx, /src/index.css[22m
[2m13:47:06[22m [36m[1m[vite][22m[39m [32mhmr update [39m[2m/src/components/ReorderablePanels.tsx, /src/index.css[22m
[2m13:47:14[22m [36m[1m[vite][22m[39m [32mhmr update [39m[2m/src/components/ReorderablePanels.tsx, /src/index.css[22m
[2m13:47:37[22m [36m[1m[vite][22m[39m [32mhmr update [39m[2m/src/pages/MasterDashboard.tsx, /src/index.css[22m
[2m16:05:56[22m [36m[1m[vite][22m[39m [32mhmr update [39m[2m/src/components/Layout.tsx, /src/index.css[22m
[2m16:06:10[22m [36m[1m[vite][22m[39m [32mhmr update [39m[2m/src/components/Layout.tsx, /src/index.css[22m
[2m16:06:23[22m [36m[1m[vite][22m[39m [32mhmr update [39m[2m/src/components/Layout.tsx, /src/index.css[22m
[2m16:06:36[22m [36m[1m[vite][22m[39m [32mhmr update [39m[2m/src/index.css[22m
[2m16:11:59[22m [36m[1m[vite][22m[39m [32mhmr update [39m[2m/src/pages/Settings.tsx, /src/index.css[22m
[2m16:11:59[22m [36m[1m[vite][22m[39m [33mhmr invalidate [39m[2m/src/pages/Settings.tsx[22m Could not Fast Refresh ("MODULE_LIST" export is incompatible). Learn more at https://github.com/vitejs/vite-plugin-react/tree/main/packages/plugin-react#consistent-components-exports
[2m16:11:59[22m [36m[1m[vite][22m[39m [32mhmr update [39m[2m/src/App.tsx, /src/index.css, /src/pages/Admin.tsx[22m
[2m16:39:47[22m [36m[1m[vite][22m[39m [32mhmr update [39m[2m/src/App.tsx, /src/index.css, /src/pages/Login.tsx, /src/pages/Goals.tsx, /src/pages/Register.tsx, /src/components/Layout.tsx, /src/pages/Settings.tsx, /src/pages/MasterDashboard.tsx, /src/pages/Budgets.tsx, /src/pages/Reports.tsx, /src/pages/Dashboard.tsx, /src/pages/Accounts.tsx, /src/pages/Categories.tsx, /src/pages/Onboarding.tsx, /src/pages/Cards.tsx, /src/pages/Subscription.tsx, /src/pages/Transactions.tsx, /src/pages/Admin.tsx[22m
[2m16:39:47[22m [36m[1m[vite][22m[39m [32mhmr update [39m[2m/src/App.tsx, /src/index.css, /src/pages/Login.tsx, /src/pages/Goals.tsx, /src/pages/Register.tsx, /src/components/Layout.tsx, /src/pages/Settings.tsx, /src/pages/MasterDashboard.tsx, /src/pages/Budgets.tsx, /src/pages/Reports.tsx, /src/pages/Dashboard.tsx, /src/pages/Accounts.tsx, /src/pages/Categories.tsx, /src/pages/Onboarding.tsx, /src/pages/Cards.tsx, /src/pages/Subscription.tsx, /src/pages/Transactions.tsx, /src/pages/Admin.tsx[22m
[2m16:39:49[22m [36m[1m[vite][22m[39m [33mhmr invalidate [39m[2m/src/pages/Settings.tsx[22m Could not Fast Refresh ("MODULE_LIST" export is incompatible). Learn more at https://github.com/vitejs/vite-plugin-react/tree/main/packages/plugin-react#consistent-components-exports
[2m16:39:49[22m [36m[1m[vite][22m[39m [32mhmr update [39m[2m/src/App.tsx, /src/index.css, /src/pages/Admin.tsx[22m
[2m16:40:12[22m [36m[1m[vite][22m[39m [32mpage reload [39m[2msrc/types/index.ts[22m
[2m16:40:20[22m [36m[1m[vite][22m[39m [32mhmr update [39m[2m/src/App.tsx, /src/index.css, /src/pages/Login.tsx, /src/pages/Goals.tsx, /src/pages/Register.tsx, /src/components/Layout.tsx, /src/pages/Settings.tsx, /src/pages/MasterDashboard.tsx, /src/pages/Budgets.tsx, /src/pages/Reports.tsx, /src/pages/Dashboard.tsx, /src/pages/Accounts.tsx, /src/pages/Categories.tsx, /src/pages/Onboarding.tsx, /src/pages/Cards.tsx, /src/pages/Subscription.tsx, /src/pages/Transactions.tsx, /src/pages/Admin.tsx[22m
[2m16:40:20[22m [36m[1m[vite][22m[39m [33mhmr invalidate [39m[2m/src/pages/Settings.tsx[22m Could not Fast Refresh ("MODULE_LIST" export is incompatible). Learn more at https://github.com/vitejs/vite-plugin-react/tree/main/packages/plugin-react#consistent-components-exports
[2m16:40:20[22m [36m[1m[vite][22m[39m [32mhmr update [39m[2m/src/App.tsx, /src/index.css, /src/pages/Admin.tsx[22m
[2m16:40:43[22m [36m[1m[vite][22m[39m [32mhmr update [39m[2m/src/App.tsx, /src/index.css, /src/pages/Login.tsx, /src/pages/Goals.tsx, /src/pages/Register.tsx, /src/components/Layout.tsx, /src/pages/Settings.tsx, /src/pages/MasterDashboard.tsx, /src/pages/Budgets.tsx, /src/pages/Reports.tsx, /src/pages/Dashboard.tsx, /src/pages/Accounts.tsx, /src/pages/Categories.tsx, /src/pages/Onboarding.tsx, /src/pages/Cards.tsx, /src/pages/Subscription.tsx, /src/pages/Transactions.tsx, /src/pages/Admin.tsx[22m
[2m16:40:44[22m [36m[1m[vite][22m[39m [33mhmr invalidate [39m[2m/src/pages/Settings.tsx[22m Could not Fast Refresh ("MODULE_LIST" export is incompatible). Learn more at https://github.com/vitejs/vite-plugin-react/tree/main/packages/plugin-react#consistent-components-exports
[2m16:40:44[22m [36m[1m[vite][22m[39m [32mhmr update [39m[2m/src/App.tsx, /src/index.css, /src/pages/Admin.tsx[22m
[2m16:40:51[22m [36m[1m[vite][22m[39m [32mhmr update [39m[2m/src/App.tsx, /src/index.css, /src/pages/Login.tsx, /src/pages/Goals.tsx, /src/pages/Register.tsx, /src/components/Layout.tsx, /src/pages/Settings.tsx, /src/pages/MasterDashboard.tsx, /src/pages/Budgets.tsx, /src/pages/Reports.tsx, /src/pages/Dashboard.tsx, /src/pages/Accounts.tsx, /src/pages/Categories.tsx, /src/pages/Onboarding.tsx, /src/pages/Cards.tsx, /src/pages/Subscription.tsx, /src/pages/Transactions.tsx, /src/pages/Admin.tsx[22m
[2m16:40:51[22m [36m[1m[vite][22m[39m [33mhmr invalidate [39m[2m/src/pages/Settings.tsx[22m Could not Fast Refresh ("MODULE_LIST" export is incompatible). Learn more at https://github.com/vitejs/vite-plugin-react/tree/main/packages/plugin-react#consistent-components-exports
[2m16:40:51[22m [36m[1m[vite][22m[39m [32mhmr update [39m[2m/src/App.tsx, /src/index.css, /src/pages/Admin.tsx[22m
[2m16:41:02[22m [36m[1m[vite][22m[39m [32mhmr update [39m[2m/src/pages/Settings.tsx, /src/index.css[22m
[2m16:41:02[22m [36m[1m[vite][22m[39m [33mhmr invalidate [39m[2m/src/pages/Settings.tsx[22m Could not Fast Refresh ("MODULE_LIST" export is incompatible). Learn more at https://github.com/vitejs/vite-plugin-react/tree/main/packages/plugin-react#consistent-components-exports
[2m16:41:02[22m [36m[1m[vite][22m[39m [32mhmr update [39m[2m/src/App.tsx, /src/index.css, /src/pages/Admin.tsx[22m
[2m16:41:06[22m [36m[1m[vite][22m[39m [32mhmr update [39m[2m/src/pages/Settings.tsx, /src/index.css[22m
[2m16:41:07[22m [36m[1m[vite][22m[39m [33mhmr invalidate [39m[2m/src/pages/Settings.tsx[22m Could not Fast Refresh ("MODULE_LIST" export is incompatible). Learn more at https://github.com/vitejs/vite-plugin-react/tree/main/packages/plugin-react#consistent-components-exports
[2m16:41:07[22m [36m[1m[vite][22m[39m [32mhmr update [39m[2m/src/App.tsx, /src/index.css, /src/pages/Admin.tsx[22m
[2m16:41:23[22m [36m[1m[vite][22m[39m [32mhmr update [39m[2m/src/pages/Settings.tsx, /src/index.css[22m
[2m16:41:23[22m [36m[1m[vite][22m[39m [33mhmr invalidate [39m[2m/src/pages/Settings.tsx[22m Could not Fast Refresh ("MODULE_LIST" export is incompatible). Learn more at https://github.com/vitejs/vite-plugin-react/tree/main/packages/plugin-react#consistent-components-exports
[2m16:41:23[22m [36m[1m[vite][22m[39m [32mhmr update [39m[2m/src/App.tsx, /src/index.css, /src/pages/Admin.tsx[22m
[2m16:44:33[22m [36m[1m[vite][22m[39m [32mhmr update [39m[2m/src/pages/Settings.tsx, /src/index.css[22m
[2m16:44:33[22m [31m[1m[vite][22m[39m [31mInternal server error: Transform failed with 3 errors:
C:/Users/user/Desktop/opencode/frontend/src/pages/Settings.tsx:482:155: ERROR: The character ">" is not valid inside a JSX element
C:/Users/user/Desktop/opencode/frontend/src/pages/Settings.tsx:487:138: ERROR: The character ">" is not valid inside a JSX element
C:/Users/user/Desktop/opencode/frontend/src/pages/Settings.tsx:487:160: ERROR: The character ">" is not valid inside a JSX element[39m
  Plugin: [35mvite:esbuild[39m
  File: [36mC:/Users/user/Desktop/opencode/frontend/src/pages/Settings.tsx[39m:463:123
[33m  
  [33mThe character ">" is not valid inside a JSX element[33m
  480|                    <dt className="font-semibold">Funciona offline?</dt><dd className="text-gray-600 dark:text-gray-400">Sim como PWA instalado - visualiza e cria transacoes offline.</dd>
  481|                    <dt className="font-semibold">Dados somem se trocar de celular?</dt><dd className="text-gray-600 dark:text-gray-400">Nao, tudo na nuvem. So logar no novo dispositivo.</dd>
  482|                    <dt className="font-semibold">Como convido familia?</dt><dd className="text-gray-600 dark:text-gray-400">Master convida em Configuracoes > Usuarios. Papel: Comum ou Admin.</dd>
     |                                                                                                                                                             ^
  483|                    <dt className="font-semibold">Limite de 50 transacoes no Free?</dt><dd className="text-gray-600 dark:text-gray-400">Fica somente leitura. Upgrade libera na hora.</dd>
  484|                    <dt className="font-semibold">Backup no Free?</dt><dd className="text-gray-600 dark:text-gray-400">Nao. Premium: manual. PRO: automatico diario.</dd>
  
  [33mThe character ">" is not valid inside a JSX element[33m
  485|                    <dt className="font-semibold">Sincronizacao bancaria?</dt><dd className="text-gray-600 dark:text-gray-400">Nao na v1. Prevista para 2027 via Open Banking.</dd>
  486|                    <dt className="font-semibold">Reembolso?</dt><dd className="text-gray-600 dark:text-gray-400">So anual nos 7 primeiros dias (CDC Art. 49).</dd>
  487|                    <dt className="font-semibold">LGPD / Exclusao dados?</dt><dd className="text-gray-600 dark:text-gray-400">Configuracoes > Dados e Privacidade > Solicitar exclusao.</dd>
     |                                                                                                                                            ^
  488|                  </dl>
  489|                  <p className="mt-4 text-sm text-gray-500">100+ perguntas no documento completo: FAQ.md</p>
  
  [33mThe character ">" is not valid inside a JSX element[33m
  485|                    <dt className="font-semibold">Sincronizacao bancaria?</dt><dd className="text-gray-600 dark:text-gray-400">Nao na v1. Prevista para 2027 via Open Banking.</dd>
  486|                    <dt className="font-semibold">Reembolso?</dt><dd className="text-gray-600 dark:text-gray-400">So anual nos 7 primeiros dias (CDC Art. 49).</dd>
  487|                    <dt className="font-semibold">LGPD / Exclusao dados?</dt><dd className="text-gray-600 dark:text-gray-400">Configuracoes > Dados e Privacidade > Solicitar exclusao.</dd>
     |                                                                                                                                                                  ^
  488|                  </dl>
  489|                  <p className="mt-4 text-sm text-gray-500">100+ perguntas no documento completo: FAQ.md</p>
  [39m
      at failureErrorWithLog (C:\Users\user\Desktop\opencode\frontend\node_modules\esbuild\lib\main.js:1472:15)
      at C:\Users\user\Desktop\opencode\frontend\node_modules\esbuild\lib\main.js:755:50
      at responseCallbacks.<computed> (C:\Users\user\Desktop\opencode\frontend\node_modules\esbuild\lib\main.js:622:9)
      at handleIncomingPacket (C:\Users\user\Desktop\opencode\frontend\node_modules\esbuild\lib\main.js:677:12)
      at Socket.readFromStdout (C:\Users\user\Desktop\opencode\frontend\node_modules\esbuild\lib\main.js:600:7)
      at Socket.emit (node:events:509:28)
      at addChunk (node:internal/streams/readable:563:12)
      at readableAddChunkPushByteMode (node:internal/streams/readable:514:3)
      at Readable.push (node:internal/streams/readable:394:5)
      at Pipe.onStreamRead (node:internal/stream_base_commons:189:23)
[2m16:44:33[22m [31m[1m[vite][22m[39m [31mInternal server error: Transform failed with 3 errors:
C:/Users/user/Desktop/opencode/frontend/src/pages/Settings.tsx:482:155: ERROR: The character ">" is not valid inside a JSX element
C:/Users/user/Desktop/opencode/frontend/src/pages/Settings.tsx:487:138: ERROR: The character ">" is not valid inside a JSX element
C:/Users/user/Desktop/opencode/frontend/src/pages/Settings.tsx:487:160: ERROR: The character ">" is not valid inside a JSX element[39m
  Plugin: [35mvite:esbuild[39m
  File: [36mC:/Users/user/Desktop/opencode/frontend/src/pages/Settings.tsx[39m:463:123
[33m  
  [33mThe character ">" is not valid inside a JSX element[33m
  480|                    <dt className="font-semibold">Funciona offline?</dt><dd className="text-gray-600 dark:text-gray-400">Sim como PWA instalado - visualiza e cria transacoes offline.</dd>
  481|                    <dt className="font-semibold">Dados somem se trocar de celular?</dt><dd className="text-gray-600 dark:text-gray-400">Nao, tudo na nuvem. So logar no novo dispositivo.</dd>
  482|                    <dt className="font-semibold">Como convido familia?</dt><dd className="text-gray-600 dark:text-gray-400">Master convida em Configuracoes > Usuarios. Papel: Comum ou Admin.</dd>
     |                                                                                                                                                             ^
  483|                    <dt className="font-semibold">Limite de 50 transacoes no Free?</dt><dd className="text-gray-600 dark:text-gray-400">Fica somente leitura. Upgrade libera na hora.</dd>
  484|                    <dt className="font-semibold">Backup no Free?</dt><dd className="text-gray-600 dark:text-gray-400">Nao. Premium: manual. PRO: automatico diario.</dd>
  
  [33mThe character ">" is not valid inside a JSX element[33m
  485|                    <dt className="font-semibold">Sincronizacao bancaria?</dt><dd className="text-gray-600 dark:text-gray-400">Nao na v1. Prevista para 2027 via Open Banking.</dd>
  486|                    <dt className="font-semibold">Reembolso?</dt><dd className="text-gray-600 dark:text-gray-400">So anual nos 7 primeiros dias (CDC Art. 49).</dd>
  487|                    <dt className="font-semibold">LGPD / Exclusao dados?</dt><dd className="text-gray-600 dark:text-gray-400">Configuracoes > Dados e Privacidade > Solicitar exclusao.</dd>
     |                                                                                                                                            ^
  488|                  </dl>
  489|                  <p className="mt-4 text-sm text-gray-500">100+ perguntas no documento completo: FAQ.md</p>
  
  [33mThe character ">" is not valid inside a JSX element[33m
  485|                    <dt className="font-semibold">Sincronizacao bancaria?</dt><dd className="text-gray-600 dark:text-gray-400">Nao na v1. Prevista para 2027 via Open Banking.</dd>
  486|                    <dt className="font-semibold">Reembolso?</dt><dd className="text-gray-600 dark:text-gray-400">So anual nos 7 primeiros dias (CDC Art. 49).</dd>
  487|                    <dt className="font-semibold">LGPD / Exclusao dados?</dt><dd className="text-gray-600 dark:text-gray-400">Configuracoes > Dados e Privacidade > Solicitar exclusao.</dd>
     |                                                                                                                                                                  ^
  488|                  </dl>
  489|                  <p className="mt-4 text-sm text-gray-500">100+ perguntas no documento completo: FAQ.md</p>
  [39m
      at failureErrorWithLog (C:\Users\user\Desktop\opencode\frontend\node_modules\esbuild\lib\main.js:1472:15)
      at C:\Users\user\Desktop\opencode\frontend\node_modules\esbuild\lib\main.js:755:50
      at responseCallbacks.<computed> (C:\Users\user\Desktop\opencode\frontend\node_modules\esbuild\lib\main.js:622:9)
      at handleIncomingPacket (C:\Users\user\Desktop\opencode\frontend\node_modules\esbuild\lib\main.js:677:12)
      at Socket.readFromStdout (C:\Users\user\Desktop\opencode\frontend\node_modules\esbuild\lib\main.js:600:7)
      at Socket.emit (node:events:509:28)
      at addChunk (node:internal/streams/readable:563:12)
      at readableAddChunkPushByteMode (node:internal/streams/readable:514:3)
      at Readable.push (node:internal/streams/readable:394:5)
      at Pipe.onStreamRead (node:internal/stream_base_commons:189:23)
[2m16:44:34[22m [31m[1m[vite][22m[39m [31mInternal server error: Transform failed with 3 errors:
C:/Users/user/Desktop/opencode/frontend/src/pages/Settings.tsx:482:155: ERROR: The character ">" is not valid inside a JSX element
C:/Users/user/Desktop/opencode/frontend/src/pages/Settings.tsx:487:138: ERROR: The character ">" is not valid inside a JSX element
C:/Users/user/Desktop/opencode/frontend/src/pages/Settings.tsx:487:160: ERROR: The character ">" is not valid inside a JSX element[39m
  Plugin: [35mvite:esbuild[39m
  File: [36mC:/Users/user/Desktop/opencode/frontend/src/pages/Settings.tsx[39m:463:123
[33m  
  [33mThe character ">" is not valid inside a JSX element[33m
  480|                    <dt className="font-semibold">Funciona offline?</dt><dd className="text-gray-600 dark:text-gray-400">Sim como PWA instalado - visualiza e cria transacoes offline.</dd>
  481|                    <dt className="font-semibold">Dados somem se trocar de celular?</dt><dd className="text-gray-600 dark:text-gray-400">Nao, tudo na nuvem. So logar no novo dispositivo.</dd>
  482|                    <dt className="font-semibold">Como convido familia?</dt><dd className="text-gray-600 dark:text-gray-400">Master convida em Configuracoes > Usuarios. Papel: Comum ou Admin.</dd>
     |                                                                                                                                                             ^
  483|                    <dt className="font-semibold">Limite de 50 transacoes no Free?</dt><dd className="text-gray-600 dark:text-gray-400">Fica somente leitura. Upgrade libera na hora.</dd>
  484|                    <dt className="font-semibold">Backup no Free?</dt><dd className="text-gray-600 dark:text-gray-400">Nao. Premium: manual. PRO: automatico diario.</dd>
  
  [33mThe character ">" is not valid inside a JSX element[33m
  485|                    <dt className="font-semibold">Sincronizacao bancaria?</dt><dd className="text-gray-600 dark:text-gray-400">Nao na v1. Prevista para 2027 via Open Banking.</dd>
  486|                    <dt className="font-semibold">Reembolso?</dt><dd className="text-gray-600 dark:text-gray-400">So anual nos 7 primeiros dias (CDC Art. 49).</dd>
  487|                    <dt className="font-semibold">LGPD / Exclusao dados?</dt><dd className="text-gray-600 dark:text-gray-400">Configuracoes > Dados e Privacidade > Solicitar exclusao.</dd>
     |                                                                                                                                            ^
  488|                  </dl>
  489|                  <p className="mt-4 text-sm text-gray-500">100+ perguntas no documento completo: FAQ.md</p>
  
  [33mThe character ">" is not valid inside a JSX element[33m
  485|                    <dt className="font-semibold">Sincronizacao bancaria?</dt><dd className="text-gray-600 dark:text-gray-400">Nao na v1. Prevista para 2027 via Open Banking.</dd>
  486|                    <dt className="font-semibold">Reembolso?</dt><dd className="text-gray-600 dark:text-gray-400">So anual nos 7 primeiros dias (CDC Art. 49).</dd>
  487|                    <dt className="font-semibold">LGPD / Exclusao dados?</dt><dd className="text-gray-600 dark:text-gray-400">Configuracoes > Dados e Privacidade > Solicitar exclusao.</dd>
     |                                                                                                                                                                  ^
  488|                  </dl>
  489|                  <p className="mt-4 text-sm text-gray-500">100+ perguntas no documento completo: FAQ.md</p>
  [39m
      at failureErrorWithLog (C:\Users\user\Desktop\opencode\frontend\node_modules\esbuild\lib\main.js:1472:15)
      at C:\Users\user\Desktop\opencode\frontend\node_modules\esbuild\lib\main.js:755:50
      at responseCallbacks.<computed> (C:\Users\user\Desktop\opencode\frontend\node_modules\esbuild\lib\main.js:622:9)
      at handleIncomingPacket (C:\Users\user\Desktop\opencode\frontend\node_modules\esbuild\lib\main.js:677:12)
      at Socket.readFromStdout (C:\Users\user\Desktop\opencode\frontend\node_modules\esbuild\lib\main.js:600:7)
      at Socket.emit (node:events:509:28)
      at addChunk (node:internal/streams/readable:563:12)
      at readableAddChunkPushByteMode (node:internal/streams/readable:514:3)
      at Readable.push (node:internal/streams/readable:394:5)
      at Pipe.onStreamRead (node:internal/stream_base_commons:189:23)
[2m16:44:41[22m [36m[1m[vite][22m[39m [32mhmr update [39m[2m/src/pages/Admin.tsx, /src/index.css[22m
[2m16:44:41[22m [31m[1m[vite][22m[39m Pre-transform error: Transform failed with 3 errors:
C:/Users/user/Desktop/opencode/frontend/src/pages/Settings.tsx:482:155: ERROR: The character ">" is not valid inside a JSX element
C:/Users/user/Desktop/opencode/frontend/src/pages/Settings.tsx:487:138: ERROR: The character ">" is not valid inside a JSX element
C:/Users/user/Desktop/opencode/frontend/src/pages/Settings.tsx:487:160: ERROR: The character ">" is not valid inside a JSX element
[2m16:45:47[22m [36m[1m[vite][22m[39m [32mhmr update [39m[2m/src/pages/Admin.tsx, /src/index.css[22m
[2m16:45:47[22m [31m[1m[vite][22m[39m Pre-transform error: Transform failed with 3 errors:
C:/Users/user/Desktop/opencode/frontend/src/pages/Settings.tsx:482:155: ERROR: The character ">" is not valid inside a JSX element
C:/Users/user/Desktop/opencode/frontend/src/pages/Settings.tsx:487:138: ERROR: The character ">" is not valid inside a JSX element
C:/Users/user/Desktop/opencode/frontend/src/pages/Settings.tsx:487:160: ERROR: The character ">" is not valid inside a JSX element
[2m16:45:52[22m [36m[1m[vite][22m[39m [32mhmr update [39m[2m/src/pages/Admin.tsx, /src/index.css[22m
[2m16:45:52[22m [31m[1m[vite][22m[39m Pre-transform error: Transform failed with 3 errors:
C:/Users/user/Desktop/opencode/frontend/src/pages/Settings.tsx:482:155: ERROR: The character ">" is not valid inside a JSX element
C:/Users/user/Desktop/opencode/frontend/src/pages/Settings.tsx:487:138: ERROR: The character ">" is not valid inside a JSX element
C:/Users/user/Desktop/opencode/frontend/src/pages/Settings.tsx:487:160: ERROR: The character ">" is not valid inside a JSX element
[2m16:46:10[22m [36m[1m[vite][22m[39m [32mhmr update [39m[2m/src/pages/Admin.tsx, /src/index.css[22m
[2m16:46:11[22m [31m[1m[vite][22m[39m Pre-transform error: Transform failed with 3 errors:
C:/Users/user/Desktop/opencode/frontend/src/pages/Settings.tsx:482:155: ERROR: The character ">" is not valid inside a JSX element
C:/Users/user/Desktop/opencode/frontend/src/pages/Settings.tsx:487:138: ERROR: The character ">" is not valid inside a JSX element
C:/Users/user/Desktop/opencode/frontend/src/pages/Settings.tsx:487:160: ERROR: The character ">" is not valid inside a JSX element
[2m16:46:14[22m [31m[1m[vite][22m[39m Pre-transform error: Transform failed with 3 errors:
C:/Users/user/Desktop/opencode/frontend/src/pages/Settings.tsx:482:155: ERROR: The character ">" is not valid inside a JSX element
C:/Users/user/Desktop/opencode/frontend/src/pages/Settings.tsx:487:138: ERROR: The character ">" is not valid inside a JSX element
C:/Users/user/Desktop/opencode/frontend/src/pages/Settings.tsx:487:160: ERROR: The character ">" is not valid inside a JSX element
[2m16:46:14[22m [31m[1m[vite][22m[39m [31mInternal server error: Transform failed with 3 errors:
C:/Users/user/Desktop/opencode/frontend/src/pages/Settings.tsx:482:155: ERROR: The character ">" is not valid inside a JSX element
C:/Users/user/Desktop/opencode/frontend/src/pages/Settings.tsx:487:138: ERROR: The character ">" is not valid inside a JSX element
C:/Users/user/Desktop/opencode/frontend/src/pages/Settings.tsx:487:160: ERROR: The character ">" is not valid inside a JSX element[39m
  Plugin: [35mvite:esbuild[39m
  File: [36mC:/Users/user/Desktop/opencode/frontend/src/pages/Settings.tsx[39m:463:123
[33m  
  [33mThe character ">" is not valid inside a JSX element[33m
  480|                    <dt className="font-semibold">Funciona offline?</dt><dd className="text-gray-600 dark:text-gray-400">Sim como PWA instalado - visualiza e cria transacoes offline.</dd>
  481|                    <dt className="font-semibold">Dados somem se trocar de celular?</dt><dd className="text-gray-600 dark:text-gray-400">Nao, tudo na nuvem. So logar no novo dispositivo.</dd>
  482|                    <dt className="font-semibold">Como convido familia?</dt><dd className="text-gray-600 dark:text-gray-400">Master convida em Configuracoes > Usuarios. Papel: Comum ou Admin.</dd>
     |                                                                                                                                                             ^
  483|                    <dt className="font-semibold">Limite de 50 transacoes no Free?</dt><dd className="text-gray-600 dark:text-gray-400">Fica somente leitura. Upgrade libera na hora.</dd>
  484|                    <dt className="font-semibold">Backup no Free?</dt><dd className="text-gray-600 dark:text-gray-400">Nao. Premium: manual. PRO: automatico diario.</dd>
  
  [33mThe character ">" is not valid inside a JSX element[33m
  485|                    <dt className="font-semibold">Sincronizacao bancaria?</dt><dd className="text-gray-600 dark:text-gray-400">Nao na v1. Prevista para 2027 via Open Banking.</dd>
  486|                    <dt className="font-semibold">Reembolso?</dt><dd className="text-gray-600 dark:text-gray-400">So anual nos 7 primeiros dias (CDC Art. 49).</dd>
  487|                    <dt className="font-semibold">LGPD / Exclusao dados?</dt><dd className="text-gray-600 dark:text-gray-400">Configuracoes > Dados e Privacidade > Solicitar exclusao.</dd>
     |                                                                                                                                            ^
  488|                  </dl>
  489|                  <p className="mt-4 text-sm text-gray-500">100+ perguntas no documento completo: FAQ.md</p>
  
  [33mThe character ">" is not valid inside a JSX element[33m
  485|                    <dt className="font-semibold">Sincronizacao bancaria?</dt><dd className="text-gray-600 dark:text-gray-400">Nao na v1. Prevista para 2027 via Open Banking.</dd>
  486|                    <dt className="font-semibold">Reembolso?</dt><dd className="text-gray-600 dark:text-gray-400">So anual nos 7 primeiros dias (CDC Art. 49).</dd>
  487|                    <dt className="font-semibold">LGPD / Exclusao dados?</dt><dd className="text-gray-600 dark:text-gray-400">Configuracoes > Dados e Privacidade > Solicitar exclusao.</dd>
     |                                                                                                                                                                  ^
  488|                  </dl>
  489|                  <p className="mt-4 text-sm text-gray-500">100+ perguntas no documento completo: FAQ.md</p>
  [39m
      at failureErrorWithLog (C:\Users\user\Desktop\opencode\frontend\node_modules\esbuild\lib\main.js:1472:15)
      at C:\Users\user\Desktop\opencode\frontend\node_modules\esbuild\lib\main.js:755:50
      at responseCallbacks.<computed> (C:\Users\user\Desktop\opencode\frontend\node_modules\esbuild\lib\main.js:622:9)
      at handleIncomingPacket (C:\Users\user\Desktop\opencode\frontend\node_modules\esbuild\lib\main.js:677:12)
      at Socket.readFromStdout (C:\Users\user\Desktop\opencode\frontend\node_modules\esbuild\lib\main.js:600:7)
      at Socket.emit (node:events:509:28)
      at addChunk (node:internal/streams/readable:563:12)
      at readableAddChunkPushByteMode (node:internal/streams/readable:514:3)
      at Readable.push (node:internal/streams/readable:394:5)
      at Pipe.onStreamRead (node:internal/stream_base_commons:189:23)
[2m16:46:15[22m [36m[1m[vite][22m[39m [32mhmr update [39m[2m/src/pages/Admin.tsx, /src/index.css[22m
[2m16:46:16[22m [31m[1m[vite][22m[39m Pre-transform error: Transform failed with 3 errors:
C:/Users/user/Desktop/opencode/frontend/src/pages/Settings.tsx:482:155: ERROR: The character ">" is not valid inside a JSX element
C:/Users/user/Desktop/opencode/frontend/src/pages/Settings.tsx:487:138: ERROR: The character ">" is not valid inside a JSX element
C:/Users/user/Desktop/opencode/frontend/src/pages/Settings.tsx:487:160: ERROR: The character ">" is not valid inside a JSX element
[2m16:46:16[22m [31m[1m[vite][22m[39m Pre-transform error: Transform failed with 3 errors:
C:/Users/user/Desktop/opencode/frontend/src/pages/Settings.tsx:482:155: ERROR: The character ">" is not valid inside a JSX element
C:/Users/user/Desktop/opencode/frontend/src/pages/Settings.tsx:487:138: ERROR: The character ">" is not valid inside a JSX element
C:/Users/user/Desktop/opencode/frontend/src/pages/Settings.tsx:487:160: ERROR: The character ">" is not valid inside a JSX element
[2m16:46:16[22m [31m[1m[vite][22m[39m [31mInternal server error: Transform failed with 3 errors:
C:/Users/user/Desktop/opencode/frontend/src/pages/Settings.tsx:482:155: ERROR: The character ">" is not valid inside a JSX element
C:/Users/user/Desktop/opencode/frontend/src/pages/Settings.tsx:487:138: ERROR: The character ">" is not valid inside a JSX element
C:/Users/user/Desktop/opencode/frontend/src/pages/Settings.tsx:487:160: ERROR: The character ">" is not valid inside a JSX element[39m
  Plugin: [35mvite:esbuild[39m
  File: [36mC:/Users/user/Desktop/opencode/frontend/src/pages/Settings.tsx[39m:463:123
[33m  
  [33mThe character ">" is not valid inside a JSX element[33m
  480|                    <dt className="font-semibold">Funciona offline?</dt><dd className="text-gray-600 dark:text-gray-400">Sim como PWA instalado - visualiza e cria transacoes offline.</dd>
  481|                    <dt className="font-semibold">Dados somem se trocar de celular?</dt><dd className="text-gray-600 dark:text-gray-400">Nao, tudo na nuvem. So logar no novo dispositivo.</dd>
  482|                    <dt className="font-semibold">Como convido familia?</dt><dd className="text-gray-600 dark:text-gray-400">Master convida em Configuracoes > Usuarios. Papel: Comum ou Admin.</dd>
     |                                                                                                                                                             ^
  483|                    <dt className="font-semibold">Limite de 50 transacoes no Free?</dt><dd className="text-gray-600 dark:text-gray-400">Fica somente leitura. Upgrade libera na hora.</dd>
  484|                    <dt className="font-semibold">Backup no Free?</dt><dd className="text-gray-600 dark:text-gray-400">Nao. Premium: manual. PRO: automatico diario.</dd>
  
  [33mThe character ">" is not valid inside a JSX element[33m
  485|                    <dt className="font-semibold">Sincronizacao bancaria?</dt><dd className="text-gray-600 dark:text-gray-400">Nao na v1. Prevista para 2027 via Open Banking.</dd>
  486|                    <dt className="font-semibold">Reembolso?</dt><dd className="text-gray-600 dark:text-gray-400">So anual nos 7 primeiros dias (CDC Art. 49).</dd>
  487|                    <dt className="font-semibold">LGPD / Exclusao dados?</dt><dd className="text-gray-600 dark:text-gray-400">Configuracoes > Dados e Privacidade > Solicitar exclusao.</dd>
     |                                                                                                                                            ^
  488|                  </dl>
  489|                  <p className="mt-4 text-sm text-gray-500">100+ perguntas no documento completo: FAQ.md</p>
  
  [33mThe character ">" is not valid inside a JSX element[33m
  485|                    <dt className="font-semibold">Sincronizacao bancaria?</dt><dd className="text-gray-600 dark:text-gray-400">Nao na v1. Prevista para 2027 via Open Banking.</dd>
  486|                    <dt className="font-semibold">Reembolso?</dt><dd className="text-gray-600 dark:text-gray-400">So anual nos 7 primeiros dias (CDC Art. 49).</dd>
  487|                    <dt className="font-semibold">LGPD / Exclusao dados?</dt><dd className="text-gray-600 dark:text-gray-400">Configuracoes > Dados e Privacidade > Solicitar exclusao.</dd>
     |                                                                                                                                                                  ^
  488|                  </dl>
  489|                  <p className="mt-4 text-sm text-gray-500">100+ perguntas no documento completo: FAQ.md</p>
  [39m
      at failureErrorWithLog (C:\Users\user\Desktop\opencode\frontend\node_modules\esbuild\lib\main.js:1472:15)
      at C:\Users\user\Desktop\opencode\frontend\node_modules\esbuild\lib\main.js:755:50
      at responseCallbacks.<computed> (C:\Users\user\Desktop\opencode\frontend\node_modules\esbuild\lib\main.js:622:9)
      at handleIncomingPacket (C:\Users\user\Desktop\opencode\frontend\node_modules\esbuild\lib\main.js:677:12)
      at Socket.readFromStdout (C:\Users\user\Desktop\opencode\frontend\node_modules\esbuild\lib\main.js:600:7)
      at Socket.emit (node:events:509:28)
      at addChunk (node:internal/streams/readable:563:12)
      at readableAddChunkPushByteMode (node:internal/streams/readable:514:3)
      at Readable.push (node:internal/streams/readable:394:5)
      at Pipe.onStreamRead (node:internal/stream_base_commons:189:23)
[2m16:46:29[22m [31m[1m[vite][22m[39m [31mInternal server error: Transform failed with 3 errors:
C:/Users/user/Desktop/opencode/frontend/src/pages/Settings.tsx:482:155: ERROR: The character ">" is not valid inside a JSX element
C:/Users/user/Desktop/opencode/frontend/src/pages/Settings.tsx:487:138: ERROR: The character ">" is not valid inside a JSX element
C:/Users/user/Desktop/opencode/frontend/src/pages/Settings.tsx:487:160: ERROR: The character ">" is not valid inside a JSX element[39m
  Plugin: [35mvite:esbuild[39m
  File: [36mC:/Users/user/Desktop/opencode/frontend/src/pages/Settings.tsx[39m:463:123
[33m  
  [33mThe character ">" is not valid inside a JSX element[33m
  480|                    <dt className="font-semibold">Funciona offline?</dt><dd className="text-gray-600 dark:text-gray-400">Sim como PWA instalado - visualiza e cria transacoes offline.</dd>
  481|                    <dt className="font-semibold">Dados somem se trocar de celular?</dt><dd className="text-gray-600 dark:text-gray-400">Nao, tudo na nuvem. So logar no novo dispositivo.</dd>
  482|                    <dt className="font-semibold">Como convido familia?</dt><dd className="text-gray-600 dark:text-gray-400">Master convida em Configuracoes > Usuarios. Papel: Comum ou Admin.</dd>
     |                                                                                                                                                             ^
  483|                    <dt className="font-semibold">Limite de 50 transacoes no Free?</dt><dd className="text-gray-600 dark:text-gray-400">Fica somente leitura. Upgrade libera na hora.</dd>
  484|                    <dt className="font-semibold">Backup no Free?</dt><dd className="text-gray-600 dark:text-gray-400">Nao. Premium: manual. PRO: automatico diario.</dd>
  
  [33mThe character ">" is not valid inside a JSX element[33m
  485|                    <dt className="font-semibold">Sincronizacao bancaria?</dt><dd className="text-gray-600 dark:text-gray-400">Nao na v1. Prevista para 2027 via Open Banking.</dd>
  486|                    <dt className="font-semibold">Reembolso?</dt><dd className="text-gray-600 dark:text-gray-400">So anual nos 7 primeiros dias (CDC Art. 49).</dd>
  487|                    <dt className="font-semibold">LGPD / Exclusao dados?</dt><dd className="text-gray-600 dark:text-gray-400">Configuracoes > Dados e Privacidade > Solicitar exclusao.</dd>
     |                                                                                                                                            ^
  488|                  </dl>
  489|                  <p className="mt-4 text-sm text-gray-500">100+ perguntas no documento completo: FAQ.md</p>
  
  [33mThe character ">" is not valid inside a JSX element[33m
  485|                    <dt className="font-semibold">Sincronizacao bancaria?</dt><dd className="text-gray-600 dark:text-gray-400">Nao na v1. Prevista para 2027 via Open Banking.</dd>
  486|                    <dt className="font-semibold">Reembolso?</dt><dd className="text-gray-600 dark:text-gray-400">So anual nos 7 primeiros dias (CDC Art. 49).</dd>
  487|                    <dt className="font-semibold">LGPD / Exclusao dados?</dt><dd className="text-gray-600 dark:text-gray-400">Configuracoes > Dados e Privacidade > Solicitar exclusao.</dd>
     |                                                                                                                                                                  ^
  488|                  </dl>
  489|                  <p className="mt-4 text-sm text-gray-500">100+ perguntas no documento completo: FAQ.md</p>
  [39m
      at failureErrorWithLog (C:\Users\user\Desktop\opencode\frontend\node_modules\esbuild\lib\main.js:1472:15)
      at C:\Users\user\Desktop\opencode\frontend\node_modules\esbuild\lib\main.js:755:50
      at responseCallbacks.<computed> (C:\Users\user\Desktop\opencode\frontend\node_modules\esbuild\lib\main.js:622:9)
      at handleIncomingPacket (C:\Users\user\Desktop\opencode\frontend\node_modules\esbuild\lib\main.js:677:12)
      at Socket.readFromStdout (C:\Users\user\Desktop\opencode\frontend\node_modules\esbuild\lib\main.js:600:7)
      at Socket.emit (node:events:509:28)
      at addChunk (node:internal/streams/readable:563:12)
      at readableAddChunkPushByteMode (node:internal/streams/readable:514:3)
      at Readable.push (node:internal/streams/readable:394:5)
      at Pipe.onStreamRead (node:internal/stream_base_commons:189:23)
[2m16:46:31[22m [31m[1m[vite][22m[39m [31mInternal server error: Transform failed with 3 errors:
C:/Users/user/Desktop/opencode/frontend/src/pages/Settings.tsx:482:155: ERROR: The character ">" is not valid inside a JSX element
C:/Users/user/Desktop/opencode/frontend/src/pages/Settings.tsx:487:138: ERROR: The character ">" is not valid inside a JSX element
C:/Users/user/Desktop/opencode/frontend/src/pages/Settings.tsx:487:160: ERROR: The character ">" is not valid inside a JSX element[39m
  Plugin: [35mvite:esbuild[39m
  File: [36mC:/Users/user/Desktop/opencode/frontend/src/pages/Settings.tsx[39m:463:123
[33m  
  [33mThe character ">" is not valid inside a JSX element[33m
  480|                    <dt className="font-semibold">Funciona offline?</dt><dd className="text-gray-600 dark:text-gray-400">Sim como PWA instalado - visualiza e cria transacoes offline.</dd>
  481|                    <dt className="font-semibold">Dados somem se trocar de celular?</dt><dd className="text-gray-600 dark:text-gray-400">Nao, tudo na nuvem. So logar no novo dispositivo.</dd>
  482|                    <dt className="font-semibold">Como convido familia?</dt><dd className="text-gray-600 dark:text-gray-400">Master convida em Configuracoes > Usuarios. Papel: Comum ou Admin.</dd>
     |                                                                                                                                                             ^
  483|                    <dt className="font-semibold">Limite de 50 transacoes no Free?</dt><dd className="text-gray-600 dark:text-gray-400">Fica somente leitura. Upgrade libera na hora.</dd>
  484|                    <dt className="font-semibold">Backup no Free?</dt><dd className="text-gray-600 dark:text-gray-400">Nao. Premium: manual. PRO: automatico diario.</dd>
  
  [33mThe character ">" is not valid inside a JSX element[33m
  485|                    <dt className="font-semibold">Sincronizacao bancaria?</dt><dd className="text-gray-600 dark:text-gray-400">Nao na v1. Prevista para 2027 via Open Banking.</dd>
  486|                    <dt className="font-semibold">Reembolso?</dt><dd className="text-gray-600 dark:text-gray-400">So anual nos 7 primeiros dias (CDC Art. 49).</dd>
  487|                    <dt className="font-semibold">LGPD / Exclusao dados?</dt><dd className="text-gray-600 dark:text-gray-400">Configuracoes > Dados e Privacidade > Solicitar exclusao.</dd>
     |                                                                                                                                            ^
  488|                  </dl>
  489|                  <p className="mt-4 text-sm text-gray-500">100+ perguntas no documento completo: FAQ.md</p>
  
  [33mThe character ">" is not valid inside a JSX element[33m
  485|                    <dt className="font-semibold">Sincronizacao bancaria?</dt><dd className="text-gray-600 dark:text-gray-400">Nao na v1. Prevista para 2027 via Open Banking.</dd>
  486|                    <dt className="font-semibold">Reembolso?</dt><dd className="text-gray-600 dark:text-gray-400">So anual nos 7 primeiros dias (CDC Art. 49).</dd>
  487|                    <dt className="font-semibold">LGPD / Exclusao dados?</dt><dd className="text-gray-600 dark:text-gray-400">Configuracoes > Dados e Privacidade > Solicitar exclusao.</dd>
     |                                                                                                                                                                  ^
  488|                  </dl>
  489|                  <p className="mt-4 text-sm text-gray-500">100+ perguntas no documento completo: FAQ.md</p>
  [39m
      at failureErrorWithLog (C:\Users\user\Desktop\opencode\frontend\node_modules\esbuild\lib\main.js:1472:15)
      at C:\Users\user\Desktop\opencode\frontend\node_modules\esbuild\lib\main.js:755:50
      at responseCallbacks.<computed> (C:\Users\user\Desktop\opencode\frontend\node_modules\esbuild\lib\main.js:622:9)
      at handleIncomingPacket (C:\Users\user\Desktop\opencode\frontend\node_modules\esbuild\lib\main.js:677:12)
      at Socket.readFromStdout (C:\Users\user\Desktop\opencode\frontend\node_modules\esbuild\lib\main.js:600:7)
      at Socket.emit (node:events:509:28)
      at addChunk (node:internal/streams/readable:563:12)
      at readableAddChunkPushByteMode (node:internal/streams/readable:514:3)
      at Readable.push (node:internal/streams/readable:394:5)
      at Pipe.onStreamRead (node:internal/stream_base_commons:189:23)
[2m16:47:51[22m [36m[1m[vite][22m[39m [32mhmr update [39m[2m/src/components/Layout.tsx, /src/index.css[22m
[2m16:47:51[22m [31m[1m[vite][22m[39m Pre-transform error: Transform failed with 3 errors:
C:/Users/user/Desktop/opencode/frontend/src/pages/Settings.tsx:482:155: ERROR: The character ">" is not valid inside a JSX element
C:/Users/user/Desktop/opencode/frontend/src/pages/Settings.tsx:487:138: ERROR: The character ">" is not valid inside a JSX element
C:/Users/user/Desktop/opencode/frontend/src/pages/Settings.tsx:487:160: ERROR: The character ">" is not valid inside a JSX element
[2m16:47:51[22m [31m[1m[vite][22m[39m [31mInternal server error: Transform failed with 3 errors:
C:/Users/user/Desktop/opencode/frontend/src/pages/Settings.tsx:482:155: ERROR: The character ">" is not valid inside a JSX element
C:/Users/user/Desktop/opencode/frontend/src/pages/Settings.tsx:487:138: ERROR: The character ">" is not valid inside a JSX element
C:/Users/user/Desktop/opencode/frontend/src/pages/Settings.tsx:487:160: ERROR: The character ">" is not valid inside a JSX element[39m
  Plugin: [35mvite:esbuild[39m
  File: [36mC:/Users/user/Desktop/opencode/frontend/src/pages/Settings.tsx[39m:463:123
[33m  
  [33mThe character ">" is not valid inside a JSX element[33m
  480|                    <dt className="font-semibold">Funciona offline?</dt><dd className="text-gray-600 dark:text-gray-400">Sim como PWA instalado - visualiza e cria transacoes offline.</dd>
  481|                    <dt className="font-semibold">Dados somem se trocar de celular?</dt><dd className="text-gray-600 dark:text-gray-400">Nao, tudo na nuvem. So logar no novo dispositivo.</dd>
  482|                    <dt className="font-semibold">Como convido familia?</dt><dd className="text-gray-600 dark:text-gray-400">Master convida em Configuracoes > Usuarios. Papel: Comum ou Admin.</dd>
     |                                                                                                                                                             ^
  483|                    <dt className="font-semibold">Limite de 50 transacoes no Free?</dt><dd className="text-gray-600 dark:text-gray-400">Fica somente leitura. Upgrade libera na hora.</dd>
  484|                    <dt className="font-semibold">Backup no Free?</dt><dd className="text-gray-600 dark:text-gray-400">Nao. Premium: manual. PRO: automatico diario.</dd>
  
  [33mThe character ">" is not valid inside a JSX element[33m
  485|                    <dt className="font-semibold">Sincronizacao bancaria?</dt><dd className="text-gray-600 dark:text-gray-400">Nao na v1. Prevista para 2027 via Open Banking.</dd>
  486|                    <dt className="font-semibold">Reembolso?</dt><dd className="text-gray-600 dark:text-gray-400">So anual nos 7 primeiros dias (CDC Art. 49).</dd>
  487|                    <dt className="font-semibold">LGPD / Exclusao dados?</dt><dd className="text-gray-600 dark:text-gray-400">Configuracoes > Dados e Privacidade > Solicitar exclusao.</dd>
     |                                                                                                                                            ^
  488|                  </dl>
  489|                  <p className="mt-4 text-sm text-gray-500">100+ perguntas no documento completo: FAQ.md</p>
  
  [33mThe character ">" is not valid inside a JSX element[33m
  485|                    <dt className="font-semibold">Sincronizacao bancaria?</dt><dd className="text-gray-600 dark:text-gray-400">Nao na v1. Prevista para 2027 via Open Banking.</dd>
  486|                    <dt className="font-semibold">Reembolso?</dt><dd className="text-gray-600 dark:text-gray-400">So anual nos 7 primeiros dias (CDC Art. 49).</dd>
  487|                    <dt className="font-semibold">LGPD / Exclusao dados?</dt><dd className="text-gray-600 dark:text-gray-400">Configuracoes > Dados e Privacidade > Solicitar exclusao.</dd>
     |                                                                                                                                                                  ^
  488|                  </dl>
  489|                  <p className="mt-4 text-sm text-gray-500">100+ perguntas no documento completo: FAQ.md</p>
  [39m
      at failureErrorWithLog (C:\Users\user\Desktop\opencode\frontend\node_modules\esbuild\lib\main.js:1472:15)
      at C:\Users\user\Desktop\opencode\frontend\node_modules\esbuild\lib\main.js:755:50
      at responseCallbacks.<computed> (C:\Users\user\Desktop\opencode\frontend\node_modules\esbuild\lib\main.js:622:9)
      at handleIncomingPacket (C:\Users\user\Desktop\opencode\frontend\node_modules\esbuild\lib\main.js:677:12)
      at Socket.readFromStdout (C:\Users\user\Desktop\opencode\frontend\node_modules\esbuild\lib\main.js:600:7)
      at Socket.emit (node:events:509:28)
      at addChunk (node:internal/streams/readable:563:12)
      at readableAddChunkPushByteMode (node:internal/streams/readable:514:3)
      at Readable.push (node:internal/streams/readable:394:5)
      at Pipe.onStreamRead (node:internal/stream_base_commons:189:23)
[2m16:48:01[22m [36m[1m[vite][22m[39m [32mhmr update [39m[2m/src/components/Layout.tsx, /src/index.css[22m
[2m16:48:01[22m [31m[1m[vite][22m[39m Pre-transform error: Transform failed with 3 errors:
C:/Users/user/Desktop/opencode/frontend/src/pages/Settings.tsx:482:155: ERROR: The character ">" is not valid inside a JSX element
C:/Users/user/Desktop/opencode/frontend/src/pages/Settings.tsx:487:138: ERROR: The character ">" is not valid inside a JSX element
C:/Users/user/Desktop/opencode/frontend/src/pages/Settings.tsx:487:160: ERROR: The character ">" is not valid inside a JSX element
[2m16:48:01[22m [31m[1m[vite][22m[39m [31mInternal server error: Transform failed with 3 errors:
C:/Users/user/Desktop/opencode/frontend/src/pages/Settings.tsx:482:155: ERROR: The character ">" is not valid inside a JSX element
C:/Users/user/Desktop/opencode/frontend/src/pages/Settings.tsx:487:138: ERROR: The character ">" is not valid inside a JSX element
C:/Users/user/Desktop/opencode/frontend/src/pages/Settings.tsx:487:160: ERROR: The character ">" is not valid inside a JSX element[39m
  Plugin: [35mvite:esbuild[39m
  File: [36mC:/Users/user/Desktop/opencode/frontend/src/pages/Settings.tsx[39m:463:123
[33m  
  [33mThe character ">" is not valid inside a JSX element[33m
  480|                    <dt className="font-semibold">Funciona offline?</dt><dd className="text-gray-600 dark:text-gray-400">Sim como PWA instalado - visualiza e cria transacoes offline.</dd>
  481|                    <dt className="font-semibold">Dados somem se trocar de celular?</dt><dd className="text-gray-600 dark:text-gray-400">Nao, tudo na nuvem. So logar no novo dispositivo.</dd>
  482|                    <dt className="font-semibold">Como convido familia?</dt><dd className="text-gray-600 dark:text-gray-400">Master convida em Configuracoes > Usuarios. Papel: Comum ou Admin.</dd>
     |                                                                                                                                                             ^
  483|                    <dt className="font-semibold">Limite de 50 transacoes no Free?</dt><dd className="text-gray-600 dark:text-gray-400">Fica somente leitura. Upgrade libera na hora.</dd>
  484|                    <dt className="font-semibold">Backup no Free?</dt><dd className="text-gray-600 dark:text-gray-400">Nao. Premium: manual. PRO: automatico diario.</dd>
  
  [33mThe character ">" is not valid inside a JSX element[33m
  485|                    <dt className="font-semibold">Sincronizacao bancaria?</dt><dd className="text-gray-600 dark:text-gray-400">Nao na v1. Prevista para 2027 via Open Banking.</dd>
  486|                    <dt className="font-semibold">Reembolso?</dt><dd className="text-gray-600 dark:text-gray-400">So anual nos 7 primeiros dias (CDC Art. 49).</dd>
  487|                    <dt className="font-semibold">LGPD / Exclusao dados?</dt><dd className="text-gray-600 dark:text-gray-400">Configuracoes > Dados e Privacidade > Solicitar exclusao.</dd>
     |                                                                                                                                            ^
  488|                  </dl>
  489|                  <p className="mt-4 text-sm text-gray-500">100+ perguntas no documento completo: FAQ.md</p>
  
  [33mThe character ">" is not valid inside a JSX element[33m
  485|                    <dt className="font-semibold">Sincronizacao bancaria?</dt><dd className="text-gray-600 dark:text-gray-400">Nao na v1. Prevista para 2027 via Open Banking.</dd>
  486|                    <dt className="font-semibold">Reembolso?</dt><dd className="text-gray-600 dark:text-gray-400">So anual nos 7 primeiros dias (CDC Art. 49).</dd>
  487|                    <dt className="font-semibold">LGPD / Exclusao dados?</dt><dd className="text-gray-600 dark:text-gray-400">Configuracoes > Dados e Privacidade > Solicitar exclusao.</dd>
     |                                                                                                                                                                  ^
  488|                  </dl>
  489|                  <p className="mt-4 text-sm text-gray-500">100+ perguntas no documento completo: FAQ.md</p>
  [39m
      at failureErrorWithLog (C:\Users\user\Desktop\opencode\frontend\node_modules\esbuild\lib\main.js:1472:15)
      at C:\Users\user\Desktop\opencode\frontend\node_modules\esbuild\lib\main.js:755:50
      at responseCallbacks.<computed> (C:\Users\user\Desktop\opencode\frontend\node_modules\esbuild\lib\main.js:622:9)
      at handleIncomingPacket (C:\Users\user\Desktop\opencode\frontend\node_modules\esbuild\lib\main.js:677:12)
      at Socket.readFromStdout (C:\Users\user\Desktop\opencode\frontend\node_modules\esbuild\lib\main.js:600:7)
      at Socket.emit (node:events:509:28)
      at addChunk (node:internal/streams/readable:563:12)
      at readableAddChunkPushByteMode (node:internal/streams/readable:514:3)
      at Readable.push (node:internal/streams/readable:394:5)
      at Pipe.onStreamRead (node:internal/stream_base_commons:189:23)
[2m16:48:49[22m [36m[1m[vite][22m[39m [32mhmr update [39m[2m/src/pages/Admin.tsx, /src/index.css[22m
[2m16:48:50[22m [31m[1m[vite][22m[39m Pre-transform error: Transform failed with 3 errors:
C:/Users/user/Desktop/opencode/frontend/src/pages/Settings.tsx:482:155: ERROR: The character ">" is not valid inside a JSX element
C:/Users/user/Desktop/opencode/frontend/src/pages/Settings.tsx:487:138: ERROR: The character ">" is not valid inside a JSX element
C:/Users/user/Desktop/opencode/frontend/src/pages/Settings.tsx:487:160: ERROR: The character ">" is not valid inside a JSX element
[2m16:48:50[22m [31m[1m[vite][22m[39m Pre-transform error: Transform failed with 3 errors:
C:/Users/user/Desktop/opencode/frontend/src/pages/Settings.tsx:482:155: ERROR: The character ">" is not valid inside a JSX element
C:/Users/user/Desktop/opencode/frontend/src/pages/Settings.tsx:487:138: ERROR: The character ">" is not valid inside a JSX element
C:/Users/user/Desktop/opencode/frontend/src/pages/Settings.tsx:487:160: ERROR: The character ">" is not valid inside a JSX element
[2m16:48:50[22m [31m[1m[vite][22m[39m [31mInternal server error: Transform failed with 3 errors:
C:/Users/user/Desktop/opencode/frontend/src/pages/Settings.tsx:482:155: ERROR: The character ">" is not valid inside a JSX element
C:/Users/user/Desktop/opencode/frontend/src/pages/Settings.tsx:487:138: ERROR: The character ">" is not valid inside a JSX element
C:/Users/user/Desktop/opencode/frontend/src/pages/Settings.tsx:487:160: ERROR: The character ">" is not valid inside a JSX element[39m
  Plugin: [35mvite:esbuild[39m
  File: [36mC:/Users/user/Desktop/opencode/frontend/src/pages/Settings.tsx[39m:463:123
[33m  
  [33mThe character ">" is not valid inside a JSX element[33m
  480|                    <dt className="font-semibold">Funciona offline?</dt><dd className="text-gray-600 dark:text-gray-400">Sim como PWA instalado - visualiza e cria transacoes offline.</dd>
  481|                    <dt className="font-semibold">Dados somem se trocar de celular?</dt><dd className="text-gray-600 dark:text-gray-400">Nao, tudo na nuvem. So logar no novo dispositivo.</dd>
  482|                    <dt className="font-semibold">Como convido familia?</dt><dd className="text-gray-600 dark:text-gray-400">Master convida em Configuracoes > Usuarios. Papel: Comum ou Admin.</dd>
     |                                                                                                                                                             ^
  483|                    <dt className="font-semibold">Limite de 50 transacoes no Free?</dt><dd className="text-gray-600 dark:text-gray-400">Fica somente leitura. Upgrade libera na hora.</dd>
  484|                    <dt className="font-semibold">Backup no Free?</dt><dd className="text-gray-600 dark:text-gray-400">Nao. Premium: manual. PRO: automatico diario.</dd>
  
  [33mThe character ">" is not valid inside a JSX element[33m
  485|                    <dt className="font-semibold">Sincronizacao bancaria?</dt><dd className="text-gray-600 dark:text-gray-400">Nao na v1. Prevista para 2027 via Open Banking.</dd>
  486|                    <dt className="font-semibold">Reembolso?</dt><dd className="text-gray-600 dark:text-gray-400">So anual nos 7 primeiros dias (CDC Art. 49).</dd>
  487|                    <dt className="font-semibold">LGPD / Exclusao dados?</dt><dd className="text-gray-600 dark:text-gray-400">Configuracoes > Dados e Privacidade > Solicitar exclusao.</dd>
     |                                                                                                                                            ^
  488|                  </dl>
  489|                  <p className="mt-4 text-sm text-gray-500">100+ perguntas no documento completo: FAQ.md</p>
  
  [33mThe character ">" is not valid inside a JSX element[33m
  485|                    <dt className="font-semibold">Sincronizacao bancaria?</dt><dd className="text-gray-600 dark:text-gray-400">Nao na v1. Prevista para 2027 via Open Banking.</dd>
  486|                    <dt className="font-semibold">Reembolso?</dt><dd className="text-gray-600 dark:text-gray-400">So anual nos 7 primeiros dias (CDC Art. 49).</dd>
  487|                    <dt className="font-semibold">LGPD / Exclusao dados?</dt><dd className="text-gray-600 dark:text-gray-400">Configuracoes > Dados e Privacidade > Solicitar exclusao.</dd>
     |                                                                                                                                                                  ^
  488|                  </dl>
  489|                  <p className="mt-4 text-sm text-gray-500">100+ perguntas no documento completo: FAQ.md</p>
  [39m
      at failureErrorWithLog (C:\Users\user\Desktop\opencode\frontend\node_modules\esbuild\lib\main.js:1472:15)
      at C:\Users\user\Desktop\opencode\frontend\node_modules\esbuild\lib\main.js:755:50
      at responseCallbacks.<computed> (C:\Users\user\Desktop\opencode\frontend\node_modules\esbuild\lib\main.js:622:9)
      at handleIncomingPacket (C:\Users\user\Desktop\opencode\frontend\node_modules\esbuild\lib\main.js:677:12)
      at Socket.readFromStdout (C:\Users\user\Desktop\opencode\frontend\node_modules\esbuild\lib\main.js:600:7)
      at Socket.emit (node:events:509:28)
      at addChunk (node:internal/streams/readable:563:12)
      at readableAddChunkPushByteMode (node:internal/streams/readable:514:3)
      at Readable.push (node:internal/streams/readable:394:5)
      at Pipe.onStreamRead (node:internal/stream_base_commons:189:23)
[2m16:48:54[22m [36m[1m[vite][22m[39m [32mhmr update [39m[2m/src/pages/Admin.tsx, /src/index.css[22m
[2m16:48:54[22m [31m[1m[vite][22m[39m Pre-transform error: Transform failed with 3 errors:
C:/Users/user/Desktop/opencode/frontend/src/pages/Settings.tsx:482:155: ERROR: The character ">" is not valid inside a JSX element
C:/Users/user/Desktop/opencode/frontend/src/pages/Settings.tsx:487:138: ERROR: The character ">" is not valid inside a JSX element
C:/Users/user/Desktop/opencode/frontend/src/pages/Settings.tsx:487:160: ERROR: The character ">" is not valid inside a JSX element
[2m16:48:55[22m [31m[1m[vite][22m[39m Pre-transform error: Transform failed with 3 errors:
C:/Users/user/Desktop/opencode/frontend/src/pages/Settings.tsx:482:155: ERROR: The character ">" is not valid inside a JSX element
C:/Users/user/Desktop/opencode/frontend/src/pages/Settings.tsx:487:138: ERROR: The character ">" is not valid inside a JSX element
C:/Users/user/Desktop/opencode/frontend/src/pages/Settings.tsx:487:160: ERROR: The character ">" is not valid inside a JSX element
[2m16:48:55[22m [31m[1m[vite][22m[39m [31mInternal server error: Transform failed with 3 errors:
C:/Users/user/Desktop/opencode/frontend/src/pages/Settings.tsx:482:155: ERROR: The character ">" is not valid inside a JSX element
C:/Users/user/Desktop/opencode/frontend/src/pages/Settings.tsx:487:138: ERROR: The character ">" is not valid inside a JSX element
C:/Users/user/Desktop/opencode/frontend/src/pages/Settings.tsx:487:160: ERROR: The character ">" is not valid inside a JSX element[39m
  Plugin: [35mvite:esbuild[39m
  File: [36mC:/Users/user/Desktop/opencode/frontend/src/pages/Settings.tsx[39m:463:123
[33m  
  [33mThe character ">" is not valid inside a JSX element[33m
  480|                    <dt className="font-semibold">Funciona offline?</dt><dd className="text-gray-600 dark:text-gray-400">Sim como PWA instalado - visualiza e cria transacoes offline.</dd>
  481|                    <dt className="font-semibold">Dados somem se trocar de celular?</dt><dd className="text-gray-600 dark:text-gray-400">Nao, tudo na nuvem. So logar no novo dispositivo.</dd>
  482|                    <dt className="font-semibold">Como convido familia?</dt><dd className="text-gray-600 dark:text-gray-400">Master convida em Configuracoes > Usuarios. Papel: Comum ou Admin.</dd>
     |                                                                                                                                                             ^
  483|                    <dt className="font-semibold">Limite de 50 transacoes no Free?</dt><dd className="text-gray-600 dark:text-gray-400">Fica somente leitura. Upgrade libera na hora.</dd>
  484|                    <dt className="font-semibold">Backup no Free?</dt><dd className="text-gray-600 dark:text-gray-400">Nao. Premium: manual. PRO: automatico diario.</dd>
  
  [33mThe character ">" is not valid inside a JSX element[33m
  485|                    <dt className="font-semibold">Sincronizacao bancaria?</dt><dd className="text-gray-600 dark:text-gray-400">Nao na v1. Prevista para 2027 via Open Banking.</dd>
  486|                    <dt className="font-semibold">Reembolso?</dt><dd className="text-gray-600 dark:text-gray-400">So anual nos 7 primeiros dias (CDC Art. 49).</dd>
  487|                    <dt className="font-semibold">LGPD / Exclusao dados?</dt><dd className="text-gray-600 dark:text-gray-400">Configuracoes > Dados e Privacidade > Solicitar exclusao.</dd>
     |                                                                                                                                            ^
  488|                  </dl>
  489|                  <p className="mt-4 text-sm text-gray-500">100+ perguntas no documento completo: FAQ.md</p>
  
  [33mThe character ">" is not valid inside a JSX element[33m
  485|                    <dt className="font-semibold">Sincronizacao bancaria?</dt><dd className="text-gray-600 dark:text-gray-400">Nao na v1. Prevista para 2027 via Open Banking.</dd>
  486|                    <dt className="font-semibold">Reembolso?</dt><dd className="text-gray-600 dark:text-gray-400">So anual nos 7 primeiros dias (CDC Art. 49).</dd>
  487|                    <dt className="font-semibold">LGPD / Exclusao dados?</dt><dd className="text-gray-600 dark:text-gray-400">Configuracoes > Dados e Privacidade > Solicitar exclusao.</dd>
     |                                                                                                                                                                  ^
  488|                  </dl>
  489|                  <p className="mt-4 text-sm text-gray-500">100+ perguntas no documento completo: FAQ.md</p>
  [39m
      at failureErrorWithLog (C:\Users\user\Desktop\opencode\frontend\node_modules\esbuild\lib\main.js:1472:15)
      at C:\Users\user\Desktop\opencode\frontend\node_modules\esbuild\lib\main.js:755:50
      at responseCallbacks.<computed> (C:\Users\user\Desktop\opencode\frontend\node_modules\esbuild\lib\main.js:622:9)
      at handleIncomingPacket (C:\Users\user\Desktop\opencode\frontend\node_modules\esbuild\lib\main.js:677:12)
      at Socket.readFromStdout (C:\Users\user\Desktop\opencode\frontend\node_modules\esbuild\lib\main.js:600:7)
      at Socket.emit (node:events:509:28)
      at addChunk (node:internal/streams/readable:563:12)
      at readableAddChunkPushByteMode (node:internal/streams/readable:514:3)
      at Readable.push (node:internal/streams/readable:394:5)
      at Pipe.onStreamRead (node:internal/stream_base_commons:189:23)
[2m16:50:18[22m [36m[1m[vite][22m[39m [32mhmr update [39m[2m/src/pages/Settings.tsx, /src/index.css[22m
[2m16:50:18[22m [36m[1m[vite][22m[39m [32mhmr update [39m[2m/src/pages/Settings.tsx, /src/index.css[22m
[2m16:50:19[22m [31m[1m[vite][22m[39m Pre-transform error: Transform failed with 3 errors:
C:/Users/user/Desktop/opencode/frontend/src/pages/Settings.tsx:482:155: ERROR: The character ">" is not valid inside a JSX element
C:/Users/user/Desktop/opencode/frontend/src/pages/Settings.tsx:487:138: ERROR: The character ">" is not valid inside a JSX element
C:/Users/user/Desktop/opencode/frontend/src/pages/Settings.tsx:487:160: ERROR: The character ">" is not valid inside a JSX element
[2m16:50:19[22m [31m[1m[vite][22m[39m [31mInternal server error: Transform failed with 3 errors:
C:/Users/user/Desktop/opencode/frontend/src/pages/Settings.tsx:482:155: ERROR: The character ">" is not valid inside a JSX element
C:/Users/user/Desktop/opencode/frontend/src/pages/Settings.tsx:487:138: ERROR: The character ">" is not valid inside a JSX element
C:/Users/user/Desktop/opencode/frontend/src/pages/Settings.tsx:487:160: ERROR: The character ">" is not valid inside a JSX element[39m
  Plugin: [35mvite:esbuild[39m
  File: [36mC:/Users/user/Desktop/opencode/frontend/src/pages/Settings.tsx[39m:463:123
[33m  
  [33mThe character ">" is not valid inside a JSX element[33m
  480|                    <dt className="font-semibold">Funciona offline?</dt><dd className="text-gray-600 dark:text-gray-400">Sim como PWA instalado - visualiza e cria transacoes offline.</dd>
  481|                    <dt className="font-semibold">Dados somem se trocar de celular?</dt><dd className="text-gray-600 dark:text-gray-400">Nao, tudo na nuvem. So logar no novo dispositivo.</dd>
  482|                    <dt className="font-semibold">Como convido familia?</dt><dd className="text-gray-600 dark:text-gray-400">Master convida em Configuracoes > Usuarios. Papel: Comum ou Admin.</dd>
     |                                                                                                                                                             ^
  483|                    <dt className="font-semibold">Limite de 50 transacoes no Free?</dt><dd className="text-gray-600 dark:text-gray-400">Fica somente leitura. Upgrade libera na hora.</dd>
  484|                    <dt className="font-semibold">Backup no Free?</dt><dd className="text-gray-600 dark:text-gray-400">Nao. Premium: manual. PRO: automatico diario.</dd>
  
  [33mThe character ">" is not valid inside a JSX element[33m
  485|                    <dt className="font-semibold">Sincronizacao bancaria?</dt><dd className="text-gray-600 dark:text-gray-400">Nao na v1. Prevista para 2027 via Open Banking.</dd>
  486|                    <dt className="font-semibold">Reembolso?</dt><dd className="text-gray-600 dark:text-gray-400">So anual nos 7 primeiros dias (CDC Art. 49).</dd>
  487|                    <dt className="font-semibold">LGPD / Exclusao dados?</dt><dd className="text-gray-600 dark:text-gray-400">Configuracoes > Dados e Privacidade > Solicitar exclusao.</dd>
     |                                                                                                                                            ^
  488|                  </dl>
  489|                  <p className="mt-4 text-sm text-gray-500">100+ perguntas no documento completo: FAQ.md</p>
  
  [33mThe character ">" is not valid inside a JSX element[33m
  485|                    <dt className="font-semibold">Sincronizacao bancaria?</dt><dd className="text-gray-600 dark:text-gray-400">Nao na v1. Prevista para 2027 via Open Banking.</dd>
  486|                    <dt className="font-semibold">Reembolso?</dt><dd className="text-gray-600 dark:text-gray-400">So anual nos 7 primeiros dias (CDC Art. 49).</dd>
  487|                    <dt className="font-semibold">LGPD / Exclusao dados?</dt><dd className="text-gray-600 dark:text-gray-400">Configuracoes > Dados e Privacidade > Solicitar exclusao.</dd>
     |                                                                                                                                                                  ^
  488|                  </dl>
  489|                  <p className="mt-4 text-sm text-gray-500">100+ perguntas no documento completo: FAQ.md</p>
  [39m
      at failureErrorWithLog (C:\Users\user\Desktop\opencode\frontend\node_modules\esbuild\lib\main.js:1472:15)
      at C:\Users\user\Desktop\opencode\frontend\node_modules\esbuild\lib\main.js:755:50
      at responseCallbacks.<computed> (C:\Users\user\Desktop\opencode\frontend\node_modules\esbuild\lib\main.js:622:9)
      at handleIncomingPacket (C:\Users\user\Desktop\opencode\frontend\node_modules\esbuild\lib\main.js:677:12)
      at Socket.readFromStdout (C:\Users\user\Desktop\opencode\frontend\node_modules\esbuild\lib\main.js:600:7)
      at Socket.emit (node:events:509:28)
      at addChunk (node:internal/streams/readable:563:12)
      at readableAddChunkPushByteMode (node:internal/streams/readable:514:3)
      at Readable.push (node:internal/streams/readable:394:5)
      at Pipe.onStreamRead (node:internal/stream_base_commons:189:23)
[2m16:50:19[22m [31m[1m[vite][22m[39m [31mInternal server error: Transform failed with 3 errors:
C:/Users/user/Desktop/opencode/frontend/src/pages/Settings.tsx:482:155: ERROR: The character ">" is not valid inside a JSX element
C:/Users/user/Desktop/opencode/frontend/src/pages/Settings.tsx:487:138: ERROR: The character ">" is not valid inside a JSX element
C:/Users/user/Desktop/opencode/frontend/src/pages/Settings.tsx:487:160: ERROR: The character ">" is not valid inside a JSX element[39m
  Plugin: [35mvite:esbuild[39m
  File: [36mC:/Users/user/Desktop/opencode/frontend/src/pages/Settings.tsx[39m:463:123
[33m  
  [33mThe character ">" is not valid inside a JSX element[33m
  480|                    <dt className="font-semibold">Funciona offline?</dt><dd className="text-gray-600 dark:text-gray-400">Sim como PWA instalado - visualiza e cria transacoes offline.</dd>
  481|                    <dt className="font-semibold">Dados somem se trocar de celular?</dt><dd className="text-gray-600 dark:text-gray-400">Nao, tudo na nuvem. So logar no novo dispositivo.</dd>
  482|                    <dt className="font-semibold">Como convido familia?</dt><dd className="text-gray-600 dark:text-gray-400">Master convida em Configuracoes > Usuarios. Papel: Comum ou Admin.</dd>
     |                                                                                                                                                             ^
  483|                    <dt className="font-semibold">Limite de 50 transacoes no Free?</dt><dd className="text-gray-600 dark:text-gray-400">Fica somente leitura. Upgrade libera na hora.</dd>
  484|                    <dt className="font-semibold">Backup no Free?</dt><dd className="text-gray-600 dark:text-gray-400">Nao. Premium: manual. PRO: automatico diario.</dd>
  
  [33mThe character ">" is not valid inside a JSX element[33m
  485|                    <dt className="font-semibold">Sincronizacao bancaria?</dt><dd className="text-gray-600 dark:text-gray-400">Nao na v1. Prevista para 2027 via Open Banking.</dd>
  486|                    <dt className="font-semibold">Reembolso?</dt><dd className="text-gray-600 dark:text-gray-400">So anual nos 7 primeiros dias (CDC Art. 49).</dd>
  487|                    <dt className="font-semibold">LGPD / Exclusao dados?</dt><dd className="text-gray-600 dark:text-gray-400">Configuracoes > Dados e Privacidade > Solicitar exclusao.</dd>
     |                                                                                                                                            ^
  488|                  </dl>
  489|                  <p className="mt-4 text-sm text-gray-500">100+ perguntas no documento completo: FAQ.md</p>
  
  [33mThe character ">" is not valid inside a JSX element[33m
  485|                    <dt className="font-semibold">Sincronizacao bancaria?</dt><dd className="text-gray-600 dark:text-gray-400">Nao na v1. Prevista para 2027 via Open Banking.</dd>
  486|                    <dt className="font-semibold">Reembolso?</dt><dd className="text-gray-600 dark:text-gray-400">So anual nos 7 primeiros dias (CDC Art. 49).</dd>
  487|                    <dt className="font-semibold">LGPD / Exclusao dados?</dt><dd className="text-gray-600 dark:text-gray-400">Configuracoes > Dados e Privacidade > Solicitar exclusao.</dd>
     |                                                                                                                                                                  ^
  488|                  </dl>
  489|                  <p className="mt-4 text-sm text-gray-500">100+ perguntas no documento completo: FAQ.md</p>
  [39m
      at failureErrorWithLog (C:\Users\user\Desktop\opencode\frontend\node_modules\esbuild\lib\main.js:1472:15)
      at C:\Users\user\Desktop\opencode\frontend\node_modules\esbuild\lib\main.js:755:50
      at responseCallbacks.<computed> (C:\Users\user\Desktop\opencode\frontend\node_modules\esbuild\lib\main.js:622:9)
      at handleIncomingPacket (C:\Users\user\Desktop\opencode\frontend\node_modules\esbuild\lib\main.js:677:12)
      at Socket.readFromStdout (C:\Users\user\Desktop\opencode\frontend\node_modules\esbuild\lib\main.js:600:7)
      at Socket.emit (node:events:509:28)
      at addChunk (node:internal/streams/readable:563:12)
      at readableAddChunkPushByteMode (node:internal/streams/readable:514:3)
      at Readable.push (node:internal/streams/readable:394:5)
      at Pipe.onStreamRead (node:internal/stream_base_commons:189:23)
[2m16:50:19[22m [31m[1m[vite][22m[39m Pre-transform error: Transform failed with 3 errors:
C:/Users/user/Desktop/opencode/frontend/src/pages/Settings.tsx:482:155: ERROR: The character ">" is not valid inside a JSX element
C:/Users/user/Desktop/opencode/frontend/src/pages/Settings.tsx:487:138: ERROR: The character ">" is not valid inside a JSX element
C:/Users/user/Desktop/opencode/frontend/src/pages/Settings.tsx:487:160: ERROR: The character ">" is not valid inside a JSX element
[2m16:50:20[22m [31m[1m[vite][22m[39m [31mInternal server error: Transform failed with 3 errors:
C:/Users/user/Desktop/opencode/frontend/src/pages/Settings.tsx:482:155: ERROR: The character ">" is not valid inside a JSX element
C:/Users/user/Desktop/opencode/frontend/src/pages/Settings.tsx:487:138: ERROR: The character ">" is not valid inside a JSX element
C:/Users/user/Desktop/opencode/frontend/src/pages/Settings.tsx:487:160: ERROR: The character ">" is not valid inside a JSX element[39m
  Plugin: [35mvite:esbuild[39m
  File: [36mC:/Users/user/Desktop/opencode/frontend/src/pages/Settings.tsx[39m:463:123
[33m  
  [33mThe character ">" is not valid inside a JSX element[33m
  480|                    <dt className="font-semibold">Funciona offline?</dt><dd className="text-gray-600 dark:text-gray-400">Sim como PWA instalado - visualiza e cria transacoes offline.</dd>
  481|                    <dt className="font-semibold">Dados somem se trocar de celular?</dt><dd className="text-gray-600 dark:text-gray-400">Nao, tudo na nuvem. So logar no novo dispositivo.</dd>
  482|                    <dt className="font-semibold">Como convido familia?</dt><dd className="text-gray-600 dark:text-gray-400">Master convida em Configuracoes > Usuarios. Papel: Comum ou Admin.</dd>
     |                                                                                                                                                             ^
  483|                    <dt className="font-semibold">Limite de 50 transacoes no Free?</dt><dd className="text-gray-600 dark:text-gray-400">Fica somente leitura. Upgrade libera na hora.</dd>
  484|                    <dt className="font-semibold">Backup no Free?</dt><dd className="text-gray-600 dark:text-gray-400">Nao. Premium: manual. PRO: automatico diario.</dd>
  
  [33mThe character ">" is not valid inside a JSX element[33m
  485|                    <dt className="font-semibold">Sincronizacao bancaria?</dt><dd className="text-gray-600 dark:text-gray-400">Nao na v1. Prevista para 2027 via Open Banking.</dd>
  486|                    <dt className="font-semibold">Reembolso?</dt><dd className="text-gray-600 dark:text-gray-400">So anual nos 7 primeiros dias (CDC Art. 49).</dd>
  487|                    <dt className="font-semibold">LGPD / Exclusao dados?</dt><dd className="text-gray-600 dark:text-gray-400">Configuracoes > Dados e Privacidade > Solicitar exclusao.</dd>
     |                                                                                                                                            ^
  488|                  </dl>
  489|                  <p className="mt-4 text-sm text-gray-500">100+ perguntas no documento completo: FAQ.md</p>
  
  [33mThe character ">" is not valid inside a JSX element[33m
  485|                    <dt className="font-semibold">Sincronizacao bancaria?</dt><dd className="text-gray-600 dark:text-gray-400">Nao na v1. Prevista para 2027 via Open Banking.</dd>
  486|                    <dt className="font-semibold">Reembolso?</dt><dd className="text-gray-600 dark:text-gray-400">So anual nos 7 primeiros dias (CDC Art. 49).</dd>
  487|                    <dt className="font-semibold">LGPD / Exclusao dados?</dt><dd className="text-gray-600 dark:text-gray-400">Configuracoes > Dados e Privacidade > Solicitar exclusao.</dd>
     |                                                                                                                                                                  ^
  488|                  </dl>
  489|                  <p className="mt-4 text-sm text-gray-500">100+ perguntas no documento completo: FAQ.md</p>
  [39m
      at failureErrorWithLog (C:\Users\user\Desktop\opencode\frontend\node_modules\esbuild\lib\main.js:1472:15)
      at C:\Users\user\Desktop\opencode\frontend\node_modules\esbuild\lib\main.js:755:50
      at responseCallbacks.<computed> (C:\Users\user\Desktop\opencode\frontend\node_modules\esbuild\lib\main.js:622:9)
      at handleIncomingPacket (C:\Users\user\Desktop\opencode\frontend\node_modules\esbuild\lib\main.js:677:12)
      at Socket.readFromStdout (C:\Users\user\Desktop\opencode\frontend\node_modules\esbuild\lib\main.js:600:7)
      at Socket.emit (node:events:509:28)
      at addChunk (node:internal/streams/readable:563:12)
      at readableAddChunkPushByteMode (node:internal/streams/readable:514:3)
      at Readable.push (node:internal/streams/readable:394:5)
      at Pipe.onStreamRead (node:internal/stream_base_commons:189:23)
[2m16:50:20[22m [31m[1m[vite][22m[39m [31mInternal server error: Transform failed with 3 errors:
C:/Users/user/Desktop/opencode/frontend/src/pages/Settings.tsx:482:155: ERROR: The character ">" is not valid inside a JSX element
C:/Users/user/Desktop/opencode/frontend/src/pages/Settings.tsx:487:138: ERROR: The character ">" is not valid inside a JSX element
C:/Users/user/Desktop/opencode/frontend/src/pages/Settings.tsx:487:160: ERROR: The character ">" is not valid inside a JSX element[39m
  Plugin: [35mvite:esbuild[39m
  File: [36mC:/Users/user/Desktop/opencode/frontend/src/pages/Settings.tsx[39m:463:123
[33m  
  [33mThe character ">" is not valid inside a JSX element[33m
  480|                    <dt className="font-semibold">Funciona offline?</dt><dd className="text-gray-600 dark:text-gray-400">Sim como PWA instalado - visualiza e cria transacoes offline.</dd>
  481|                    <dt className="font-semibold">Dados somem se trocar de celular?</dt><dd className="text-gray-600 dark:text-gray-400">Nao, tudo na nuvem. So logar no novo dispositivo.</dd>
  482|                    <dt className="font-semibold">Como convido familia?</dt><dd className="text-gray-600 dark:text-gray-400">Master convida em Configuracoes > Usuarios. Papel: Comum ou Admin.</dd>
     |                                                                                                                                                             ^
  483|                    <dt className="font-semibold">Limite de 50 transacoes no Free?</dt><dd className="text-gray-600 dark:text-gray-400">Fica somente leitura. Upgrade libera na hora.</dd>
  484|                    <dt className="font-semibold">Backup no Free?</dt><dd className="text-gray-600 dark:text-gray-400">Nao. Premium: manual. PRO: automatico diario.</dd>
  
  [33mThe character ">" is not valid inside a JSX element[33m
  485|                    <dt className="font-semibold">Sincronizacao bancaria?</dt><dd className="text-gray-600 dark:text-gray-400">Nao na v1. Prevista para 2027 via Open Banking.</dd>
  486|                    <dt className="font-semibold">Reembolso?</dt><dd className="text-gray-600 dark:text-gray-400">So anual nos 7 primeiros dias (CDC Art. 49).</dd>
  487|                    <dt className="font-semibold">LGPD / Exclusao dados?</dt><dd className="text-gray-600 dark:text-gray-400">Configuracoes > Dados e Privacidade > Solicitar exclusao.</dd>
     |                                                                                                                                            ^
  488|                  </dl>
  489|                  <p className="mt-4 text-sm text-gray-500">100+ perguntas no documento completo: FAQ.md</p>
  
  [33mThe character ">" is not valid inside a JSX element[33m
  485|                    <dt className="font-semibold">Sincronizacao bancaria?</dt><dd className="text-gray-600 dark:text-gray-400">Nao na v1. Prevista para 2027 via Open Banking.</dd>
  486|                    <dt className="font-semibold">Reembolso?</dt><dd className="text-gray-600 dark:text-gray-400">So anual nos 7 primeiros dias (CDC Art. 49).</dd>
  487|                    <dt className="font-semibold">LGPD / Exclusao dados?</dt><dd className="text-gray-600 dark:text-gray-400">Configuracoes > Dados e Privacidade > Solicitar exclusao.</dd>
     |                                                                                                                                                                  ^
  488|                  </dl>
  489|                  <p className="mt-4 text-sm text-gray-500">100+ perguntas no documento completo: FAQ.md</p>
  [39m
      at failureErrorWithLog (C:\Users\user\Desktop\opencode\frontend\node_modules\esbuild\lib\main.js:1472:15)
      at C:\Users\user\Desktop\opencode\frontend\node_modules\esbuild\lib\main.js:755:50
      at responseCallbacks.<computed> (C:\Users\user\Desktop\opencode\frontend\node_modules\esbuild\lib\main.js:622:9)
      at handleIncomingPacket (C:\Users\user\Desktop\opencode\frontend\node_modules\esbuild\lib\main.js:677:12)
      at Socket.readFromStdout (C:\Users\user\Desktop\opencode\frontend\node_modules\esbuild\lib\main.js:600:7)
      at Socket.emit (node:events:509:28)
      at addChunk (node:internal/streams/readable:563:12)
      at readableAddChunkPushByteMode (node:internal/streams/readable:514:3)
      at Readable.push (node:internal/streams/readable:394:5)
      at Pipe.onStreamRead (node:internal/stream_base_commons:189:23)
[2m16:50:21[22m [31m[1m[vite][22m[39m [31mInternal server error: Transform failed with 3 errors:
C:/Users/user/Desktop/opencode/frontend/src/pages/Settings.tsx:482:155: ERROR: The character ">" is not valid inside a JSX element
C:/Users/user/Desktop/opencode/frontend/src/pages/Settings.tsx:487:138: ERROR: The character ">" is not valid inside a JSX element
C:/Users/user/Desktop/opencode/frontend/src/pages/Settings.tsx:487:160: ERROR: The character ">" is not valid inside a JSX element[39m
  Plugin: [35mvite:esbuild[39m
  File: [36mC:/Users/user/Desktop/opencode/frontend/src/pages/Settings.tsx[39m:463:123
[33m  
  [33mThe character ">" is not valid inside a JSX element[33m
  480|                    <dt className="font-semibold">Funciona offline?</dt><dd className="text-gray-600 dark:text-gray-400">Sim como PWA instalado - visualiza e cria transacoes offline.</dd>
  481|                    <dt className="font-semibold">Dados somem se trocar de celular?</dt><dd className="text-gray-600 dark:text-gray-400">Nao, tudo na nuvem. So logar no novo dispositivo.</dd>
  482|                    <dt className="font-semibold">Como convido familia?</dt><dd className="text-gray-600 dark:text-gray-400">Master convida em Configuracoes > Usuarios. Papel: Comum ou Admin.</dd>
     |                                                                                                                                                             ^
  483|                    <dt className="font-semibold">Limite de 50 transacoes no Free?</dt><dd className="text-gray-600 dark:text-gray-400">Fica somente leitura. Upgrade libera na hora.</dd>
  484|                    <dt className="font-semibold">Backup no Free?</dt><dd className="text-gray-600 dark:text-gray-400">Nao. Premium: manual. PRO: automatico diario.</dd>
  
  [33mThe character ">" is not valid inside a JSX element[33m
  485|                    <dt className="font-semibold">Sincronizacao bancaria?</dt><dd className="text-gray-600 dark:text-gray-400">Nao na v1. Prevista para 2027 via Open Banking.</dd>
  486|                    <dt className="font-semibold">Reembolso?</dt><dd className="text-gray-600 dark:text-gray-400">So anual nos 7 primeiros dias (CDC Art. 49).</dd>
  487|                    <dt className="font-semibold">LGPD / Exclusao dados?</dt><dd className="text-gray-600 dark:text-gray-400">Configuracoes > Dados e Privacidade > Solicitar exclusao.</dd>
     |                                                                                                                                            ^
  488|                  </dl>
  489|                  <p className="mt-4 text-sm text-gray-500">100+ perguntas no documento completo: FAQ.md</p>
  
  [33mThe character ">" is not valid inside a JSX element[33m
  485|                    <dt className="font-semibold">Sincronizacao bancaria?</dt><dd className="text-gray-600 dark:text-gray-400">Nao na v1. Prevista para 2027 via Open Banking.</dd>
  486|                    <dt className="font-semibold">Reembolso?</dt><dd className="text-gray-600 dark:text-gray-400">So anual nos 7 primeiros dias (CDC Art. 49).</dd>
  487|                    <dt className="font-semibold">LGPD / Exclusao dados?</dt><dd className="text-gray-600 dark:text-gray-400">Configuracoes > Dados e Privacidade > Solicitar exclusao.</dd>
     |                                                                                                                                                                  ^
  488|                  </dl>
  489|                  <p className="mt-4 text-sm text-gray-500">100+ perguntas no documento completo: FAQ.md</p>
  [39m
      at failureErrorWithLog (C:\Users\user\Desktop\opencode\frontend\node_modules\esbuild\lib\main.js:1472:15)
      at C:\Users\user\Desktop\opencode\frontend\node_modules\esbuild\lib\main.js:755:50
      at responseCallbacks.<computed> (C:\Users\user\Desktop\opencode\frontend\node_modules\esbuild\lib\main.js:622:9)
      at handleIncomingPacket (C:\Users\user\Desktop\opencode\frontend\node_modules\esbuild\lib\main.js:677:12)
      at Socket.readFromStdout (C:\Users\user\Desktop\opencode\frontend\node_modules\esbuild\lib\main.js:600:7)
      at Socket.emit (node:events:509:28)
      at addChunk (node:internal/streams/readable:563:12)
      at readableAddChunkPushByteMode (node:internal/streams/readable:514:3)
      at Readable.push (node:internal/streams/readable:394:5)
      at Pipe.onStreamRead (node:internal/stream_base_commons:189:23)
[2m16:50:50[22m [36m[1m[vite][22m[39m [32mhmr update [39m[2m/src/pages/Settings.tsx, /src/index.css[22m
[2m16:50:51[22m [31m[1m[vite][22m[39m Pre-transform error: Transform failed with 3 errors:
C:/Users/user/Desktop/opencode/frontend/src/pages/Settings.tsx:482:155: ERROR: The character ">" is not valid inside a JSX element
C:/Users/user/Desktop/opencode/frontend/src/pages/Settings.tsx:487:138: ERROR: The character ">" is not valid inside a JSX element
C:/Users/user/Desktop/opencode/frontend/src/pages/Settings.tsx:487:160: ERROR: The character ">" is not valid inside a JSX element
[2m16:50:51[22m [31m[1m[vite][22m[39m [31mInternal server error: Transform failed with 3 errors:
C:/Users/user/Desktop/opencode/frontend/src/pages/Settings.tsx:482:155: ERROR: The character ">" is not valid inside a JSX element
C:/Users/user/Desktop/opencode/frontend/src/pages/Settings.tsx:487:138: ERROR: The character ">" is not valid inside a JSX element
C:/Users/user/Desktop/opencode/frontend/src/pages/Settings.tsx:487:160: ERROR: The character ">" is not valid inside a JSX element[39m
  Plugin: [35mvite:esbuild[39m
  File: [36mC:/Users/user/Desktop/opencode/frontend/src/pages/Settings.tsx[39m:463:123
[33m  
  [33mThe character ">" is not valid inside a JSX element[33m
  480|                    <dt className="font-semibold">Funciona offline?</dt><dd className="text-gray-600 dark:text-gray-400">Sim como PWA instalado - visualiza e cria transacoes offline.</dd>
  481|                    <dt className="font-semibold">Dados somem se trocar de celular?</dt><dd className="text-gray-600 dark:text-gray-400">Nao, tudo na nuvem. So logar no novo dispositivo.</dd>
  482|                    <dt className="font-semibold">Como convido familia?</dt><dd className="text-gray-600 dark:text-gray-400">Master convida em Configuracoes > Usuarios. Papel: Comum ou Admin.</dd>
     |                                                                                                                                                             ^
  483|                    <dt className="font-semibold">Limite de 50 transacoes no Free?</dt><dd className="text-gray-600 dark:text-gray-400">Fica somente leitura. Upgrade libera na hora.</dd>
  484|                    <dt className="font-semibold">Backup no Free?</dt><dd className="text-gray-600 dark:text-gray-400">Nao. Premium: manual. PRO: automatico diario.</dd>
  
  [33mThe character ">" is not valid inside a JSX element[33m
  485|                    <dt className="font-semibold">Sincronizacao bancaria?</dt><dd className="text-gray-600 dark:text-gray-400">Nao na v1. Prevista para 2027 via Open Banking.</dd>
  486|                    <dt className="font-semibold">Reembolso?</dt><dd className="text-gray-600 dark:text-gray-400">So anual nos 7 primeiros dias (CDC Art. 49).</dd>
  487|                    <dt className="font-semibold">LGPD / Exclusao dados?</dt><dd className="text-gray-600 dark:text-gray-400">Configuracoes > Dados e Privacidade > Solicitar exclusao.</dd>
     |                                                                                                                                            ^
  488|                  </dl>
  489|                  <p className="mt-4 text-sm text-gray-500">100+ perguntas no documento completo: FAQ.md</p>
  
  [33mThe character ">" is not valid inside a JSX element[33m
  485|                    <dt className="font-semibold">Sincronizacao bancaria?</dt><dd className="text-gray-600 dark:text-gray-400">Nao na v1. Prevista para 2027 via Open Banking.</dd>
  486|                    <dt className="font-semibold">Reembolso?</dt><dd className="text-gray-600 dark:text-gray-400">So anual nos 7 primeiros dias (CDC Art. 49).</dd>
  487|                    <dt className="font-semibold">LGPD / Exclusao dados?</dt><dd className="text-gray-600 dark:text-gray-400">Configuracoes > Dados e Privacidade > Solicitar exclusao.</dd>
     |                                                                                                                                                                  ^
  488|                  </dl>
  489|                  <p className="mt-4 text-sm text-gray-500">100+ perguntas no documento completo: FAQ.md</p>
  [39m
      at failureErrorWithLog (C:\Users\user\Desktop\opencode\frontend\node_modules\esbuild\lib\main.js:1472:15)
      at C:\Users\user\Desktop\opencode\frontend\node_modules\esbuild\lib\main.js:755:50
      at responseCallbacks.<computed> (C:\Users\user\Desktop\opencode\frontend\node_modules\esbuild\lib\main.js:622:9)
      at handleIncomingPacket (C:\Users\user\Desktop\opencode\frontend\node_modules\esbuild\lib\main.js:677:12)
      at Socket.readFromStdout (C:\Users\user\Desktop\opencode\frontend\node_modules\esbuild\lib\main.js:600:7)
      at Socket.emit (node:events:509:28)
      at addChunk (node:internal/streams/readable:563:12)
      at readableAddChunkPushByteMode (node:internal/streams/readable:514:3)
      at Readable.push (node:internal/streams/readable:394:5)
      at Pipe.onStreamRead (node:internal/stream_base_commons:189:23)
[2m16:50:51[22m [31m[1m[vite][22m[39m Pre-transform error: Transform failed with 3 errors:
C:/Users/user/Desktop/opencode/frontend/src/pages/Settings.tsx:482:155: ERROR: The character ">" is not valid inside a JSX element
C:/Users/user/Desktop/opencode/frontend/src/pages/Settings.tsx:487:138: ERROR: The character ">" is not valid inside a JSX element
C:/Users/user/Desktop/opencode/frontend/src/pages/Settings.tsx:487:160: ERROR: The character ">" is not valid inside a JSX element
[2m16:50:51[22m [31m[1m[vite][22m[39m [31mInternal server error: Transform failed with 3 errors:
C:/Users/user/Desktop/opencode/frontend/src/pages/Settings.tsx:482:155: ERROR: The character ">" is not valid inside a JSX element
C:/Users/user/Desktop/opencode/frontend/src/pages/Settings.tsx:487:138: ERROR: The character ">" is not valid inside a JSX element
C:/Users/user/Desktop/opencode/frontend/src/pages/Settings.tsx:487:160: ERROR: The character ">" is not valid inside a JSX element[39m
  Plugin: [35mvite:esbuild[39m
  File: [36mC:/Users/user/Desktop/opencode/frontend/src/pages/Settings.tsx[39m:463:123
[33m  
  [33mThe character ">" is not valid inside a JSX element[33m
  480|                    <dt className="font-semibold">Funciona offline?</dt><dd className="text-gray-600 dark:text-gray-400">Sim como PWA instalado - visualiza e cria transacoes offline.</dd>
  481|                    <dt className="font-semibold">Dados somem se trocar de celular?</dt><dd className="text-gray-600 dark:text-gray-400">Nao, tudo na nuvem. So logar no novo dispositivo.</dd>
  482|                    <dt className="font-semibold">Como convido familia?</dt><dd className="text-gray-600 dark:text-gray-400">Master convida em Configuracoes > Usuarios. Papel: Comum ou Admin.</dd>
     |                                                                                                                                                             ^
  483|                    <dt className="font-semibold">Limite de 50 transacoes no Free?</dt><dd className="text-gray-600 dark:text-gray-400">Fica somente leitura. Upgrade libera na hora.</dd>
  484|                    <dt className="font-semibold">Backup no Free?</dt><dd className="text-gray-600 dark:text-gray-400">Nao. Premium: manual. PRO: automatico diario.</dd>
  
  [33mThe character ">" is not valid inside a JSX element[33m
  485|                    <dt className="font-semibold">Sincronizacao bancaria?</dt><dd className="text-gray-600 dark:text-gray-400">Nao na v1. Prevista para 2027 via Open Banking.</dd>
  486|                    <dt className="font-semibold">Reembolso?</dt><dd className="text-gray-600 dark:text-gray-400">So anual nos 7 primeiros dias (CDC Art. 49).</dd>
  487|                    <dt className="font-semibold">LGPD / Exclusao dados?</dt><dd className="text-gray-600 dark:text-gray-400">Configuracoes > Dados e Privacidade > Solicitar exclusao.</dd>
     |                                                                                                                                            ^
  488|                  </dl>
  489|                  <p className="mt-4 text-sm text-gray-500">100+ perguntas no documento completo: FAQ.md</p>
  
  [33mThe character ">" is not valid inside a JSX element[33m
  485|                    <dt className="font-semibold">Sincronizacao bancaria?</dt><dd className="text-gray-600 dark:text-gray-400">Nao na v1. Prevista para 2027 via Open Banking.</dd>
  486|                    <dt className="font-semibold">Reembolso?</dt><dd className="text-gray-600 dark:text-gray-400">So anual nos 7 primeiros dias (CDC Art. 49).</dd>
  487|                    <dt className="font-semibold">LGPD / Exclusao dados?</dt><dd className="text-gray-600 dark:text-gray-400">Configuracoes > Dados e Privacidade > Solicitar exclusao.</dd>
     |                                                                                                                                                                  ^
  488|                  </dl>
  489|                  <p className="mt-4 text-sm text-gray-500">100+ perguntas no documento completo: FAQ.md</p>
  [39m
      at failureErrorWithLog (C:\Users\user\Desktop\opencode\frontend\node_modules\esbuild\lib\main.js:1472:15)
      at C:\Users\user\Desktop\opencode\frontend\node_modules\esbuild\lib\main.js:755:50
      at responseCallbacks.<computed> (C:\Users\user\Desktop\opencode\frontend\node_modules\esbuild\lib\main.js:622:9)
      at handleIncomingPacket (C:\Users\user\Desktop\opencode\frontend\node_modules\esbuild\lib\main.js:677:12)
      at Socket.readFromStdout (C:\Users\user\Desktop\opencode\frontend\node_modules\esbuild\lib\main.js:600:7)
      at Socket.emit (node:events:509:28)
      at addChunk (node:internal/streams/readable:563:12)
      at readableAddChunkPushByteMode (node:internal/streams/readable:514:3)
      at Readable.push (node:internal/streams/readable:394:5)
      at Pipe.onStreamRead (node:internal/stream_base_commons:189:23)
[2m16:50:51[22m [31m[1m[vite][22m[39m [31mInternal server error: Transform failed with 3 errors:
C:/Users/user/Desktop/opencode/frontend/src/pages/Settings.tsx:482:155: ERROR: The character ">" is not valid inside a JSX element
C:/Users/user/Desktop/opencode/frontend/src/pages/Settings.tsx:487:138: ERROR: The character ">" is not valid inside a JSX element
C:/Users/user/Desktop/opencode/frontend/src/pages/Settings.tsx:487:160: ERROR: The character ">" is not valid inside a JSX element[39m
  Plugin: [35mvite:esbuild[39m
  File: [36mC:/Users/user/Desktop/opencode/frontend/src/pages/Settings.tsx[39m:463:123
[33m  
  [33mThe character ">" is not valid inside a JSX element[33m
  480|                    <dt className="font-semibold">Funciona offline?</dt><dd className="text-gray-600 dark:text-gray-400">Sim como PWA instalado - visualiza e cria transacoes offline.</dd>
  481|                    <dt className="font-semibold">Dados somem se trocar de celular?</dt><dd className="text-gray-600 dark:text-gray-400">Nao, tudo na nuvem. So logar no novo dispositivo.</dd>
  482|                    <dt className="font-semibold">Como convido familia?</dt><dd className="text-gray-600 dark:text-gray-400">Master convida em Configuracoes > Usuarios. Papel: Comum ou Admin.</dd>
     |                                                                                                                                                             ^
  483|                    <dt className="font-semibold">Limite de 50 transacoes no Free?</dt><dd className="text-gray-600 dark:text-gray-400">Fica somente leitura. Upgrade libera na hora.</dd>
  484|                    <dt className="font-semibold">Backup no Free?</dt><dd className="text-gray-600 dark:text-gray-400">Nao. Premium: manual. PRO: automatico diario.</dd>
  
  [33mThe character ">" is not valid inside a JSX element[33m
  485|                    <dt className="font-semibold">Sincronizacao bancaria?</dt><dd className="text-gray-600 dark:text-gray-400">Nao na v1. Prevista para 2027 via Open Banking.</dd>
  486|                    <dt className="font-semibold">Reembolso?</dt><dd className="text-gray-600 dark:text-gray-400">So anual nos 7 primeiros dias (CDC Art. 49).</dd>
  487|                    <dt className="font-semibold">LGPD / Exclusao dados?</dt><dd className="text-gray-600 dark:text-gray-400">Configuracoes > Dados e Privacidade > Solicitar exclusao.</dd>
     |                                                                                                                                            ^
  488|                  </dl>
  489|                  <p className="mt-4 text-sm text-gray-500">100+ perguntas no documento completo: FAQ.md</p>
  
  [33mThe character ">" is not valid inside a JSX element[33m
  485|                    <dt className="font-semibold">Sincronizacao bancaria?</dt><dd className="text-gray-600 dark:text-gray-400">Nao na v1. Prevista para 2027 via Open Banking.</dd>
  486|                    <dt className="font-semibold">Reembolso?</dt><dd className="text-gray-600 dark:text-gray-400">So anual nos 7 primeiros dias (CDC Art. 49).</dd>
  487|                    <dt className="font-semibold">LGPD / Exclusao dados?</dt><dd className="text-gray-600 dark:text-gray-400">Configuracoes > Dados e Privacidade > Solicitar exclusao.</dd>
     |                                                                                                                                                                  ^
  488|                  </dl>
  489|                  <p className="mt-4 text-sm text-gray-500">100+ perguntas no documento completo: FAQ.md</p>
  [39m
      at failureErrorWithLog (C:\Users\user\Desktop\opencode\frontend\node_modules\esbuild\lib\main.js:1472:15)
      at C:\Users\user\Desktop\opencode\frontend\node_modules\esbuild\lib\main.js:755:50
      at responseCallbacks.<computed> (C:\Users\user\Desktop\opencode\frontend\node_modules\esbuild\lib\main.js:622:9)
      at handleIncomingPacket (C:\Users\user\Desktop\opencode\frontend\node_modules\esbuild\lib\main.js:677:12)
      at Socket.readFromStdout (C:\Users\user\Desktop\opencode\frontend\node_modules\esbuild\lib\main.js:600:7)
      at Socket.emit (node:events:509:28)
      at addChunk (node:internal/streams/readable:563:12)
      at readableAddChunkPushByteMode (node:internal/streams/readable:514:3)
      at Readable.push (node:internal/streams/readable:394:5)
      at Pipe.onStreamRead (node:internal/stream_base_commons:189:23)
[2m16:50:57[22m [36m[1m[vite][22m[39m [32mhmr update [39m[2m/src/pages/Settings.tsx, /src/index.css[22m
[2m16:50:58[22m [31m[1m[vite][22m[39m Pre-transform error: Transform failed with 3 errors:
C:/Users/user/Desktop/opencode/frontend/src/pages/Settings.tsx:482:155: ERROR: The character ">" is not valid inside a JSX element
C:/Users/user/Desktop/opencode/frontend/src/pages/Settings.tsx:487:138: ERROR: The character ">" is not valid inside a JSX element
C:/Users/user/Desktop/opencode/frontend/src/pages/Settings.tsx:487:160: ERROR: The character ">" is not valid inside a JSX element
[2m16:50:58[22m [31m[1m[vite][22m[39m [31mInternal server error: Transform failed with 3 errors:
C:/Users/user/Desktop/opencode/frontend/src/pages/Settings.tsx:482:155: ERROR: The character ">" is not valid inside a JSX element
C:/Users/user/Desktop/opencode/frontend/src/pages/Settings.tsx:487:138: ERROR: The character ">" is not valid inside a JSX element
C:/Users/user/Desktop/opencode/frontend/src/pages/Settings.tsx:487:160: ERROR: The character ">" is not valid inside a JSX element[39m
  Plugin: [35mvite:esbuild[39m
  File: [36mC:/Users/user/Desktop/opencode/frontend/src/pages/Settings.tsx[39m:463:123
[33m  
  [33mThe character ">" is not valid inside a JSX element[33m
  480|                    <dt className="font-semibold">Funciona offline?</dt><dd className="text-gray-600 dark:text-gray-400">Sim como PWA instalado - visualiza e cria transacoes offline.</dd>
  481|                    <dt className="font-semibold">Dados somem se trocar de celular?</dt><dd className="text-gray-600 dark:text-gray-400">Nao, tudo na nuvem. So logar no novo dispositivo.</dd>
  482|                    <dt className="font-semibold">Como convido familia?</dt><dd className="text-gray-600 dark:text-gray-400">Master convida em Configuracoes > Usuarios. Papel: Comum ou Admin.</dd>
     |                                                                                                                                                             ^
  483|                    <dt className="font-semibold">Limite de 50 transacoes no Free?</dt><dd className="text-gray-600 dark:text-gray-400">Fica somente leitura. Upgrade libera na hora.</dd>
  484|                    <dt className="font-semibold">Backup no Free?</dt><dd className="text-gray-600 dark:text-gray-400">Nao. Premium: manual. PRO: automatico diario.</dd>
  
  [33mThe character ">" is not valid inside a JSX element[33m
  485|                    <dt className="font-semibold">Sincronizacao bancaria?</dt><dd className="text-gray-600 dark:text-gray-400">Nao na v1. Prevista para 2027 via Open Banking.</dd>
  486|                    <dt className="font-semibold">Reembolso?</dt><dd className="text-gray-600 dark:text-gray-400">So anual nos 7 primeiros dias (CDC Art. 49).</dd>
  487|                    <dt className="font-semibold">LGPD / Exclusao dados?</dt><dd className="text-gray-600 dark:text-gray-400">Configuracoes > Dados e Privacidade > Solicitar exclusao.</dd>
     |                                                                                                                                            ^
  488|                  </dl>
  489|                  <p className="mt-4 text-sm text-gray-500">100+ perguntas no documento completo: FAQ.md</p>
  
  [33mThe character ">" is not valid inside a JSX element[33m
  485|                    <dt className="font-semibold">Sincronizacao bancaria?</dt><dd className="text-gray-600 dark:text-gray-400">Nao na v1. Prevista para 2027 via Open Banking.</dd>
  486|                    <dt className="font-semibold">Reembolso?</dt><dd className="text-gray-600 dark:text-gray-400">So anual nos 7 primeiros dias (CDC Art. 49).</dd>
  487|                    <dt className="font-semibold">LGPD / Exclusao dados?</dt><dd className="text-gray-600 dark:text-gray-400">Configuracoes > Dados e Privacidade > Solicitar exclusao.</dd>
     |                                                                                                                                                                  ^
  488|                  </dl>
  489|                  <p className="mt-4 text-sm text-gray-500">100+ perguntas no documento completo: FAQ.md</p>
  [39m
      at failureErrorWithLog (C:\Users\user\Desktop\opencode\frontend\node_modules\esbuild\lib\main.js:1472:15)
      at C:\Users\user\Desktop\opencode\frontend\node_modules\esbuild\lib\main.js:755:50
      at responseCallbacks.<computed> (C:\Users\user\Desktop\opencode\frontend\node_modules\esbuild\lib\main.js:622:9)
      at handleIncomingPacket (C:\Users\user\Desktop\opencode\frontend\node_modules\esbuild\lib\main.js:677:12)
      at Socket.readFromStdout (C:\Users\user\Desktop\opencode\frontend\node_modules\esbuild\lib\main.js:600:7)
      at Socket.emit (node:events:509:28)
      at addChunk (node:internal/streams/readable:563:12)
      at readableAddChunkPushByteMode (node:internal/streams/readable:514:3)
      at Readable.push (node:internal/streams/readable:394:5)
      at Pipe.onStreamRead (node:internal/stream_base_commons:189:23)
[2m16:50:58[22m [31m[1m[vite][22m[39m Pre-transform error: Transform failed with 3 errors:
C:/Users/user/Desktop/opencode/frontend/src/pages/Settings.tsx:482:155: ERROR: The character ">" is not valid inside a JSX element
C:/Users/user/Desktop/opencode/frontend/src/pages/Settings.tsx:487:138: ERROR: The character ">" is not valid inside a JSX element
C:/Users/user/Desktop/opencode/frontend/src/pages/Settings.tsx:487:160: ERROR: The character ">" is not valid inside a JSX element
[2m16:50:58[22m [31m[1m[vite][22m[39m [31mInternal server error: Transform failed with 3 errors:
C:/Users/user/Desktop/opencode/frontend/src/pages/Settings.tsx:482:155: ERROR: The character ">" is not valid inside a JSX element
C:/Users/user/Desktop/opencode/frontend/src/pages/Settings.tsx:487:138: ERROR: The character ">" is not valid inside a JSX element
C:/Users/user/Desktop/opencode/frontend/src/pages/Settings.tsx:487:160: ERROR: The character ">" is not valid inside a JSX element[39m
  Plugin: [35mvite:esbuild[39m
  File: [36mC:/Users/user/Desktop/opencode/frontend/src/pages/Settings.tsx[39m:463:123
[33m  
  [33mThe character ">" is not valid inside a JSX element[33m
  480|                    <dt className="font-semibold">Funciona offline?</dt><dd className="text-gray-600 dark:text-gray-400">Sim como PWA instalado - visualiza e cria transacoes offline.</dd>
  481|                    <dt className="font-semibold">Dados somem se trocar de celular?</dt><dd className="text-gray-600 dark:text-gray-400">Nao, tudo na nuvem. So logar no novo dispositivo.</dd>
  482|                    <dt className="font-semibold">Como convido familia?</dt><dd className="text-gray-600 dark:text-gray-400">Master convida em Configuracoes > Usuarios. Papel: Comum ou Admin.</dd>
     |                                                                                                                                                             ^
  483|                    <dt className="font-semibold">Limite de 50 transacoes no Free?</dt><dd className="text-gray-600 dark:text-gray-400">Fica somente leitura. Upgrade libera na hora.</dd>
  484|                    <dt className="font-semibold">Backup no Free?</dt><dd className="text-gray-600 dark:text-gray-400">Nao. Premium: manual. PRO: automatico diario.</dd>
  
  [33mThe character ">" is not valid inside a JSX element[33m
  485|                    <dt className="font-semibold">Sincronizacao bancaria?</dt><dd className="text-gray-600 dark:text-gray-400">Nao na v1. Prevista para 2027 via Open Banking.</dd>
  486|                    <dt className="font-semibold">Reembolso?</dt><dd className="text-gray-600 dark:text-gray-400">So anual nos 7 primeiros dias (CDC Art. 49).</dd>
  487|                    <dt className="font-semibold">LGPD / Exclusao dados?</dt><dd className="text-gray-600 dark:text-gray-400">Configuracoes > Dados e Privacidade > Solicitar exclusao.</dd>
     |                                                                                                                                            ^
  488|                  </dl>
  489|                  <p className="mt-4 text-sm text-gray-500">100+ perguntas no documento completo: FAQ.md</p>
  
  [33mThe character ">" is not valid inside a JSX element[33m
  485|                    <dt className="font-semibold">Sincronizacao bancaria?</dt><dd className="text-gray-600 dark:text-gray-400">Nao na v1. Prevista para 2027 via Open Banking.</dd>
  486|                    <dt className="font-semibold">Reembolso?</dt><dd className="text-gray-600 dark:text-gray-400">So anual nos 7 primeiros dias (CDC Art. 49).</dd>
  487|                    <dt className="font-semibold">LGPD / Exclusao dados?</dt><dd className="text-gray-600 dark:text-gray-400">Configuracoes > Dados e Privacidade > Solicitar exclusao.</dd>
     |                                                                                                                                                                  ^
  488|                  </dl>
  489|                  <p className="mt-4 text-sm text-gray-500">100+ perguntas no documento completo: FAQ.md</p>
  [39m
      at failureErrorWithLog (C:\Users\user\Desktop\opencode\frontend\node_modules\esbuild\lib\main.js:1472:15)
      at C:\Users\user\Desktop\opencode\frontend\node_modules\esbuild\lib\main.js:755:50
      at responseCallbacks.<computed> (C:\Users\user\Desktop\opencode\frontend\node_modules\esbuild\lib\main.js:622:9)
      at handleIncomingPacket (C:\Users\user\Desktop\opencode\frontend\node_modules\esbuild\lib\main.js:677:12)
      at Socket.readFromStdout (C:\Users\user\Desktop\opencode\frontend\node_modules\esbuild\lib\main.js:600:7)
      at Socket.emit (node:events:509:28)
      at addChunk (node:internal/streams/readable:563:12)
      at readableAddChunkPushByteMode (node:internal/streams/readable:514:3)
      at Readable.push (node:internal/streams/readable:394:5)
      at Pipe.onStreamRead (node:internal/stream_base_commons:189:23)
[2m16:50:58[22m [31m[1m[vite][22m[39m [31mInternal server error: Transform failed with 3 errors:
C:/Users/user/Desktop/opencode/frontend/src/pages/Settings.tsx:482:155: ERROR: The character ">" is not valid inside a JSX element
C:/Users/user/Desktop/opencode/frontend/src/pages/Settings.tsx:487:138: ERROR: The character ">" is not valid inside a JSX element
C:/Users/user/Desktop/opencode/frontend/src/pages/Settings.tsx:487:160: ERROR: The character ">" is not valid inside a JSX element[39m
  Plugin: [35mvite:esbuild[39m
  File: [36mC:/Users/user/Desktop/opencode/frontend/src/pages/Settings.tsx[39m:463:123
[33m  
  [33mThe character ">" is not valid inside a JSX element[33m
  480|                    <dt className="font-semibold">Funciona offline?</dt><dd className="text-gray-600 dark:text-gray-400">Sim como PWA instalado - visualiza e cria transacoes offline.</dd>
  481|                    <dt className="font-semibold">Dados somem se trocar de celular?</dt><dd className="text-gray-600 dark:text-gray-400">Nao, tudo na nuvem. So logar no novo dispositivo.</dd>
  482|                    <dt className="font-semibold">Como convido familia?</dt><dd className="text-gray-600 dark:text-gray-400">Master convida em Configuracoes > Usuarios. Papel: Comum ou Admin.</dd>
     |                                                                                                                                                             ^
  483|                    <dt className="font-semibold">Limite de 50 transacoes no Free?</dt><dd className="text-gray-600 dark:text-gray-400">Fica somente leitura. Upgrade libera na hora.</dd>
  484|                    <dt className="font-semibold">Backup no Free?</dt><dd className="text-gray-600 dark:text-gray-400">Nao. Premium: manual. PRO: automatico diario.</dd>
  
  [33mThe character ">" is not valid inside a JSX element[33m
  485|                    <dt className="font-semibold">Sincronizacao bancaria?</dt><dd className="text-gray-600 dark:text-gray-400">Nao na v1. Prevista para 2027 via Open Banking.</dd>
  486|                    <dt className="font-semibold">Reembolso?</dt><dd className="text-gray-600 dark:text-gray-400">So anual nos 7 primeiros dias (CDC Art. 49).</dd>
  487|                    <dt className="font-semibold">LGPD / Exclusao dados?</dt><dd className="text-gray-600 dark:text-gray-400">Configuracoes > Dados e Privacidade > Solicitar exclusao.</dd>
     |                                                                                                                                            ^
  488|                  </dl>
  489|                  <p className="mt-4 text-sm text-gray-500">100+ perguntas no documento completo: FAQ.md</p>
  
  [33mThe character ">" is not valid inside a JSX element[33m
  485|                    <dt className="font-semibold">Sincronizacao bancaria?</dt><dd className="text-gray-600 dark:text-gray-400">Nao na v1. Prevista para 2027 via Open Banking.</dd>
  486|                    <dt className="font-semibold">Reembolso?</dt><dd className="text-gray-600 dark:text-gray-400">So anual nos 7 primeiros dias (CDC Art. 49).</dd>
  487|                    <dt className="font-semibold">LGPD / Exclusao dados?</dt><dd className="text-gray-600 dark:text-gray-400">Configuracoes > Dados e Privacidade > Solicitar exclusao.</dd>
     |                                                                                                                                                                  ^
  488|                  </dl>
  489|                  <p className="mt-4 text-sm text-gray-500">100+ perguntas no documento completo: FAQ.md</p>
  [39m
      at failureErrorWithLog (C:\Users\user\Desktop\opencode\frontend\node_modules\esbuild\lib\main.js:1472:15)
      at C:\Users\user\Desktop\opencode\frontend\node_modules\esbuild\lib\main.js:755:50
      at responseCallbacks.<computed> (C:\Users\user\Desktop\opencode\frontend\node_modules\esbuild\lib\main.js:622:9)
      at handleIncomingPacket (C:\Users\user\Desktop\opencode\frontend\node_modules\esbuild\lib\main.js:677:12)
      at Socket.readFromStdout (C:\Users\user\Desktop\opencode\frontend\node_modules\esbuild\lib\main.js:600:7)
      at Socket.emit (node:events:509:28)
      at addChunk (node:internal/streams/readable:563:12)
      at readableAddChunkPushByteMode (node:internal/streams/readable:514:3)
      at Readable.push (node:internal/streams/readable:394:5)
      at Pipe.onStreamRead (node:internal/stream_base_commons:189:23)
[2m16:51:05[22m [36m[1m[vite][22m[39m [32mhmr update [39m[2m/src/pages/Settings.tsx, /src/index.css[22m
[2m16:51:06[22m [31m[1m[vite][22m[39m Pre-transform error: Transform failed with 3 errors:
C:/Users/user/Desktop/opencode/frontend/src/pages/Settings.tsx:482:155: ERROR: The character ">" is not valid inside a JSX element
C:/Users/user/Desktop/opencode/frontend/src/pages/Settings.tsx:487:138: ERROR: The character ">" is not valid inside a JSX element
C:/Users/user/Desktop/opencode/frontend/src/pages/Settings.tsx:487:160: ERROR: The character ">" is not valid inside a JSX element
[2m16:51:06[22m [31m[1m[vite][22m[39m Pre-transform error: Transform failed with 3 errors:
C:/Users/user/Desktop/opencode/frontend/src/pages/Settings.tsx:482:155: ERROR: The character ">" is not valid inside a JSX element
C:/Users/user/Desktop/opencode/frontend/src/pages/Settings.tsx:487:138: ERROR: The character ">" is not valid inside a JSX element
C:/Users/user/Desktop/opencode/frontend/src/pages/Settings.tsx:487:160: ERROR: The character ">" is not valid inside a JSX element
[2m16:51:06[22m [31m[1m[vite][22m[39m [31mInternal server error: Transform failed with 3 errors:
C:/Users/user/Desktop/opencode/frontend/src/pages/Settings.tsx:482:155: ERROR: The character ">" is not valid inside a JSX element
C:/Users/user/Desktop/opencode/frontend/src/pages/Settings.tsx:487:138: ERROR: The character ">" is not valid inside a JSX element
C:/Users/user/Desktop/opencode/frontend/src/pages/Settings.tsx:487:160: ERROR: The character ">" is not valid inside a JSX element[39m
  Plugin: [35mvite:esbuild[39m
  File: [36mC:/Users/user/Desktop/opencode/frontend/src/pages/Settings.tsx[39m:463:123
[33m  
  [33mThe character ">" is not valid inside a JSX element[33m
  480|                    <dt className="font-semibold">Funciona offline?</dt><dd className="text-gray-600 dark:text-gray-400">Sim como PWA instalado - visualiza e cria transacoes offline.</dd>
  481|                    <dt className="font-semibold">Dados somem se trocar de celular?</dt><dd className="text-gray-600 dark:text-gray-400">Nao, tudo na nuvem. So logar no novo dispositivo.</dd>
  482|                    <dt className="font-semibold">Como convido familia?</dt><dd className="text-gray-600 dark:text-gray-400">Master convida em Configuracoes > Usuarios. Papel: Comum ou Admin.</dd>
     |                                                                                                                                                             ^
  483|                    <dt className="font-semibold">Limite de 50 transacoes no Free?</dt><dd className="text-gray-600 dark:text-gray-400">Fica somente leitura. Upgrade libera na hora.</dd>
  484|                    <dt className="font-semibold">Backup no Free?</dt><dd className="text-gray-600 dark:text-gray-400">Nao. Premium: manual. PRO: automatico diario.</dd>
  
  [33mThe character ">" is not valid inside a JSX element[33m
  485|                    <dt className="font-semibold">Sincronizacao bancaria?</dt><dd className="text-gray-600 dark:text-gray-400">Nao na v1. Prevista para 2027 via Open Banking.</dd>
  486|                    <dt className="font-semibold">Reembolso?</dt><dd className="text-gray-600 dark:text-gray-400">So anual nos 7 primeiros dias (CDC Art. 49).</dd>
  487|                    <dt className="font-semibold">LGPD / Exclusao dados?</dt><dd className="text-gray-600 dark:text-gray-400">Configuracoes > Dados e Privacidade > Solicitar exclusao.</dd>
     |                                                                                                                                            ^
  488|                  </dl>
  489|                  <p className="mt-4 text-sm text-gray-500">100+ perguntas no documento completo: FAQ.md</p>
  
  [33mThe character ">" is not valid inside a JSX element[33m
  485|                    <dt className="font-semibold">Sincronizacao bancaria?</dt><dd className="text-gray-600 dark:text-gray-400">Nao na v1. Prevista para 2027 via Open Banking.</dd>
  486|                    <dt className="font-semibold">Reembolso?</dt><dd className="text-gray-600 dark:text-gray-400">So anual nos 7 primeiros dias (CDC Art. 49).</dd>
  487|                    <dt className="font-semibold">LGPD / Exclusao dados?</dt><dd className="text-gray-600 dark:text-gray-400">Configuracoes > Dados e Privacidade > Solicitar exclusao.</dd>
     |                                                                                                                                                                  ^
  488|                  </dl>
  489|                  <p className="mt-4 text-sm text-gray-500">100+ perguntas no documento completo: FAQ.md</p>
  [39m
      at failureErrorWithLog (C:\Users\user\Desktop\opencode\frontend\node_modules\esbuild\lib\main.js:1472:15)
      at C:\Users\user\Desktop\opencode\frontend\node_modules\esbuild\lib\main.js:755:50
      at responseCallbacks.<computed> (C:\Users\user\Desktop\opencode\frontend\node_modules\esbuild\lib\main.js:622:9)
      at handleIncomingPacket (C:\Users\user\Desktop\opencode\frontend\node_modules\esbuild\lib\main.js:677:12)
      at Socket.readFromStdout (C:\Users\user\Desktop\opencode\frontend\node_modules\esbuild\lib\main.js:600:7)
      at Socket.emit (node:events:509:28)
      at addChunk (node:internal/streams/readable:563:12)
      at readableAddChunkPushByteMode (node:internal/streams/readable:514:3)
      at Readable.push (node:internal/streams/readable:394:5)
      at Pipe.onStreamRead (node:internal/stream_base_commons:189:23)
[2m16:51:06[22m [31m[1m[vite][22m[39m [31mInternal server error: Transform failed with 3 errors:
C:/Users/user/Desktop/opencode/frontend/src/pages/Settings.tsx:482:155: ERROR: The character ">" is not valid inside a JSX element
C:/Users/user/Desktop/opencode/frontend/src/pages/Settings.tsx:487:138: ERROR: The character ">" is not valid inside a JSX element
C:/Users/user/Desktop/opencode/frontend/src/pages/Settings.tsx:487:160: ERROR: The character ">" is not valid inside a JSX element[39m
  Plugin: [35mvite:esbuild[39m
  File: [36mC:/Users/user/Desktop/opencode/frontend/src/pages/Settings.tsx[39m:463:123
[33m  
  [33mThe character ">" is not valid inside a JSX element[33m
  480|                    <dt className="font-semibold">Funciona offline?</dt><dd className="text-gray-600 dark:text-gray-400">Sim como PWA instalado - visualiza e cria transacoes offline.</dd>
  481|                    <dt className="font-semibold">Dados somem se trocar de celular?</dt><dd className="text-gray-600 dark:text-gray-400">Nao, tudo na nuvem. So logar no novo dispositivo.</dd>
  482|                    <dt className="font-semibold">Como convido familia?</dt><dd className="text-gray-600 dark:text-gray-400">Master convida em Configuracoes > Usuarios. Papel: Comum ou Admin.</dd>
     |                                                                                                                                                             ^
  483|                    <dt className="font-semibold">Limite de 50 transacoes no Free?</dt><dd className="text-gray-600 dark:text-gray-400">Fica somente leitura. Upgrade libera na hora.</dd>
  484|                    <dt className="font-semibold">Backup no Free?</dt><dd className="text-gray-600 dark:text-gray-400">Nao. Premium: manual. PRO: automatico diario.</dd>
  
  [33mThe character ">" is not valid inside a JSX element[33m
  485|                    <dt className="font-semibold">Sincronizacao bancaria?</dt><dd className="text-gray-600 dark:text-gray-400">Nao na v1. Prevista para 2027 via Open Banking.</dd>
  486|                    <dt className="font-semibold">Reembolso?</dt><dd className="text-gray-600 dark:text-gray-400">So anual nos 7 primeiros dias (CDC Art. 49).</dd>
  487|                    <dt className="font-semibold">LGPD / Exclusao dados?</dt><dd className="text-gray-600 dark:text-gray-400">Configuracoes > Dados e Privacidade > Solicitar exclusao.</dd>
     |                                                                                                                                            ^
  488|                  </dl>
  489|                  <p className="mt-4 text-sm text-gray-500">100+ perguntas no documento completo: FAQ.md</p>
  
  [33mThe character ">" is not valid inside a JSX element[33m
  485|                    <dt className="font-semibold">Sincronizacao bancaria?</dt><dd className="text-gray-600 dark:text-gray-400">Nao na v1. Prevista para 2027 via Open Banking.</dd>
  486|                    <dt className="font-semibold">Reembolso?</dt><dd className="text-gray-600 dark:text-gray-400">So anual nos 7 primeiros dias (CDC Art. 49).</dd>
  487|                    <dt className="font-semibold">LGPD / Exclusao dados?</dt><dd className="text-gray-600 dark:text-gray-400">Configuracoes > Dados e Privacidade > Solicitar exclusao.</dd>
     |                                                                                                                                                                  ^
  488|                  </dl>
  489|                  <p className="mt-4 text-sm text-gray-500">100+ perguntas no documento completo: FAQ.md</p>
  [39m
      at failureErrorWithLog (C:\Users\user\Desktop\opencode\frontend\node_modules\esbuild\lib\main.js:1472:15)
      at C:\Users\user\Desktop\opencode\frontend\node_modules\esbuild\lib\main.js:755:50
      at responseCallbacks.<computed> (C:\Users\user\Desktop\opencode\frontend\node_modules\esbuild\lib\main.js:622:9)
      at handleIncomingPacket (C:\Users\user\Desktop\opencode\frontend\node_modules\esbuild\lib\main.js:677:12)
      at Socket.readFromStdout (C:\Users\user\Desktop\opencode\frontend\node_modules\esbuild\lib\main.js:600:7)
      at Socket.emit (node:events:509:28)
      at addChunk (node:internal/streams/readable:563:12)
      at readableAddChunkPushByteMode (node:internal/streams/readable:514:3)
      at Readable.push (node:internal/streams/readable:394:5)
      at Pipe.onStreamRead (node:internal/stream_base_commons:189:23)
[2m16:51:06[22m [31m[1m[vite][22m[39m [31mInternal server error: Transform failed with 3 errors:
C:/Users/user/Desktop/opencode/frontend/src/pages/Settings.tsx:482:155: ERROR: The character ">" is not valid inside a JSX element
C:/Users/user/Desktop/opencode/frontend/src/pages/Settings.tsx:487:138: ERROR: The character ">" is not valid inside a JSX element
C:/Users/user/Desktop/opencode/frontend/src/pages/Settings.tsx:487:160: ERROR: The character ">" is not valid inside a JSX element[39m
  Plugin: [35mvite:esbuild[39m
  File: [36mC:/Users/user/Desktop/opencode/frontend/src/pages/Settings.tsx[39m:463:123
[33m  
  [33mThe character ">" is not valid inside a JSX element[33m
  480|                    <dt className="font-semibold">Funciona offline?</dt><dd className="text-gray-600 dark:text-gray-400">Sim como PWA instalado - visualiza e cria transacoes offline.</dd>
  481|                    <dt className="font-semibold">Dados somem se trocar de celular?</dt><dd className="text-gray-600 dark:text-gray-400">Nao, tudo na nuvem. So logar no novo dispositivo.</dd>
  482|                    <dt className="font-semibold">Como convido familia?</dt><dd className="text-gray-600 dark:text-gray-400">Master convida em Configuracoes > Usuarios. Papel: Comum ou Admin.</dd>
     |                                                                                                                                                             ^
  483|                    <dt className="font-semibold">Limite de 50 transacoes no Free?</dt><dd className="text-gray-600 dark:text-gray-400">Fica somente leitura. Upgrade libera na hora.</dd>
  484|                    <dt className="font-semibold">Backup no Free?</dt><dd className="text-gray-600 dark:text-gray-400">Nao. Premium: manual. PRO: automatico diario.</dd>
  
  [33mThe character ">" is not valid inside a JSX element[33m
  485|                    <dt className="font-semibold">Sincronizacao bancaria?</dt><dd className="text-gray-600 dark:text-gray-400">Nao na v1. Prevista para 2027 via Open Banking.</dd>
  486|                    <dt className="font-semibold">Reembolso?</dt><dd className="text-gray-600 dark:text-gray-400">So anual nos 7 primeiros dias (CDC Art. 49).</dd>
  487|                    <dt className="font-semibold">LGPD / Exclusao dados?</dt><dd className="text-gray-600 dark:text-gray-400">Configuracoes > Dados e Privacidade > Solicitar exclusao.</dd>
     |                                                                                                                                            ^
  488|                  </dl>
  489|                  <p className="mt-4 text-sm text-gray-500">100+ perguntas no documento completo: FAQ.md</p>
  
  [33mThe character ">" is not valid inside a JSX element[33m
  485|                    <dt className="font-semibold">Sincronizacao bancaria?</dt><dd className="text-gray-600 dark:text-gray-400">Nao na v1. Prevista para 2027 via Open Banking.</dd>
  486|                    <dt className="font-semibold">Reembolso?</dt><dd className="text-gray-600 dark:text-gray-400">So anual nos 7 primeiros dias (CDC Art. 49).</dd>
  487|                    <dt className="font-semibold">LGPD / Exclusao dados?</dt><dd className="text-gray-600 dark:text-gray-400">Configuracoes > Dados e Privacidade > Solicitar exclusao.</dd>
     |                                                                                                                                                                  ^
  488|                  </dl>
  489|                  <p className="mt-4 text-sm text-gray-500">100+ perguntas no documento completo: FAQ.md</p>
  [39m
      at failureErrorWithLog (C:\Users\user\Desktop\opencode\frontend\node_modules\esbuild\lib\main.js:1472:15)
      at C:\Users\user\Desktop\opencode\frontend\node_modules\esbuild\lib\main.js:755:50
      at responseCallbacks.<computed> (C:\Users\user\Desktop\opencode\frontend\node_modules\esbuild\lib\main.js:622:9)
      at handleIncomingPacket (C:\Users\user\Desktop\opencode\frontend\node_modules\esbuild\lib\main.js:677:12)
      at Socket.readFromStdout (C:\Users\user\Desktop\opencode\frontend\node_modules\esbuild\lib\main.js:600:7)
      at Socket.emit (node:events:509:28)
      at addChunk (node:internal/streams/readable:563:12)
      at readableAddChunkPushByteMode (node:internal/streams/readable:514:3)
      at Readable.push (node:internal/streams/readable:394:5)
      at Pipe.onStreamRead (node:internal/stream_base_commons:189:23)
[2m16:51:20[22m [36m[1m[vite][22m[39m [32mhmr update [39m[2m/src/pages/Settings.tsx, /src/index.css[22m
[2m16:51:21[22m [31m[1m[vite][22m[39m Pre-transform error: Transform failed with 3 errors:
C:/Users/user/Desktop/opencode/frontend/src/pages/Settings.tsx:482:155: ERROR: The character ">" is not valid inside a JSX element
C:/Users/user/Desktop/opencode/frontend/src/pages/Settings.tsx:487:138: ERROR: The character ">" is not valid inside a JSX element
C:/Users/user/Desktop/opencode/frontend/src/pages/Settings.tsx:487:160: ERROR: The character ">" is not valid inside a JSX element
[2m16:51:21[22m [31m[1m[vite][22m[39m [31mInternal server error: Transform failed with 3 errors:
C:/Users/user/Desktop/opencode/frontend/src/pages/Settings.tsx:482:155: ERROR: The character ">" is not valid inside a JSX element
C:/Users/user/Desktop/opencode/frontend/src/pages/Settings.tsx:487:138: ERROR: The character ">" is not valid inside a JSX element
C:/Users/user/Desktop/opencode/frontend/src/pages/Settings.tsx:487:160: ERROR: The character ">" is not valid inside a JSX element[39m
  Plugin: [35mvite:esbuild[39m
  File: [36mC:/Users/user/Desktop/opencode/frontend/src/pages/Settings.tsx[39m:463:123
[33m  
  [33mThe character ">" is not valid inside a JSX element[33m
  480|                    <dt className="font-semibold">Funciona offline?</dt><dd className="text-gray-600 dark:text-gray-400">Sim como PWA instalado - visualiza e cria transacoes offline.</dd>
  481|                    <dt className="font-semibold">Dados somem se trocar de celular?</dt><dd className="text-gray-600 dark:text-gray-400">Nao, tudo na nuvem. So logar no novo dispositivo.</dd>
  482|                    <dt className="font-semibold">Como convido familia?</dt><dd className="text-gray-600 dark:text-gray-400">Master convida em Configuracoes > Usuarios. Papel: Comum ou Admin.</dd>
     |                                                                                                                                                             ^
  483|                    <dt className="font-semibold">Limite de 50 transacoes no Free?</dt><dd className="text-gray-600 dark:text-gray-400">Fica somente leitura. Upgrade libera na hora.</dd>
  484|                    <dt className="font-semibold">Backup no Free?</dt><dd className="text-gray-600 dark:text-gray-400">Nao. Premium: manual. PRO: automatico diario.</dd>
  
  [33mThe character ">" is not valid inside a JSX element[33m
  485|                    <dt className="font-semibold">Sincronizacao bancaria?</dt><dd className="text-gray-600 dark:text-gray-400">Nao na v1. Prevista para 2027 via Open Banking.</dd>
  486|                    <dt className="font-semibold">Reembolso?</dt><dd className="text-gray-600 dark:text-gray-400">So anual nos 7 primeiros dias (CDC Art. 49).</dd>
  487|                    <dt className="font-semibold">LGPD / Exclusao dados?</dt><dd className="text-gray-600 dark:text-gray-400">Configuracoes > Dados e Privacidade > Solicitar exclusao.</dd>
     |                                                                                                                                            ^
  488|                  </dl>
  489|                  <p className="mt-4 text-sm text-gray-500">100+ perguntas no documento completo: FAQ.md</p>
  
  [33mThe character ">" is not valid inside a JSX element[33m
  485|                    <dt className="font-semibold">Sincronizacao bancaria?</dt><dd className="text-gray-600 dark:text-gray-400">Nao na v1. Prevista para 2027 via Open Banking.</dd>
  486|                    <dt className="font-semibold">Reembolso?</dt><dd className="text-gray-600 dark:text-gray-400">So anual nos 7 primeiros dias (CDC Art. 49).</dd>
  487|                    <dt className="font-semibold">LGPD / Exclusao dados?</dt><dd className="text-gray-600 dark:text-gray-400">Configuracoes > Dados e Privacidade > Solicitar exclusao.</dd>
     |                                                                                                                                                                  ^
  488|                  </dl>
  489|                  <p className="mt-4 text-sm text-gray-500">100+ perguntas no documento completo: FAQ.md</p>
  [39m
      at failureErrorWithLog (C:\Users\user\Desktop\opencode\frontend\node_modules\esbuild\lib\main.js:1472:15)
      at C:\Users\user\Desktop\opencode\frontend\node_modules\esbuild\lib\main.js:755:50
      at responseCallbacks.<computed> (C:\Users\user\Desktop\opencode\frontend\node_modules\esbuild\lib\main.js:622:9)
      at handleIncomingPacket (C:\Users\user\Desktop\opencode\frontend\node_modules\esbuild\lib\main.js:677:12)
      at Socket.readFromStdout (C:\Users\user\Desktop\opencode\frontend\node_modules\esbuild\lib\main.js:600:7)
      at Socket.emit (node:events:509:28)
      at addChunk (node:internal/streams/readable:563:12)
      at readableAddChunkPushByteMode (node:internal/streams/readable:514:3)
      at Readable.push (node:internal/streams/readable:394:5)
      at Pipe.onStreamRead (node:internal/stream_base_commons:189:23)
[2m16:51:21[22m [31m[1m[vite][22m[39m Pre-transform error: Transform failed with 3 errors:
C:/Users/user/Desktop/opencode/frontend/src/pages/Settings.tsx:482:155: ERROR: The character ">" is not valid inside a JSX element
C:/Users/user/Desktop/opencode/frontend/src/pages/Settings.tsx:487:138: ERROR: The character ">" is not valid inside a JSX element
C:/Users/user/Desktop/opencode/frontend/src/pages/Settings.tsx:487:160: ERROR: The character ">" is not valid inside a JSX element
[2m16:51:21[22m [31m[1m[vite][22m[39m [31mInternal server error: Transform failed with 3 errors:
C:/Users/user/Desktop/opencode/frontend/src/pages/Settings.tsx:482:155: ERROR: The character ">" is not valid inside a JSX element
C:/Users/user/Desktop/opencode/frontend/src/pages/Settings.tsx:487:138: ERROR: The character ">" is not valid inside a JSX element
C:/Users/user/Desktop/opencode/frontend/src/pages/Settings.tsx:487:160: ERROR: The character ">" is not valid inside a JSX element[39m
  Plugin: [35mvite:esbuild[39m
  File: [36mC:/Users/user/Desktop/opencode/frontend/src/pages/Settings.tsx[39m:463:123
[33m  
  [33mThe character ">" is not valid inside a JSX element[33m
  480|                    <dt className="font-semibold">Funciona offline?</dt><dd className="text-gray-600 dark:text-gray-400">Sim como PWA instalado - visualiza e cria transacoes offline.</dd>
  481|                    <dt className="font-semibold">Dados somem se trocar de celular?</dt><dd className="text-gray-600 dark:text-gray-400">Nao, tudo na nuvem. So logar no novo dispositivo.</dd>
  482|                    <dt className="font-semibold">Como convido familia?</dt><dd className="text-gray-600 dark:text-gray-400">Master convida em Configuracoes > Usuarios. Papel: Comum ou Admin.</dd>
     |                                                                                                                                                             ^
  483|                    <dt className="font-semibold">Limite de 50 transacoes no Free?</dt><dd className="text-gray-600 dark:text-gray-400">Fica somente leitura. Upgrade libera na hora.</dd>
  484|                    <dt className="font-semibold">Backup no Free?</dt><dd className="text-gray-600 dark:text-gray-400">Nao. Premium: manual. PRO: automatico diario.</dd>
  
  [33mThe character ">" is not valid inside a JSX element[33m
  485|                    <dt className="font-semibold">Sincronizacao bancaria?</dt><dd className="text-gray-600 dark:text-gray-400">Nao na v1. Prevista para 2027 via Open Banking.</dd>
  486|                    <dt className="font-semibold">Reembolso?</dt><dd className="text-gray-600 dark:text-gray-400">So anual nos 7 primeiros dias (CDC Art. 49).</dd>
  487|                    <dt className="font-semibold">LGPD / Exclusao dados?</dt><dd className="text-gray-600 dark:text-gray-400">Configuracoes > Dados e Privacidade > Solicitar exclusao.</dd>
     |                                                                                                                                            ^
  488|                  </dl>
  489|                  <p className="mt-4 text-sm text-gray-500">100+ perguntas no documento completo: FAQ.md</p>
  
  [33mThe character ">" is not valid inside a JSX element[33m
  485|                    <dt className="font-semibold">Sincronizacao bancaria?</dt><dd className="text-gray-600 dark:text-gray-400">Nao na v1. Prevista para 2027 via Open Banking.</dd>
  486|                    <dt className="font-semibold">Reembolso?</dt><dd className="text-gray-600 dark:text-gray-400">So anual nos 7 primeiros dias (CDC Art. 49).</dd>
  487|                    <dt className="font-semibold">LGPD / Exclusao dados?</dt><dd className="text-gray-600 dark:text-gray-400">Configuracoes > Dados e Privacidade > Solicitar exclusao.</dd>
     |                                                                                                                                                                  ^
  488|                  </dl>
  489|                  <p className="mt-4 text-sm text-gray-500">100+ perguntas no documento completo: FAQ.md</p>
  [39m
      at failureErrorWithLog (C:\Users\user\Desktop\opencode\frontend\node_modules\esbuild\lib\main.js:1472:15)
      at C:\Users\user\Desktop\opencode\frontend\node_modules\esbuild\lib\main.js:755:50
      at responseCallbacks.<computed> (C:\Users\user\Desktop\opencode\frontend\node_modules\esbuild\lib\main.js:622:9)
      at handleIncomingPacket (C:\Users\user\Desktop\opencode\frontend\node_modules\esbuild\lib\main.js:677:12)
      at Socket.readFromStdout (C:\Users\user\Desktop\opencode\frontend\node_modules\esbuild\lib\main.js:600:7)
      at Socket.emit (node:events:509:28)
      at addChunk (node:internal/streams/readable:563:12)
      at readableAddChunkPushByteMode (node:internal/streams/readable:514:3)
      at Readable.push (node:internal/streams/readable:394:5)
      at Pipe.onStreamRead (node:internal/stream_base_commons:189:23)
[2m16:51:21[22m [31m[1m[vite][22m[39m [31mInternal server error: Transform failed with 3 errors:
C:/Users/user/Desktop/opencode/frontend/src/pages/Settings.tsx:482:155: ERROR: The character ">" is not valid inside a JSX element
C:/Users/user/Desktop/opencode/frontend/src/pages/Settings.tsx:487:138: ERROR: The character ">" is not valid inside a JSX element
C:/Users/user/Desktop/opencode/frontend/src/pages/Settings.tsx:487:160: ERROR: The character ">" is not valid inside a JSX element[39m
  Plugin: [35mvite:esbuild[39m
  File: [36mC:/Users/user/Desktop/opencode/frontend/src/pages/Settings.tsx[39m:463:123
[33m  
  [33mThe character ">" is not valid inside a JSX element[33m
  480|                    <dt className="font-semibold">Funciona offline?</dt><dd className="text-gray-600 dark:text-gray-400">Sim como PWA instalado - visualiza e cria transacoes offline.</dd>
  481|                    <dt className="font-semibold">Dados somem se trocar de celular?</dt><dd className="text-gray-600 dark:text-gray-400">Nao, tudo na nuvem. So logar no novo dispositivo.</dd>
  482|                    <dt className="font-semibold">Como convido familia?</dt><dd className="text-gray-600 dark:text-gray-400">Master convida em Configuracoes > Usuarios. Papel: Comum ou Admin.</dd>
     |                                                                                                                                                             ^
  483|                    <dt className="font-semibold">Limite de 50 transacoes no Free?</dt><dd className="text-gray-600 dark:text-gray-400">Fica somente leitura. Upgrade libera na hora.</dd>
  484|                    <dt className="font-semibold">Backup no Free?</dt><dd className="text-gray-600 dark:text-gray-400">Nao. Premium: manual. PRO: automatico diario.</dd>
  
  [33mThe character ">" is not valid inside a JSX element[33m
  485|                    <dt className="font-semibold">Sincronizacao bancaria?</dt><dd className="text-gray-600 dark:text-gray-400">Nao na v1. Prevista para 2027 via Open Banking.</dd>
  486|                    <dt className="font-semibold">Reembolso?</dt><dd className="text-gray-600 dark:text-gray-400">So anual nos 7 primeiros dias (CDC Art. 49).</dd>
  487|                    <dt className="font-semibold">LGPD / Exclusao dados?</dt><dd className="text-gray-600 dark:text-gray-400">Configuracoes > Dados e Privacidade > Solicitar exclusao.</dd>
     |                                                                                                                                            ^
  488|                  </dl>
  489|                  <p className="mt-4 text-sm text-gray-500">100+ perguntas no documento completo: FAQ.md</p>
  
  [33mThe character ">" is not valid inside a JSX element[33m
  485|                    <dt className="font-semibold">Sincronizacao bancaria?</dt><dd className="text-gray-600 dark:text-gray-400">Nao na v1. Prevista para 2027 via Open Banking.</dd>
  486|                    <dt className="font-semibold">Reembolso?</dt><dd className="text-gray-600 dark:text-gray-400">So anual nos 7 primeiros dias (CDC Art. 49).</dd>
  487|                    <dt className="font-semibold">LGPD / Exclusao dados?</dt><dd className="text-gray-600 dark:text-gray-400">Configuracoes > Dados e Privacidade > Solicitar exclusao.</dd>
     |                                                                                                                                                                  ^
  488|                  </dl>
  489|                  <p className="mt-4 text-sm text-gray-500">100+ perguntas no documento completo: FAQ.md</p>
  [39m
      at failureErrorWithLog (C:\Users\user\Desktop\opencode\frontend\node_modules\esbuild\lib\main.js:1472:15)
      at C:\Users\user\Desktop\opencode\frontend\node_modules\esbuild\lib\main.js:755:50
      at responseCallbacks.<computed> (C:\Users\user\Desktop\opencode\frontend\node_modules\esbuild\lib\main.js:622:9)
      at handleIncomingPacket (C:\Users\user\Desktop\opencode\frontend\node_modules\esbuild\lib\main.js:677:12)
      at Socket.readFromStdout (C:\Users\user\Desktop\opencode\frontend\node_modules\esbuild\lib\main.js:600:7)
      at Socket.emit (node:events:509:28)
      at addChunk (node:internal/streams/readable:563:12)
      at readableAddChunkPushByteMode (node:internal/streams/readable:514:3)
      at Readable.push (node:internal/streams/readable:394:5)
      at Pipe.onStreamRead (node:internal/stream_base_commons:189:23)
[2m16:53:17[22m [36m[1m[vite][22m[39m [32mhmr update [39m[2m/src/pages/Settings.tsx, /src/index.css[22m
[2m16:53:17[22m [31m[1m[vite][22m[39m [31mInternal server error: Transform failed with 3 errors:
C:/Users/user/Desktop/opencode/frontend/src/pages/Settings.tsx:482:155: ERROR: The character ">" is not valid inside a JSX element
C:/Users/user/Desktop/opencode/frontend/src/pages/Settings.tsx:487:138: ERROR: The character ">" is not valid inside a JSX element
C:/Users/user/Desktop/opencode/frontend/src/pages/Settings.tsx:487:160: ERROR: The character ">" is not valid inside a JSX element[39m
  Plugin: [35mvite:esbuild[39m
  File: [36mC:/Users/user/Desktop/opencode/frontend/src/pages/Settings.tsx[39m:463:123
[33m  
  [33mThe character ">" is not valid inside a JSX element[33m
  480|                    <dt className="font-semibold">Funciona offline?</dt><dd className="text-gray-600 dark:text-gray-400">Sim como PWA instalado - visualiza e cria transacoes offline.</dd>
  481|                    <dt className="font-semibold">Dados somem se trocar de celular?</dt><dd className="text-gray-600 dark:text-gray-400">Nao, tudo na nuvem. So logar no novo dispositivo.</dd>
  482|                    <dt className="font-semibold">Como convido familia?</dt><dd className="text-gray-600 dark:text-gray-400">Master convida em Configuracoes > Usuarios. Papel: Comum ou Admin.</dd>
     |                                                                                                                                                             ^
  483|                    <dt className="font-semibold">Limite de 50 transacoes no Free?</dt><dd className="text-gray-600 dark:text-gray-400">Fica somente leitura. Upgrade libera na hora.</dd>
  484|                    <dt className="font-semibold">Backup no Free?</dt><dd className="text-gray-600 dark:text-gray-400">Nao. Premium: manual. PRO: automatico diario.</dd>
  
  [33mThe character ">" is not valid inside a JSX element[33m
  485|                    <dt className="font-semibold">Sincronizacao bancaria?</dt><dd className="text-gray-600 dark:text-gray-400">Nao na v1. Prevista para 2027 via Open Banking.</dd>
  486|                    <dt className="font-semibold">Reembolso?</dt><dd className="text-gray-600 dark:text-gray-400">So anual nos 7 primeiros dias (CDC Art. 49).</dd>
  487|                    <dt className="font-semibold">LGPD / Exclusao dados?</dt><dd className="text-gray-600 dark:text-gray-400">Configuracoes > Dados e Privacidade > Solicitar exclusao.</dd>
     |                                                                                                                                            ^
  488|                  </dl>
  489|                  <p className="mt-4 text-sm text-gray-500">100+ perguntas no documento completo: FAQ.md</p>
  
  [33mThe character ">" is not valid inside a JSX element[33m
  485|                    <dt className="font-semibold">Sincronizacao bancaria?</dt><dd className="text-gray-600 dark:text-gray-400">Nao na v1. Prevista para 2027 via Open Banking.</dd>
  486|                    <dt className="font-semibold">Reembolso?</dt><dd className="text-gray-600 dark:text-gray-400">So anual nos 7 primeiros dias (CDC Art. 49).</dd>
  487|                    <dt className="font-semibold">LGPD / Exclusao dados?</dt><dd className="text-gray-600 dark:text-gray-400">Configuracoes > Dados e Privacidade > Solicitar exclusao.</dd>
     |                                                                                                                                                                  ^
  488|                  </dl>
  489|                  <p className="mt-4 text-sm text-gray-500">100+ perguntas no documento completo: FAQ.md</p>
  [39m
      at failureErrorWithLog (C:\Users\user\Desktop\opencode\frontend\node_modules\esbuild\lib\main.js:1472:15)
      at C:\Users\user\Desktop\opencode\frontend\node_modules\esbuild\lib\main.js:755:50
      at responseCallbacks.<computed> (C:\Users\user\Desktop\opencode\frontend\node_modules\esbuild\lib\main.js:622:9)
      at handleIncomingPacket (C:\Users\user\Desktop\opencode\frontend\node_modules\esbuild\lib\main.js:677:12)
      at Socket.readFromStdout (C:\Users\user\Desktop\opencode\frontend\node_modules\esbuild\lib\main.js:600:7)
      at Socket.emit (node:events:509:28)
      at addChunk (node:internal/streams/readable:563:12)
      at readableAddChunkPushByteMode (node:internal/streams/readable:514:3)
      at Readable.push (node:internal/streams/readable:394:5)
      at Pipe.onStreamRead (node:internal/stream_base_commons:189:23)
[2m16:53:17[22m [31m[1m[vite][22m[39m [31mInternal server error: Transform failed with 3 errors:
C:/Users/user/Desktop/opencode/frontend/src/pages/Settings.tsx:482:155: ERROR: The character ">" is not valid inside a JSX element
C:/Users/user/Desktop/opencode/frontend/src/pages/Settings.tsx:487:138: ERROR: The character ">" is not valid inside a JSX element
C:/Users/user/Desktop/opencode/frontend/src/pages/Settings.tsx:487:160: ERROR: The character ">" is not valid inside a JSX element[39m
  Plugin: [35mvite:esbuild[39m
  File: [36mC:/Users/user/Desktop/opencode/frontend/src/pages/Settings.tsx[39m:463:123
[33m  
  [33mThe character ">" is not valid inside a JSX element[33m
  480|                    <dt className="font-semibold">Funciona offline?</dt><dd className="text-gray-600 dark:text-gray-400">Sim como PWA instalado - visualiza e cria transacoes offline.</dd>
  481|                    <dt className="font-semibold">Dados somem se trocar de celular?</dt><dd className="text-gray-600 dark:text-gray-400">Nao, tudo na nuvem. So logar no novo dispositivo.</dd>
  482|                    <dt className="font-semibold">Como convido familia?</dt><dd className="text-gray-600 dark:text-gray-400">Master convida em Configuracoes > Usuarios. Papel: Comum ou Admin.</dd>
     |                                                                                                                                                             ^
  483|                    <dt className="font-semibold">Limite de 50 transacoes no Free?</dt><dd className="text-gray-600 dark:text-gray-400">Fica somente leitura. Upgrade libera na hora.</dd>
  484|                    <dt className="font-semibold">Backup no Free?</dt><dd className="text-gray-600 dark:text-gray-400">Nao. Premium: manual. PRO: automatico diario.</dd>
  
  [33mThe character ">" is not valid inside a JSX element[33m
  485|                    <dt className="font-semibold">Sincronizacao bancaria?</dt><dd className="text-gray-600 dark:text-gray-400">Nao na v1. Prevista para 2027 via Open Banking.</dd>
  486|                    <dt className="font-semibold">Reembolso?</dt><dd className="text-gray-600 dark:text-gray-400">So anual nos 7 primeiros dias (CDC Art. 49).</dd>
  487|                    <dt className="font-semibold">LGPD / Exclusao dados?</dt><dd className="text-gray-600 dark:text-gray-400">Configuracoes > Dados e Privacidade > Solicitar exclusao.</dd>
     |                                                                                                                                            ^
  488|                  </dl>
  489|                  <p className="mt-4 text-sm text-gray-500">100+ perguntas no documento completo: FAQ.md</p>
  
  [33mThe character ">" is not valid inside a JSX element[33m
  485|                    <dt className="font-semibold">Sincronizacao bancaria?</dt><dd className="text-gray-600 dark:text-gray-400">Nao na v1. Prevista para 2027 via Open Banking.</dd>
  486|                    <dt className="font-semibold">Reembolso?</dt><dd className="text-gray-600 dark:text-gray-400">So anual nos 7 primeiros dias (CDC Art. 49).</dd>
  487|                    <dt className="font-semibold">LGPD / Exclusao dados?</dt><dd className="text-gray-600 dark:text-gray-400">Configuracoes > Dados e Privacidade > Solicitar exclusao.</dd>
     |                                                                                                                                                                  ^
  488|                  </dl>
  489|                  <p className="mt-4 text-sm text-gray-500">100+ perguntas no documento completo: FAQ.md</p>
  [39m
      at failureErrorWithLog (C:\Users\user\Desktop\opencode\frontend\node_modules\esbuild\lib\main.js:1472:15)
      at C:\Users\user\Desktop\opencode\frontend\node_modules\esbuild\lib\main.js:755:50
      at responseCallbacks.<computed> (C:\Users\user\Desktop\opencode\frontend\node_modules\esbuild\lib\main.js:622:9)
      at handleIncomingPacket (C:\Users\user\Desktop\opencode\frontend\node_modules\esbuild\lib\main.js:677:12)
      at Socket.readFromStdout (C:\Users\user\Desktop\opencode\frontend\node_modules\esbuild\lib\main.js:600:7)
      at Socket.emit (node:events:509:28)
      at addChunk (node:internal/streams/readable:563:12)
      at readableAddChunkPushByteMode (node:internal/streams/readable:514:3)
      at Readable.push (node:internal/streams/readable:394:5)
      at Pipe.onStreamRead (node:internal/stream_base_commons:189:23)
[2m16:58:21[22m [31m[1m[vite][22m[39m Pre-transform error: Transform failed with 3 errors:
C:/Users/user/Desktop/opencode/frontend/src/pages/Settings.tsx:482:155: ERROR: The character ">" is not valid inside a JSX element
C:/Users/user/Desktop/opencode/frontend/src/pages/Settings.tsx:487:138: ERROR: The character ">" is not valid inside a JSX element
C:/Users/user/Desktop/opencode/frontend/src/pages/Settings.tsx:487:160: ERROR: The character ">" is not valid inside a JSX element
[2m16:58:21[22m [31m[1m[vite][22m[39m Pre-transform error: Transform failed with 3 errors:
C:/Users/user/Desktop/opencode/frontend/src/pages/Settings.tsx:482:155: ERROR: The character ">" is not valid inside a JSX element
C:/Users/user/Desktop/opencode/frontend/src/pages/Settings.tsx:487:138: ERROR: The character ">" is not valid inside a JSX element
C:/Users/user/Desktop/opencode/frontend/src/pages/Settings.tsx:487:160: ERROR: The character ">" is not valid inside a JSX element
[2m16:58:21[22m [31m[1m[vite][22m[39m [31mInternal server error: Transform failed with 3 errors:
C:/Users/user/Desktop/opencode/frontend/src/pages/Settings.tsx:482:155: ERROR: The character ">" is not valid inside a JSX element
C:/Users/user/Desktop/opencode/frontend/src/pages/Settings.tsx:487:138: ERROR: The character ">" is not valid inside a JSX element
C:/Users/user/Desktop/opencode/frontend/src/pages/Settings.tsx:487:160: ERROR: The character ">" is not valid inside a JSX element[39m
  Plugin: [35mvite:esbuild[39m
  File: [36mC:/Users/user/Desktop/opencode/frontend/src/pages/Settings.tsx[39m:463:123
[33m  
  [33mThe character ">" is not valid inside a JSX element[33m
  480|                    <dt className="font-semibold">Funciona offline?</dt><dd className="text-gray-600 dark:text-gray-400">Sim como PWA instalado - visualiza e cria transacoes offline.</dd>
  481|                    <dt className="font-semibold">Dados somem se trocar de celular?</dt><dd className="text-gray-600 dark:text-gray-400">Nao, tudo na nuvem. So logar no novo dispositivo.</dd>
  482|                    <dt className="font-semibold">Como convido familia?</dt><dd className="text-gray-600 dark:text-gray-400">Master convida em Configuracoes > Usuarios. Papel: Comum ou Admin.</dd>
     |                                                                                                                                                             ^
  483|                    <dt className="font-semibold">Limite de 50 transacoes no Free?</dt><dd className="text-gray-600 dark:text-gray-400">Fica somente leitura. Upgrade libera na hora.</dd>
  484|                    <dt className="font-semibold">Backup no Free?</dt><dd className="text-gray-600 dark:text-gray-400">Nao. Premium: manual. PRO: automatico diario.</dd>
  
  [33mThe character ">" is not valid inside a JSX element[33m
  485|                    <dt className="font-semibold">Sincronizacao bancaria?</dt><dd className="text-gray-600 dark:text-gray-400">Nao na v1. Prevista para 2027 via Open Banking.</dd>
  486|                    <dt className="font-semibold">Reembolso?</dt><dd className="text-gray-600 dark:text-gray-400">So anual nos 7 primeiros dias (CDC Art. 49).</dd>
  487|                    <dt className="font-semibold">LGPD / Exclusao dados?</dt><dd className="text-gray-600 dark:text-gray-400">Configuracoes > Dados e Privacidade > Solicitar exclusao.</dd>
     |                                                                                                                                            ^
  488|                  </dl>
  489|                  <p className="mt-4 text-sm text-gray-500">100+ perguntas no documento completo: FAQ.md</p>
  
  [33mThe character ">" is not valid inside a JSX element[33m
  485|                    <dt className="font-semibold">Sincronizacao bancaria?</dt><dd className="text-gray-600 dark:text-gray-400">Nao na v1. Prevista para 2027 via Open Banking.</dd>
  486|                    <dt className="font-semibold">Reembolso?</dt><dd className="text-gray-600 dark:text-gray-400">So anual nos 7 primeiros dias (CDC Art. 49).</dd>
  487|                    <dt className="font-semibold">LGPD / Exclusao dados?</dt><dd className="text-gray-600 dark:text-gray-400">Configuracoes > Dados e Privacidade > Solicitar exclusao.</dd>
     |                                                                                                                                                                  ^
  488|                  </dl>
  489|                  <p className="mt-4 text-sm text-gray-500">100+ perguntas no documento completo: FAQ.md</p>
  [39m
      at failureErrorWithLog (C:\Users\user\Desktop\opencode\frontend\node_modules\esbuild\lib\main.js:1472:15)
      at C:\Users\user\Desktop\opencode\frontend\node_modules\esbuild\lib\main.js:755:50
      at responseCallbacks.<computed> (C:\Users\user\Desktop\opencode\frontend\node_modules\esbuild\lib\main.js:622:9)
      at handleIncomingPacket (C:\Users\user\Desktop\opencode\frontend\node_modules\esbuild\lib\main.js:677:12)
      at Socket.readFromStdout (C:\Users\user\Desktop\opencode\frontend\node_modules\esbuild\lib\main.js:600:7)
      at Socket.emit (node:events:509:28)
      at addChunk (node:internal/streams/readable:563:12)
      at readableAddChunkPushByteMode (node:internal/streams/readable:514:3)
      at Readable.push (node:internal/streams/readable:394:5)
      at Pipe.onStreamRead (node:internal/stream_base_commons:189:23)
[2m17:16:50[22m [31m[1m[vite][22m[39m [31mInternal server error: Transform failed with 3 errors:
C:/Users/user/Desktop/opencode/frontend/src/pages/Settings.tsx:482:155: ERROR: The character ">" is not valid inside a JSX element
C:/Users/user/Desktop/opencode/frontend/src/pages/Settings.tsx:487:138: ERROR: The character ">" is not valid inside a JSX element
C:/Users/user/Desktop/opencode/frontend/src/pages/Settings.tsx:487:160: ERROR: The character ">" is not valid inside a JSX element[39m
  Plugin: [35mvite:esbuild[39m
  File: [36mC:/Users/user/Desktop/opencode/frontend/src/pages/Settings.tsx[39m:463:123
[33m  
  [33mThe character ">" is not valid inside a JSX element[33m
  480|                    <dt className="font-semibold">Funciona offline?</dt><dd className="text-gray-600 dark:text-gray-400">Sim como PWA instalado - visualiza e cria transacoes offline.</dd>
  481|                    <dt className="font-semibold">Dados somem se trocar de celular?</dt><dd className="text-gray-600 dark:text-gray-400">Nao, tudo na nuvem. So logar no novo dispositivo.</dd>
  482|                    <dt className="font-semibold">Como convido familia?</dt><dd className="text-gray-600 dark:text-gray-400">Master convida em Configuracoes > Usuarios. Papel: Comum ou Admin.</dd>
     |                                                                                                                                                             ^
  483|                    <dt className="font-semibold">Limite de 50 transacoes no Free?</dt><dd className="text-gray-600 dark:text-gray-400">Fica somente leitura. Upgrade libera na hora.</dd>
  484|                    <dt className="font-semibold">Backup no Free?</dt><dd className="text-gray-600 dark:text-gray-400">Nao. Premium: manual. PRO: automatico diario.</dd>
  
  [33mThe character ">" is not valid inside a JSX element[33m
  485|                    <dt className="font-semibold">Sincronizacao bancaria?</dt><dd className="text-gray-600 dark:text-gray-400">Nao na v1. Prevista para 2027 via Open Banking.</dd>
  486|                    <dt className="font-semibold">Reembolso?</dt><dd className="text-gray-600 dark:text-gray-400">So anual nos 7 primeiros dias (CDC Art. 49).</dd>
  487|                    <dt className="font-semibold">LGPD / Exclusao dados?</dt><dd className="text-gray-600 dark:text-gray-400">Configuracoes > Dados e Privacidade > Solicitar exclusao.</dd>
     |                                                                                                                                            ^
  488|                  </dl>
  489|                  <p className="mt-4 text-sm text-gray-500">100+ perguntas no documento completo: FAQ.md</p>
  
  [33mThe character ">" is not valid inside a JSX element[33m
  485|                    <dt className="font-semibold">Sincronizacao bancaria?</dt><dd className="text-gray-600 dark:text-gray-400">Nao na v1. Prevista para 2027 via Open Banking.</dd>
  486|                    <dt className="font-semibold">Reembolso?</dt><dd className="text-gray-600 dark:text-gray-400">So anual nos 7 primeiros dias (CDC Art. 49).</dd>
  487|                    <dt className="font-semibold">LGPD / Exclusao dados?</dt><dd className="text-gray-600 dark:text-gray-400">Configuracoes > Dados e Privacidade > Solicitar exclusao.</dd>
     |                                                                                                                                                                  ^
  488|                  </dl>
  489|                  <p className="mt-4 text-sm text-gray-500">100+ perguntas no documento completo: FAQ.md</p>
  [39m
      at failureErrorWithLog (C:\Users\user\Desktop\opencode\frontend\node_modules\esbuild\lib\main.js:1472:15)
      at C:\Users\user\Desktop\opencode\frontend\node_modules\esbuild\lib\main.js:755:50
      at responseCallbacks.<computed> (C:\Users\user\Desktop\opencode\frontend\node_modules\esbuild\lib\main.js:622:9)
      at handleIncomingPacket (C:\Users\user\Desktop\opencode\frontend\node_modules\esbuild\lib\main.js:677:12)
      at Socket.readFromStdout (C:\Users\user\Desktop\opencode\frontend\node_modules\esbuild\lib\main.js:600:7)
      at Socket.emit (node:events:509:28)
      at addChunk (node:internal/streams/readable:563:12)
      at readableAddChunkPushByteMode (node:internal/streams/readable:514:3)
      at Readable.push (node:internal/streams/readable:394:5)
      at Pipe.onStreamRead (node:internal/stream_base_commons:189:23)
[2m17:18:25[22m [31m[1m[vite][22m[39m [31mInternal server error: Transform failed with 3 errors:
C:/Users/user/Desktop/opencode/frontend/src/pages/Settings.tsx:482:155: ERROR: The character ">" is not valid inside a JSX element
C:/Users/user/Desktop/opencode/frontend/src/pages/Settings.tsx:487:138: ERROR: The character ">" is not valid inside a JSX element
C:/Users/user/Desktop/opencode/frontend/src/pages/Settings.tsx:487:160: ERROR: The character ">" is not valid inside a JSX element[39m
  Plugin: [35mvite:esbuild[39m
  File: [36mC:/Users/user/Desktop/opencode/frontend/src/pages/Settings.tsx[39m:463:123
[33m  
  [33mThe character ">" is not valid inside a JSX element[33m
  480|                    <dt className="font-semibold">Funciona offline?</dt><dd className="text-gray-600 dark:text-gray-400">Sim como PWA instalado - visualiza e cria transacoes offline.</dd>
  481|                    <dt className="font-semibold">Dados somem se trocar de celular?</dt><dd className="text-gray-600 dark:text-gray-400">Nao, tudo na nuvem. So logar no novo dispositivo.</dd>
  482|                    <dt className="font-semibold">Como convido familia?</dt><dd className="text-gray-600 dark:text-gray-400">Master convida em Configuracoes > Usuarios. Papel: Comum ou Admin.</dd>
     |                                                                                                                                                             ^
  483|                    <dt className="font-semibold">Limite de 50 transacoes no Free?</dt><dd className="text-gray-600 dark:text-gray-400">Fica somente leitura. Upgrade libera na hora.</dd>
  484|                    <dt className="font-semibold">Backup no Free?</dt><dd className="text-gray-600 dark:text-gray-400">Nao. Premium: manual. PRO: automatico diario.</dd>
  
  [33mThe character ">" is not valid inside a JSX element[33m
  485|                    <dt className="font-semibold">Sincronizacao bancaria?</dt><dd className="text-gray-600 dark:text-gray-400">Nao na v1. Prevista para 2027 via Open Banking.</dd>
  486|                    <dt className="font-semibold">Reembolso?</dt><dd className="text-gray-600 dark:text-gray-400">So anual nos 7 primeiros dias (CDC Art. 49).</dd>
  487|                    <dt className="font-semibold">LGPD / Exclusao dados?</dt><dd className="text-gray-600 dark:text-gray-400">Configuracoes > Dados e Privacidade > Solicitar exclusao.</dd>
     |                                                                                                                                            ^
  488|                  </dl>
  489|                  <p className="mt-4 text-sm text-gray-500">100+ perguntas no documento completo: FAQ.md</p>
  
  [33mThe character ">" is not valid inside a JSX element[33m
  485|                    <dt className="font-semibold">Sincronizacao bancaria?</dt><dd className="text-gray-600 dark:text-gray-400">Nao na v1. Prevista para 2027 via Open Banking.</dd>
  486|                    <dt className="font-semibold">Reembolso?</dt><dd className="text-gray-600 dark:text-gray-400">So anual nos 7 primeiros dias (CDC Art. 49).</dd>
  487|                    <dt className="font-semibold">LGPD / Exclusao dados?</dt><dd className="text-gray-600 dark:text-gray-400">Configuracoes > Dados e Privacidade > Solicitar exclusao.</dd>
     |                                                                                                                                                                  ^
  488|                  </dl>
  489|                  <p className="mt-4 text-sm text-gray-500">100+ perguntas no documento completo: FAQ.md</p>
  [39m
      at failureErrorWithLog (C:\Users\user\Desktop\opencode\frontend\node_modules\esbuild\lib\main.js:1472:15)
      at C:\Users\user\Desktop\opencode\frontend\node_modules\esbuild\lib\main.js:755:50
      at responseCallbacks.<computed> (C:\Users\user\Desktop\opencode\frontend\node_modules\esbuild\lib\main.js:622:9)
      at handleIncomingPacket (C:\Users\user\Desktop\opencode\frontend\node_modules\esbuild\lib\main.js:677:12)
      at Socket.readFromStdout (C:\Users\user\Desktop\opencode\frontend\node_modules\esbuild\lib\main.js:600:7)
      at Socket.emit (node:events:509:28)
      at addChunk (node:internal/streams/readable:563:12)
      at readableAddChunkPushByteMode (node:internal/streams/readable:514:3)
      at Readable.push (node:internal/streams/readable:394:5)
      at Pipe.onStreamRead (node:internal/stream_base_commons:189:23)
[2m17:18:30[22m [31m[1m[vite][22m[39m [31mInternal server error: Transform failed with 3 errors:
C:/Users/user/Desktop/opencode/frontend/src/pages/Settings.tsx:482:155: ERROR: The character ">" is not valid inside a JSX element
C:/Users/user/Desktop/opencode/frontend/src/pages/Settings.tsx:487:138: ERROR: The character ">" is not valid inside a JSX element
C:/Users/user/Desktop/opencode/frontend/src/pages/Settings.tsx:487:160: ERROR: The character ">" is not valid inside a JSX element[39m
  Plugin: [35mvite:esbuild[39m
  File: [36mC:/Users/user/Desktop/opencode/frontend/src/pages/Settings.tsx[39m:463:123
[33m  
  [33mThe character ">" is not valid inside a JSX element[33m
  480|                    <dt className="font-semibold">Funciona offline?</dt><dd className="text-gray-600 dark:text-gray-400">Sim como PWA instalado - visualiza e cria transacoes offline.</dd>
  481|                    <dt className="font-semibold">Dados somem se trocar de celular?</dt><dd className="text-gray-600 dark:text-gray-400">Nao, tudo na nuvem. So logar no novo dispositivo.</dd>
  482|                    <dt className="font-semibold">Como convido familia?</dt><dd className="text-gray-600 dark:text-gray-400">Master convida em Configuracoes > Usuarios. Papel: Comum ou Admin.</dd>
     |                                                                                                                                                             ^
  483|                    <dt className="font-semibold">Limite de 50 transacoes no Free?</dt><dd className="text-gray-600 dark:text-gray-400">Fica somente leitura. Upgrade libera na hora.</dd>
  484|                    <dt className="font-semibold">Backup no Free?</dt><dd className="text-gray-600 dark:text-gray-400">Nao. Premium: manual. PRO: automatico diario.</dd>
  
  [33mThe character ">" is not valid inside a JSX element[33m
  485|                    <dt className="font-semibold">Sincronizacao bancaria?</dt><dd className="text-gray-600 dark:text-gray-400">Nao na v1. Prevista para 2027 via Open Banking.</dd>
  486|                    <dt className="font-semibold">Reembolso?</dt><dd className="text-gray-600 dark:text-gray-400">So anual nos 7 primeiros dias (CDC Art. 49).</dd>
  487|                    <dt className="font-semibold">LGPD / Exclusao dados?</dt><dd className="text-gray-600 dark:text-gray-400">Configuracoes > Dados e Privacidade > Solicitar exclusao.</dd>
     |                                                                                                                                            ^
  488|                  </dl>
  489|                  <p className="mt-4 text-sm text-gray-500">100+ perguntas no documento completo: FAQ.md</p>
  
  [33mThe character ">" is not valid inside a JSX element[33m
  485|                    <dt className="font-semibold">Sincronizacao bancaria?</dt><dd className="text-gray-600 dark:text-gray-400">Nao na v1. Prevista para 2027 via Open Banking.</dd>
  486|                    <dt className="font-semibold">Reembolso?</dt><dd className="text-gray-600 dark:text-gray-400">So anual nos 7 primeiros dias (CDC Art. 49).</dd>
  487|                    <dt className="font-semibold">LGPD / Exclusao dados?</dt><dd className="text-gray-600 dark:text-gray-400">Configuracoes > Dados e Privacidade > Solicitar exclusao.</dd>
     |                                                                                                                                                                  ^
  488|                  </dl>
  489|                  <p className="mt-4 text-sm text-gray-500">100+ perguntas no documento completo: FAQ.md</p>
  [39m
      at failureErrorWithLog (C:\Users\user\Desktop\opencode\frontend\node_modules\esbuild\lib\main.js:1472:15)
      at C:\Users\user\Desktop\opencode\frontend\node_modules\esbuild\lib\main.js:755:50
      at responseCallbacks.<computed> (C:\Users\user\Desktop\opencode\frontend\node_modules\esbuild\lib\main.js:622:9)
      at handleIncomingPacket (C:\Users\user\Desktop\opencode\frontend\node_modules\esbuild\lib\main.js:677:12)
      at Socket.readFromStdout (C:\Users\user\Desktop\opencode\frontend\node_modules\esbuild\lib\main.js:600:7)
      at Socket.emit (node:events:509:28)
      at addChunk (node:internal/streams/readable:563:12)
      at readableAddChunkPushByteMode (node:internal/streams/readable:514:3)
      at Readable.push (node:internal/streams/readable:394:5)
      at Pipe.onStreamRead (node:internal/stream_base_commons:189:23)
[2m17:36:06[22m [31m[1m[vite][22m[39m [31mInternal server error: Transform failed with 3 errors:
C:/Users/user/Desktop/opencode/frontend/src/pages/Settings.tsx:482:155: ERROR: The character ">" is not valid inside a JSX element
C:/Users/user/Desktop/opencode/frontend/src/pages/Settings.tsx:487:138: ERROR: The character ">" is not valid inside a JSX element
C:/Users/user/Desktop/opencode/frontend/src/pages/Settings.tsx:487:160: ERROR: The character ">" is not valid inside a JSX element[39m
  Plugin: [35mvite:esbuild[39m
  File: [36mC:/Users/user/Desktop/opencode/frontend/src/pages/Settings.tsx[39m:463:123
[33m  
  [33mThe character ">" is not valid inside a JSX element[33m
  480|                    <dt className="font-semibold">Funciona offline?</dt><dd className="text-gray-600 dark:text-gray-400">Sim como PWA instalado - visualiza e cria transacoes offline.</dd>
  481|                    <dt className="font-semibold">Dados somem se trocar de celular?</dt><dd className="text-gray-600 dark:text-gray-400">Nao, tudo na nuvem. So logar no novo dispositivo.</dd>
  482|                    <dt className="font-semibold">Como convido familia?</dt><dd className="text-gray-600 dark:text-gray-400">Master convida em Configuracoes > Usuarios. Papel: Comum ou Admin.</dd>
     |                                                                                                                                                             ^
  483|                    <dt className="font-semibold">Limite de 50 transacoes no Free?</dt><dd className="text-gray-600 dark:text-gray-400">Fica somente leitura. Upgrade libera na hora.</dd>
  484|                    <dt className="font-semibold">Backup no Free?</dt><dd className="text-gray-600 dark:text-gray-400">Nao. Premium: manual. PRO: automatico diario.</dd>
  
  [33mThe character ">" is not valid inside a JSX element[33m
  485|                    <dt className="font-semibold">Sincronizacao bancaria?</dt><dd className="text-gray-600 dark:text-gray-400">Nao na v1. Prevista para 2027 via Open Banking.</dd>
  486|                    <dt className="font-semibold">Reembolso?</dt><dd className="text-gray-600 dark:text-gray-400">So anual nos 7 primeiros dias (CDC Art. 49).</dd>
  487|                    <dt className="font-semibold">LGPD / Exclusao dados?</dt><dd className="text-gray-600 dark:text-gray-400">Configuracoes > Dados e Privacidade > Solicitar exclusao.</dd>
     |                                                                                                                                            ^
  488|                  </dl>
  489|                  <p className="mt-4 text-sm text-gray-500">100+ perguntas no documento completo: FAQ.md</p>
  
  [33mThe character ">" is not valid inside a JSX element[33m
  485|                    <dt className="font-semibold">Sincronizacao bancaria?</dt><dd className="text-gray-600 dark:text-gray-400">Nao na v1. Prevista para 2027 via Open Banking.</dd>
  486|                    <dt className="font-semibold">Reembolso?</dt><dd className="text-gray-600 dark:text-gray-400">So anual nos 7 primeiros dias (CDC Art. 49).</dd>
  487|                    <dt className="font-semibold">LGPD / Exclusao dados?</dt><dd className="text-gray-600 dark:text-gray-400">Configuracoes > Dados e Privacidade > Solicitar exclusao.</dd>
     |                                                                                                                                                                  ^
  488|                  </dl>
  489|                  <p className="mt-4 text-sm text-gray-500">100+ perguntas no documento completo: FAQ.md</p>
  [39m
      at failureErrorWithLog (C:\Users\user\Desktop\opencode\frontend\node_modules\esbuild\lib\main.js:1472:15)
      at C:\Users\user\Desktop\opencode\frontend\node_modules\esbuild\lib\main.js:755:50
      at responseCallbacks.<computed> (C:\Users\user\Desktop\opencode\frontend\node_modules\esbuild\lib\main.js:622:9)
      at handleIncomingPacket (C:\Users\user\Desktop\opencode\frontend\node_modules\esbuild\lib\main.js:677:12)
      at Socket.readFromStdout (C:\Users\user\Desktop\opencode\frontend\node_modules\esbuild\lib\main.js:600:7)
      at Socket.emit (node:events:509:28)
      at addChunk (node:internal/streams/readable:563:12)
      at readableAddChunkPushByteMode (node:internal/streams/readable:514:3)
      at Readable.push (node:internal/streams/readable:394:5)
      at Pipe.onStreamRead (node:internal/stream_base_commons:189:23)
[2m17:37:37[22m [36m[1m[vite][22m[39m [32mhmr update [39m[2m/src/pages/Settings.tsx, /src/index.css[22m
[2m17:37:37[22m [31m[1m[vite][22m[39m Pre-transform error: Transform failed with 3 errors:
C:/Users/user/Desktop/opencode/frontend/src/pages/Settings.tsx:482:155: ERROR: The character ">" is not valid inside a JSX element
C:/Users/user/Desktop/opencode/frontend/src/pages/Settings.tsx:487:138: ERROR: The character ">" is not valid inside a JSX element
C:/Users/user/Desktop/opencode/frontend/src/pages/Settings.tsx:487:160: ERROR: The character ">" is not valid inside a JSX element
[2m17:37:37[22m [31m[1m[vite][22m[39m Pre-transform error: Transform failed with 3 errors:
C:/Users/user/Desktop/opencode/frontend/src/pages/Settings.tsx:482:155: ERROR: The character ">" is not valid inside a JSX element
C:/Users/user/Desktop/opencode/frontend/src/pages/Settings.tsx:487:138: ERROR: The character ">" is not valid inside a JSX element
C:/Users/user/Desktop/opencode/frontend/src/pages/Settings.tsx:487:160: ERROR: The character ">" is not valid inside a JSX element
[2m17:37:38[22m [31m[1m[vite][22m[39m [31mInternal server error: Transform failed with 3 errors:
C:/Users/user/Desktop/opencode/frontend/src/pages/Settings.tsx:482:155: ERROR: The character ">" is not valid inside a JSX element
C:/Users/user/Desktop/opencode/frontend/src/pages/Settings.tsx:487:138: ERROR: The character ">" is not valid inside a JSX element
C:/Users/user/Desktop/opencode/frontend/src/pages/Settings.tsx:487:160: ERROR: The character ">" is not valid inside a JSX element[39m
  Plugin: [35mvite:esbuild[39m
  File: [36mC:/Users/user/Desktop/opencode/frontend/src/pages/Settings.tsx[39m:463:123
[33m  
  [33mThe character ">" is not valid inside a JSX element[33m
  480|                    <dt className="font-semibold">Funciona offline?</dt><dd className="text-gray-600 dark:text-gray-400">Sim como PWA instalado - visualiza e cria transacoes offline.</dd>
  481|                    <dt className="font-semibold">Dados somem se trocar de celular?</dt><dd className="text-gray-600 dark:text-gray-400">Nao, tudo na nuvem. So logar no novo dispositivo.</dd>
  482|                    <dt className="font-semibold">Como convido familia?</dt><dd className="text-gray-600 dark:text-gray-400">Master convida em Configuracoes > Usuarios. Papel: Comum ou Admin.</dd>
     |                                                                                                                                                             ^
  483|                    <dt className="font-semibold">Limite de 50 transacoes no Free?</dt><dd className="text-gray-600 dark:text-gray-400">Fica somente leitura. Upgrade libera na hora.</dd>
  484|                    <dt className="font-semibold">Backup no Free?</dt><dd className="text-gray-600 dark:text-gray-400">Nao. Premium: manual. PRO: automatico diario.</dd>
  
  [33mThe character ">" is not valid inside a JSX element[33m
  485|                    <dt className="font-semibold">Sincronizacao bancaria?</dt><dd className="text-gray-600 dark:text-gray-400">Nao na v1. Prevista para 2027 via Open Banking.</dd>
  486|                    <dt className="font-semibold">Reembolso?</dt><dd className="text-gray-600 dark:text-gray-400">So anual nos 7 primeiros dias (CDC Art. 49).</dd>
  487|                    <dt className="font-semibold">LGPD / Exclusao dados?</dt><dd className="text-gray-600 dark:text-gray-400">Configuracoes > Dados e Privacidade > Solicitar exclusao.</dd>
     |                                                                                                                                            ^
  488|                  </dl>
  489|                  <p className="mt-4 text-sm text-gray-500">100+ perguntas no documento completo: FAQ.md</p>
  
  [33mThe character ">" is not valid inside a JSX element[33m
  485|                    <dt className="font-semibold">Sincronizacao bancaria?</dt><dd className="text-gray-600 dark:text-gray-400">Nao na v1. Prevista para 2027 via Open Banking.</dd>
  486|                    <dt className="font-semibold">Reembolso?</dt><dd className="text-gray-600 dark:text-gray-400">So anual nos 7 primeiros dias (CDC Art. 49).</dd>
  487|                    <dt className="font-semibold">LGPD / Exclusao dados?</dt><dd className="text-gray-600 dark:text-gray-400">Configuracoes > Dados e Privacidade > Solicitar exclusao.</dd>
     |                                                                                                                                                                  ^
  488|                  </dl>
  489|                  <p className="mt-4 text-sm text-gray-500">100+ perguntas no documento completo: FAQ.md</p>
  [39m
      at failureErrorWithLog (C:\Users\user\Desktop\opencode\frontend\node_modules\esbuild\lib\main.js:1472:15)
      at C:\Users\user\Desktop\opencode\frontend\node_modules\esbuild\lib\main.js:755:50
      at responseCallbacks.<computed> (C:\Users\user\Desktop\opencode\frontend\node_modules\esbuild\lib\main.js:622:9)
      at handleIncomingPacket (C:\Users\user\Desktop\opencode\frontend\node_modules\esbuild\lib\main.js:677:12)
      at Socket.readFromStdout (C:\Users\user\Desktop\opencode\frontend\node_modules\esbuild\lib\main.js:600:7)
      at Socket.emit (node:events:509:28)
      at addChunk (node:internal/streams/readable:563:12)
      at readableAddChunkPushByteMode (node:internal/streams/readable:514:3)
      at Readable.push (node:internal/streams/readable:394:5)
      at Pipe.onStreamRead (node:internal/stream_base_commons:189:23)
[2m17:40:51[22m [31m[1m[vite][22m[39m [31mInternal server error: Transform failed with 3 errors:
C:/Users/user/Desktop/opencode/frontend/src/pages/Settings.tsx:482:155: ERROR: The character ">" is not valid inside a JSX element
C:/Users/user/Desktop/opencode/frontend/src/pages/Settings.tsx:487:138: ERROR: The character ">" is not valid inside a JSX element
C:/Users/user/Desktop/opencode/frontend/src/pages/Settings.tsx:487:160: ERROR: The character ">" is not valid inside a JSX element[39m
  Plugin: [35mvite:esbuild[39m
  File: [36mC:/Users/user/Desktop/opencode/frontend/src/pages/Settings.tsx[39m:463:123
[33m  
  [33mThe character ">" is not valid inside a JSX element[33m
  480|                    <dt className="font-semibold">Funciona offline?</dt><dd className="text-gray-600 dark:text-gray-400">Sim como PWA instalado - visualiza e cria transacoes offline.</dd>
  481|                    <dt className="font-semibold">Dados somem se trocar de celular?</dt><dd className="text-gray-600 dark:text-gray-400">Nao, tudo na nuvem. So logar no novo dispositivo.</dd>
  482|                    <dt className="font-semibold">Como convido familia?</dt><dd className="text-gray-600 dark:text-gray-400">Master convida em Configuracoes > Usuarios. Papel: Comum ou Admin.</dd>
     |                                                                                                                                                             ^
  483|                    <dt className="font-semibold">Limite de 50 transacoes no Free?</dt><dd className="text-gray-600 dark:text-gray-400">Fica somente leitura. Upgrade libera na hora.</dd>
  484|                    <dt className="font-semibold">Backup no Free?</dt><dd className="text-gray-600 dark:text-gray-400">Nao. Premium: manual. PRO: automatico diario.</dd>
  
  [33mThe character ">" is not valid inside a JSX element[33m
  485|                    <dt className="font-semibold">Sincronizacao bancaria?</dt><dd className="text-gray-600 dark:text-gray-400">Nao na v1. Prevista para 2027 via Open Banking.</dd>
  486|                    <dt className="font-semibold">Reembolso?</dt><dd className="text-gray-600 dark:text-gray-400">So anual nos 7 primeiros dias (CDC Art. 49).</dd>
  487|                    <dt className="font-semibold">LGPD / Exclusao dados?</dt><dd className="text-gray-600 dark:text-gray-400">Configuracoes > Dados e Privacidade > Solicitar exclusao.</dd>
     |                                                                                                                                            ^
  488|                  </dl>
  489|                  <p className="mt-4 text-sm text-gray-500">100+ perguntas no documento completo: FAQ.md</p>
  
  [33mThe character ">" is not valid inside a JSX element[33m
  485|                    <dt className="font-semibold">Sincronizacao bancaria?</dt><dd className="text-gray-600 dark:text-gray-400">Nao na v1. Prevista para 2027 via Open Banking.</dd>
  486|                    <dt className="font-semibold">Reembolso?</dt><dd className="text-gray-600 dark:text-gray-400">So anual nos 7 primeiros dias (CDC Art. 49).</dd>
  487|                    <dt className="font-semibold">LGPD / Exclusao dados?</dt><dd className="text-gray-600 dark:text-gray-400">Configuracoes > Dados e Privacidade > Solicitar exclusao.</dd>
     |                                                                                                                                                                  ^
  488|                  </dl>
  489|                  <p className="mt-4 text-sm text-gray-500">100+ perguntas no documento completo: FAQ.md</p>
  [39m
      at failureErrorWithLog (C:\Users\user\Desktop\opencode\frontend\node_modules\esbuild\lib\main.js:1472:15)
      at C:\Users\user\Desktop\opencode\frontend\node_modules\esbuild\lib\main.js:755:50
      at responseCallbacks.<computed> (C:\Users\user\Desktop\opencode\frontend\node_modules\esbuild\lib\main.js:622:9)
      at handleIncomingPacket (C:\Users\user\Desktop\opencode\frontend\node_modules\esbuild\lib\main.js:677:12)
      at Socket.readFromStdout (C:\Users\user\Desktop\opencode\frontend\node_modules\esbuild\lib\main.js:600:7)
      at Socket.emit (node:events:509:28)
      at addChunk (node:internal/streams/readable:563:12)
      at readableAddChunkPushByteMode (node:internal/streams/readable:514:3)
      at Readable.push (node:internal/streams/readable:394:5)
      at Pipe.onStreamRead (node:internal/stream_base_commons:189:23)
[2m17:41:34[22m [31m[1m[vite][22m[39m [31mInternal server error: Transform failed with 3 errors:
C:/Users/user/Desktop/opencode/frontend/src/pages/Settings.tsx:482:155: ERROR: The character ">" is not valid inside a JSX element
C:/Users/user/Desktop/opencode/frontend/src/pages/Settings.tsx:487:138: ERROR: The character ">" is not valid inside a JSX element
C:/Users/user/Desktop/opencode/frontend/src/pages/Settings.tsx:487:160: ERROR: The character ">" is not valid inside a JSX element[39m
  Plugin: [35mvite:esbuild[39m
  File: [36mC:/Users/user/Desktop/opencode/frontend/src/pages/Settings.tsx[39m:463:123
[33m  
  [33mThe character ">" is not valid inside a JSX element[33m
  480|                    <dt className="font-semibold">Funciona offline?</dt><dd className="text-gray-600 dark:text-gray-400">Sim como PWA instalado - visualiza e cria transacoes offline.</dd>
  481|                    <dt className="font-semibold">Dados somem se trocar de celular?</dt><dd className="text-gray-600 dark:text-gray-400">Nao, tudo na nuvem. So logar no novo dispositivo.</dd>
  482|                    <dt className="font-semibold">Como convido familia?</dt><dd className="text-gray-600 dark:text-gray-400">Master convida em Configuracoes > Usuarios. Papel: Comum ou Admin.</dd>
     |                                                                                                                                                             ^
  483|                    <dt className="font-semibold">Limite de 50 transacoes no Free?</dt><dd className="text-gray-600 dark:text-gray-400">Fica somente leitura. Upgrade libera na hora.</dd>
  484|                    <dt className="font-semibold">Backup no Free?</dt><dd className="text-gray-600 dark:text-gray-400">Nao. Premium: manual. PRO: automatico diario.</dd>
  
  [33mThe character ">" is not valid inside a JSX element[33m
  485|                    <dt className="font-semibold">Sincronizacao bancaria?</dt><dd className="text-gray-600 dark:text-gray-400">Nao na v1. Prevista para 2027 via Open Banking.</dd>
  486|                    <dt className="font-semibold">Reembolso?</dt><dd className="text-gray-600 dark:text-gray-400">So anual nos 7 primeiros dias (CDC Art. 49).</dd>
  487|                    <dt className="font-semibold">LGPD / Exclusao dados?</dt><dd className="text-gray-600 dark:text-gray-400">Configuracoes > Dados e Privacidade > Solicitar exclusao.</dd>
     |                                                                                                                                            ^
  488|                  </dl>
  489|                  <p className="mt-4 text-sm text-gray-500">100+ perguntas no documento completo: FAQ.md</p>
  
  [33mThe character ">" is not valid inside a JSX element[33m
  485|                    <dt className="font-semibold">Sincronizacao bancaria?</dt><dd className="text-gray-600 dark:text-gray-400">Nao na v1. Prevista para 2027 via Open Banking.</dd>
  486|                    <dt className="font-semibold">Reembolso?</dt><dd className="text-gray-600 dark:text-gray-400">So anual nos 7 primeiros dias (CDC Art. 49).</dd>
  487|                    <dt className="font-semibold">LGPD / Exclusao dados?</dt><dd className="text-gray-600 dark:text-gray-400">Configuracoes > Dados e Privacidade > Solicitar exclusao.</dd>
     |                                                                                                                                                                  ^
  488|                  </dl>
  489|                  <p className="mt-4 text-sm text-gray-500">100+ perguntas no documento completo: FAQ.md</p>
  [39m
      at failureErrorWithLog (C:\Users\user\Desktop\opencode\frontend\node_modules\esbuild\lib\main.js:1472:15)
      at C:\Users\user\Desktop\opencode\frontend\node_modules\esbuild\lib\main.js:755:50
      at responseCallbacks.<computed> (C:\Users\user\Desktop\opencode\frontend\node_modules\esbuild\lib\main.js:622:9)
      at handleIncomingPacket (C:\Users\user\Desktop\opencode\frontend\node_modules\esbuild\lib\main.js:677:12)
      at Socket.readFromStdout (C:\Users\user\Desktop\opencode\frontend\node_modules\esbuild\lib\main.js:600:7)
      at Socket.emit (node:events:509:28)
      at addChunk (node:internal/streams/readable:563:12)
      at readableAddChunkPushByteMode (node:internal/streams/readable:514:3)
      at Readable.push (node:internal/streams/readable:394:5)
      at Pipe.onStreamRead (node:internal/stream_base_commons:189:23)
[2m17:42:50[22m [31m[1m[vite][22m[39m [31mInternal server error: Transform failed with 3 errors:
C:/Users/user/Desktop/opencode/frontend/src/pages/Settings.tsx:482:155: ERROR: The character ">" is not valid inside a JSX element
C:/Users/user/Desktop/opencode/frontend/src/pages/Settings.tsx:487:138: ERROR: The character ">" is not valid inside a JSX element
C:/Users/user/Desktop/opencode/frontend/src/pages/Settings.tsx:487:160: ERROR: The character ">" is not valid inside a JSX element[39m
  Plugin: [35mvite:esbuild[39m
  File: [36mC:/Users/user/Desktop/opencode/frontend/src/pages/Settings.tsx[39m:463:123
[33m  
  [33mThe character ">" is not valid inside a JSX element[33m
  480|                    <dt className="font-semibold">Funciona offline?</dt><dd className="text-gray-600 dark:text-gray-400">Sim como PWA instalado - visualiza e cria transacoes offline.</dd>
  481|                    <dt className="font-semibold">Dados somem se trocar de celular?</dt><dd className="text-gray-600 dark:text-gray-400">Nao, tudo na nuvem. So logar no novo dispositivo.</dd>
  482|                    <dt className="font-semibold">Como convido familia?</dt><dd className="text-gray-600 dark:text-gray-400">Master convida em Configuracoes > Usuarios. Papel: Comum ou Admin.</dd>
     |                                                                                                                                                             ^
  483|                    <dt className="font-semibold">Limite de 50 transacoes no Free?</dt><dd className="text-gray-600 dark:text-gray-400">Fica somente leitura. Upgrade libera na hora.</dd>
  484|                    <dt className="font-semibold">Backup no Free?</dt><dd className="text-gray-600 dark:text-gray-400">Nao. Premium: manual. PRO: automatico diario.</dd>
  
  [33mThe character ">" is not valid inside a JSX element[33m
  485|                    <dt className="font-semibold">Sincronizacao bancaria?</dt><dd className="text-gray-600 dark:text-gray-400">Nao na v1. Prevista para 2027 via Open Banking.</dd>
  486|                    <dt className="font-semibold">Reembolso?</dt><dd className="text-gray-600 dark:text-gray-400">So anual nos 7 primeiros dias (CDC Art. 49).</dd>
  487|                    <dt className="font-semibold">LGPD / Exclusao dados?</dt><dd className="text-gray-600 dark:text-gray-400">Configuracoes > Dados e Privacidade > Solicitar exclusao.</dd>
     |                                                                                                                                            ^
  488|                  </dl>
  489|                  <p className="mt-4 text-sm text-gray-500">100+ perguntas no documento completo: FAQ.md</p>
  
  [33mThe character ">" is not valid inside a JSX element[33m
  485|                    <dt className="font-semibold">Sincronizacao bancaria?</dt><dd className="text-gray-600 dark:text-gray-400">Nao na v1. Prevista para 2027 via Open Banking.</dd>
  486|                    <dt className="font-semibold">Reembolso?</dt><dd className="text-gray-600 dark:text-gray-400">So anual nos 7 primeiros dias (CDC Art. 49).</dd>
  487|                    <dt className="font-semibold">LGPD / Exclusao dados?</dt><dd className="text-gray-600 dark:text-gray-400">Configuracoes > Dados e Privacidade > Solicitar exclusao.</dd>
     |                                                                                                                                                                  ^
  488|                  </dl>
  489|                  <p className="mt-4 text-sm text-gray-500">100+ perguntas no documento completo: FAQ.md</p>
  [39m
      at failureErrorWithLog (C:\Users\user\Desktop\opencode\frontend\node_modules\esbuild\lib\main.js:1472:15)
      at C:\Users\user\Desktop\opencode\frontend\node_modules\esbuild\lib\main.js:755:50
      at responseCallbacks.<computed> (C:\Users\user\Desktop\opencode\frontend\node_modules\esbuild\lib\main.js:622:9)
      at handleIncomingPacket (C:\Users\user\Desktop\opencode\frontend\node_modules\esbuild\lib\main.js:677:12)
      at Socket.readFromStdout (C:\Users\user\Desktop\opencode\frontend\node_modules\esbuild\lib\main.js:600:7)
      at Socket.emit (node:events:509:28)
      at addChunk (node:internal/streams/readable:563:12)
      at readableAddChunkPushByteMode (node:internal/streams/readable:514:3)
      at Readable.push (node:internal/streams/readable:394:5)
      at Pipe.onStreamRead (node:internal/stream_base_commons:189:23)
[2m17:42:51[22m [36m[1m[vite][22m[39m [32mhmr update [39m[2m/src/pages/Settings.tsx, /src/index.css[22m
[2m17:42:52[22m [31m[1m[vite][22m[39m Pre-transform error: Transform failed with 3 errors:
C:/Users/user/Desktop/opencode/frontend/src/pages/Settings.tsx:482:155: ERROR: The character ">" is not valid inside a JSX element
C:/Users/user/Desktop/opencode/frontend/src/pages/Settings.tsx:487:138: ERROR: The character ">" is not valid inside a JSX element
C:/Users/user/Desktop/opencode/frontend/src/pages/Settings.tsx:487:160: ERROR: The character ">" is not valid inside a JSX element
[2m17:42:52[22m [31m[1m[vite][22m[39m [31mInternal server error: Transform failed with 3 errors:
C:/Users/user/Desktop/opencode/frontend/src/pages/Settings.tsx:482:155: ERROR: The character ">" is not valid inside a JSX element
C:/Users/user/Desktop/opencode/frontend/src/pages/Settings.tsx:487:138: ERROR: The character ">" is not valid inside a JSX element
C:/Users/user/Desktop/opencode/frontend/src/pages/Settings.tsx:487:160: ERROR: The character ">" is not valid inside a JSX element[39m
  Plugin: [35mvite:esbuild[39m
  File: [36mC:/Users/user/Desktop/opencode/frontend/src/pages/Settings.tsx[39m:463:123
[33m  
  [33mThe character ">" is not valid inside a JSX element[33m
  480|                    <dt className="font-semibold">Funciona offline?</dt><dd className="text-gray-600 dark:text-gray-400">Sim como PWA instalado - visualiza e cria transacoes offline.</dd>
  481|                    <dt className="font-semibold">Dados somem se trocar de celular?</dt><dd className="text-gray-600 dark:text-gray-400">Nao, tudo na nuvem. So logar no novo dispositivo.</dd>
  482|                    <dt className="font-semibold">Como convido familia?</dt><dd className="text-gray-600 dark:text-gray-400">Master convida em Configuracoes > Usuarios. Papel: Comum ou Admin.</dd>
     |                                                                                                                                                             ^
  483|                    <dt className="font-semibold">Limite de 50 transacoes no Free?</dt><dd className="text-gray-600 dark:text-gray-400">Fica somente leitura. Upgrade libera na hora.</dd>
  484|                    <dt className="font-semibold">Backup no Free?</dt><dd className="text-gray-600 dark:text-gray-400">Nao. Premium: manual. PRO: automatico diario.</dd>
  
  [33mThe character ">" is not valid inside a JSX element[33m
  485|                    <dt className="font-semibold">Sincronizacao bancaria?</dt><dd className="text-gray-600 dark:text-gray-400">Nao na v1. Prevista para 2027 via Open Banking.</dd>
  486|                    <dt className="font-semibold">Reembolso?</dt><dd className="text-gray-600 dark:text-gray-400">So anual nos 7 primeiros dias (CDC Art. 49).</dd>
  487|                    <dt className="font-semibold">LGPD / Exclusao dados?</dt><dd className="text-gray-600 dark:text-gray-400">Configuracoes > Dados e Privacidade > Solicitar exclusao.</dd>
     |                                                                                                                                            ^
  488|                  </dl>
  489|                  <p className="mt-4 text-sm text-gray-500">100+ perguntas no documento completo: FAQ.md</p>
  
  [33mThe character ">" is not valid inside a JSX element[33m
  485|                    <dt className="font-semibold">Sincronizacao bancaria?</dt><dd className="text-gray-600 dark:text-gray-400">Nao na v1. Prevista para 2027 via Open Banking.</dd>
  486|                    <dt className="font-semibold">Reembolso?</dt><dd className="text-gray-600 dark:text-gray-400">So anual nos 7 primeiros dias (CDC Art. 49).</dd>
  487|                    <dt className="font-semibold">LGPD / Exclusao dados?</dt><dd className="text-gray-600 dark:text-gray-400">Configuracoes > Dados e Privacidade > Solicitar exclusao.</dd>
     |                                                                                                                                                                  ^
  488|                  </dl>
  489|                  <p className="mt-4 text-sm text-gray-500">100+ perguntas no documento completo: FAQ.md</p>
  [39m
      at failureErrorWithLog (C:\Users\user\Desktop\opencode\frontend\node_modules\esbuild\lib\main.js:1472:15)
      at C:\Users\user\Desktop\opencode\frontend\node_modules\esbuild\lib\main.js:755:50
      at responseCallbacks.<computed> (C:\Users\user\Desktop\opencode\frontend\node_modules\esbuild\lib\main.js:622:9)
      at handleIncomingPacket (C:\Users\user\Desktop\opencode\frontend\node_modules\esbuild\lib\main.js:677:12)
      at Socket.readFromStdout (C:\Users\user\Desktop\opencode\frontend\node_modules\esbuild\lib\main.js:600:7)
      at Socket.emit (node:events:509:28)
      at addChunk (node:internal/streams/readable:563:12)
      at readableAddChunkPushByteMode (node:internal/streams/readable:514:3)
      at Readable.push (node:internal/streams/readable:394:5)
      at Pipe.onStreamRead (node:internal/stream_base_commons:189:23)
[2m17:42:52[22m [31m[1m[vite][22m[39m Pre-transform error: Transform failed with 3 errors:
C:/Users/user/Desktop/opencode/frontend/src/pages/Settings.tsx:482:155: ERROR: The character ">" is not valid inside a JSX element
C:/Users/user/Desktop/opencode/frontend/src/pages/Settings.tsx:487:138: ERROR: The character ">" is not valid inside a JSX element
C:/Users/user/Desktop/opencode/frontend/src/pages/Settings.tsx:487:160: ERROR: The character ">" is not valid inside a JSX element
[2m17:42:56[22m [36m[1m[vite][22m[39m [32mhmr update [39m[2m/src/pages/Settings.tsx, /src/index.css[22m
[2m17:42:56[22m [31m[1m[vite][22m[39m Pre-transform error: Transform failed with 3 errors:
C:/Users/user/Desktop/opencode/frontend/src/pages/Settings.tsx:482:155: ERROR: The character ">" is not valid inside a JSX element
C:/Users/user/Desktop/opencode/frontend/src/pages/Settings.tsx:487:138: ERROR: The character ">" is not valid inside a JSX element
C:/Users/user/Desktop/opencode/frontend/src/pages/Settings.tsx:487:160: ERROR: The character ">" is not valid inside a JSX element
[2m17:42:56[22m [31m[1m[vite][22m[39m Pre-transform error: Transform failed with 3 errors:
C:/Users/user/Desktop/opencode/frontend/src/pages/Settings.tsx:482:155: ERROR: The character ">" is not valid inside a JSX element
C:/Users/user/Desktop/opencode/frontend/src/pages/Settings.tsx:487:138: ERROR: The character ">" is not valid inside a JSX element
C:/Users/user/Desktop/opencode/frontend/src/pages/Settings.tsx:487:160: ERROR: The character ">" is not valid inside a JSX element
[2m17:42:57[22m [31m[1m[vite][22m[39m [31mInternal server error: Transform failed with 3 errors:
C:/Users/user/Desktop/opencode/frontend/src/pages/Settings.tsx:482:155: ERROR: The character ">" is not valid inside a JSX element
C:/Users/user/Desktop/opencode/frontend/src/pages/Settings.tsx:487:138: ERROR: The character ">" is not valid inside a JSX element
C:/Users/user/Desktop/opencode/frontend/src/pages/Settings.tsx:487:160: ERROR: The character ">" is not valid inside a JSX element[39m
  Plugin: [35mvite:esbuild[39m
  File: [36mC:/Users/user/Desktop/opencode/frontend/src/pages/Settings.tsx[39m:463:123
[33m  
  [33mThe character ">" is not valid inside a JSX element[33m
  480|                    <dt className="font-semibold">Funciona offline?</dt><dd className="text-gray-600 dark:text-gray-400">Sim como PWA instalado - visualiza e cria transacoes offline.</dd>
  481|                    <dt className="font-semibold">Dados somem se trocar de celular?</dt><dd className="text-gray-600 dark:text-gray-400">Nao, tudo na nuvem. So logar no novo dispositivo.</dd>
  482|                    <dt className="font-semibold">Como convido familia?</dt><dd className="text-gray-600 dark:text-gray-400">Master convida em Configuracoes > Usuarios. Papel: Comum ou Admin.</dd>
     |                                                                                                                                                             ^
  483|                    <dt className="font-semibold">Limite de 50 transacoes no Free?</dt><dd className="text-gray-600 dark:text-gray-400">Fica somente leitura. Upgrade libera na hora.</dd>
  484|                    <dt className="font-semibold">Backup no Free?</dt><dd className="text-gray-600 dark:text-gray-400">Nao. Premium: manual. PRO: automatico diario.</dd>
  
  [33mThe character ">" is not valid inside a JSX element[33m
  485|                    <dt className="font-semibold">Sincronizacao bancaria?</dt><dd className="text-gray-600 dark:text-gray-400">Nao na v1. Prevista para 2027 via Open Banking.</dd>
  486|                    <dt className="font-semibold">Reembolso?</dt><dd className="text-gray-600 dark:text-gray-400">So anual nos 7 primeiros dias (CDC Art. 49).</dd>
  487|                    <dt className="font-semibold">LGPD / Exclusao dados?</dt><dd className="text-gray-600 dark:text-gray-400">Configuracoes > Dados e Privacidade > Solicitar exclusao.</dd>
     |                                                                                                                                            ^
  488|                  </dl>
  489|                  <p className="mt-4 text-sm text-gray-500">100+ perguntas no documento completo: FAQ.md</p>
  
  [33mThe character ">" is not valid inside a JSX element[33m
  485|                    <dt className="font-semibold">Sincronizacao bancaria?</dt><dd className="text-gray-600 dark:text-gray-400">Nao na v1. Prevista para 2027 via Open Banking.</dd>
  486|                    <dt className="font-semibold">Reembolso?</dt><dd className="text-gray-600 dark:text-gray-400">So anual nos 7 primeiros dias (CDC Art. 49).</dd>
  487|                    <dt className="font-semibold">LGPD / Exclusao dados?</dt><dd className="text-gray-600 dark:text-gray-400">Configuracoes > Dados e Privacidade > Solicitar exclusao.</dd>
     |                                                                                                                                                                  ^
  488|                  </dl>
  489|                  <p className="mt-4 text-sm text-gray-500">100+ perguntas no documento completo: FAQ.md</p>
  [39m
      at failureErrorWithLog (C:\Users\user\Desktop\opencode\frontend\node_modules\esbuild\lib\main.js:1472:15)
      at C:\Users\user\Desktop\opencode\frontend\node_modules\esbuild\lib\main.js:755:50
      at responseCallbacks.<computed> (C:\Users\user\Desktop\opencode\frontend\node_modules\esbuild\lib\main.js:622:9)
      at handleIncomingPacket (C:\Users\user\Desktop\opencode\frontend\node_modules\esbuild\lib\main.js:677:12)
      at Socket.readFromStdout (C:\Users\user\Desktop\opencode\frontend\node_modules\esbuild\lib\main.js:600:7)
      at Socket.emit (node:events:509:28)
      at addChunk (node:internal/streams/readable:563:12)
      at readableAddChunkPushByteMode (node:internal/streams/readable:514:3)
      at Readable.push (node:internal/streams/readable:394:5)
      at Pipe.onStreamRead (node:internal/stream_base_commons:189:23)
[2m17:43:00[22m [36m[1m[vite][22m[39m [32mhmr update [39m[2m/src/pages/Settings.tsx, /src/index.css[22m
[2m17:43:00[22m [31m[1m[vite][22m[39m Pre-transform error: Transform failed with 3 errors:
C:/Users/user/Desktop/opencode/frontend/src/pages/Settings.tsx:482:155: ERROR: The character ">" is not valid inside a JSX element
C:/Users/user/Desktop/opencode/frontend/src/pages/Settings.tsx:487:138: ERROR: The character ">" is not valid inside a JSX element
C:/Users/user/Desktop/opencode/frontend/src/pages/Settings.tsx:487:160: ERROR: The character ">" is not valid inside a JSX element
[2m17:43:00[22m [31m[1m[vite][22m[39m Pre-transform error: Transform failed with 3 errors:
C:/Users/user/Desktop/opencode/frontend/src/pages/Settings.tsx:482:155: ERROR: The character ">" is not valid inside a JSX element
C:/Users/user/Desktop/opencode/frontend/src/pages/Settings.tsx:487:138: ERROR: The character ">" is not valid inside a JSX element
C:/Users/user/Desktop/opencode/frontend/src/pages/Settings.tsx:487:160: ERROR: The character ">" is not valid inside a JSX element
[2m17:43:01[22m [31m[1m[vite][22m[39m [31mInternal server error: Transform failed with 3 errors:
C:/Users/user/Desktop/opencode/frontend/src/pages/Settings.tsx:482:155: ERROR: The character ">" is not valid inside a JSX element
C:/Users/user/Desktop/opencode/frontend/src/pages/Settings.tsx:487:138: ERROR: The character ">" is not valid inside a JSX element
C:/Users/user/Desktop/opencode/frontend/src/pages/Settings.tsx:487:160: ERROR: The character ">" is not valid inside a JSX element[39m
  Plugin: [35mvite:esbuild[39m
  File: [36mC:/Users/user/Desktop/opencode/frontend/src/pages/Settings.tsx[39m:463:123
[33m  
  [33mThe character ">" is not valid inside a JSX element[33m
  480|                    <dt className="font-semibold">Funciona offline?</dt><dd className="text-gray-600 dark:text-gray-400">Sim como PWA instalado - visualiza e cria transacoes offline.</dd>
  481|                    <dt className="font-semibold">Dados somem se trocar de celular?</dt><dd className="text-gray-600 dark:text-gray-400">Nao, tudo na nuvem. So logar no novo dispositivo.</dd>
  482|                    <dt className="font-semibold">Como convido familia?</dt><dd className="text-gray-600 dark:text-gray-400">Master convida em Configuracoes > Usuarios. Papel: Comum ou Admin.</dd>
     |                                                                                                                                                             ^
  483|                    <dt className="font-semibold">Limite de 50 transacoes no Free?</dt><dd className="text-gray-600 dark:text-gray-400">Fica somente leitura. Upgrade libera na hora.</dd>
  484|                    <dt className="font-semibold">Backup no Free?</dt><dd className="text-gray-600 dark:text-gray-400">Nao. Premium: manual. PRO: automatico diario.</dd>
  
  [33mThe character ">" is not valid inside a JSX element[33m
  485|                    <dt className="font-semibold">Sincronizacao bancaria?</dt><dd className="text-gray-600 dark:text-gray-400">Nao na v1. Prevista para 2027 via Open Banking.</dd>
  486|                    <dt className="font-semibold">Reembolso?</dt><dd className="text-gray-600 dark:text-gray-400">So anual nos 7 primeiros dias (CDC Art. 49).</dd>
  487|                    <dt className="font-semibold">LGPD / Exclusao dados?</dt><dd className="text-gray-600 dark:text-gray-400">Configuracoes > Dados e Privacidade > Solicitar exclusao.</dd>
     |                                                                                                                                            ^
  488|                  </dl>
  489|                  <p className="mt-4 text-sm text-gray-500">100+ perguntas no documento completo: FAQ.md</p>
  
  [33mThe character ">" is not valid inside a JSX element[33m
  485|                    <dt className="font-semibold">Sincronizacao bancaria?</dt><dd className="text-gray-600 dark:text-gray-400">Nao na v1. Prevista para 2027 via Open Banking.</dd>
  486|                    <dt className="font-semibold">Reembolso?</dt><dd className="text-gray-600 dark:text-gray-400">So anual nos 7 primeiros dias (CDC Art. 49).</dd>
  487|                    <dt className="font-semibold">LGPD / Exclusao dados?</dt><dd className="text-gray-600 dark:text-gray-400">Configuracoes > Dados e Privacidade > Solicitar exclusao.</dd>
     |                                                                                                                                                                  ^
  488|                  </dl>
  489|                  <p className="mt-4 text-sm text-gray-500">100+ perguntas no documento completo: FAQ.md</p>
  [39m
      at failureErrorWithLog (C:\Users\user\Desktop\opencode\frontend\node_modules\esbuild\lib\main.js:1472:15)
      at C:\Users\user\Desktop\opencode\frontend\node_modules\esbuild\lib\main.js:755:50
      at responseCallbacks.<computed> (C:\Users\user\Desktop\opencode\frontend\node_modules\esbuild\lib\main.js:622:9)
      at handleIncomingPacket (C:\Users\user\Desktop\opencode\frontend\node_modules\esbuild\lib\main.js:677:12)
      at Socket.readFromStdout (C:\Users\user\Desktop\opencode\frontend\node_modules\esbuild\lib\main.js:600:7)
      at Socket.emit (node:events:509:28)
      at addChunk (node:internal/streams/readable:563:12)
      at readableAddChunkPushByteMode (node:internal/streams/readable:514:3)
      at Readable.push (node:internal/streams/readable:394:5)
      at Pipe.onStreamRead (node:internal/stream_base_commons:189:23)
[2m17:43:03[22m [31m[1m[vite][22m[39m [31mInternal server error: Transform failed with 3 errors:
C:/Users/user/Desktop/opencode/frontend/src/pages/Settings.tsx:482:155: ERROR: The character ">" is not valid inside a JSX element
C:/Users/user/Desktop/opencode/frontend/src/pages/Settings.tsx:487:138: ERROR: The character ">" is not valid inside a JSX element
C:/Users/user/Desktop/opencode/frontend/src/pages/Settings.tsx:487:160: ERROR: The character ">" is not valid inside a JSX element[39m
  Plugin: [35mvite:esbuild[39m
  File: [36mC:/Users/user/Desktop/opencode/frontend/src/pages/Settings.tsx[39m:463:123
[33m  
  [33mThe character ">" is not valid inside a JSX element[33m
  480|                    <dt className="font-semibold">Funciona offline?</dt><dd className="text-gray-600 dark:text-gray-400">Sim como PWA instalado - visualiza e cria transacoes offline.</dd>
  481|                    <dt className="font-semibold">Dados somem se trocar de celular?</dt><dd className="text-gray-600 dark:text-gray-400">Nao, tudo na nuvem. So logar no novo dispositivo.</dd>
  482|                    <dt className="font-semibold">Como convido familia?</dt><dd className="text-gray-600 dark:text-gray-400">Master convida em Configuracoes > Usuarios. Papel: Comum ou Admin.</dd>
     |                                                                                                                                                             ^
  483|                    <dt className="font-semibold">Limite de 50 transacoes no Free?</dt><dd className="text-gray-600 dark:text-gray-400">Fica somente leitura. Upgrade libera na hora.</dd>
  484|                    <dt className="font-semibold">Backup no Free?</dt><dd className="text-gray-600 dark:text-gray-400">Nao. Premium: manual. PRO: automatico diario.</dd>
  
  [33mThe character ">" is not valid inside a JSX element[33m
  485|                    <dt className="font-semibold">Sincronizacao bancaria?</dt><dd className="text-gray-600 dark:text-gray-400">Nao na v1. Prevista para 2027 via Open Banking.</dd>
  486|                    <dt className="font-semibold">Reembolso?</dt><dd className="text-gray-600 dark:text-gray-400">So anual nos 7 primeiros dias (CDC Art. 49).</dd>
  487|                    <dt className="font-semibold">LGPD / Exclusao dados?</dt><dd className="text-gray-600 dark:text-gray-400">Configuracoes > Dados e Privacidade > Solicitar exclusao.</dd>
     |                                                                                                                                            ^
  488|                  </dl>
  489|                  <p className="mt-4 text-sm text-gray-500">100+ perguntas no documento completo: FAQ.md</p>
  
  [33mThe character ">" is not valid inside a JSX element[33m
  485|                    <dt className="font-semibold">Sincronizacao bancaria?</dt><dd className="text-gray-600 dark:text-gray-400">Nao na v1. Prevista para 2027 via Open Banking.</dd>
  486|                    <dt className="font-semibold">Reembolso?</dt><dd className="text-gray-600 dark:text-gray-400">So anual nos 7 primeiros dias (CDC Art. 49).</dd>
  487|                    <dt className="font-semibold">LGPD / Exclusao dados?</dt><dd className="text-gray-600 dark:text-gray-400">Configuracoes > Dados e Privacidade > Solicitar exclusao.</dd>
     |                                                                                                                                                                  ^
  488|                  </dl>
  489|                  <p className="mt-4 text-sm text-gray-500">100+ perguntas no documento completo: FAQ.md</p>
  [39m
      at failureErrorWithLog (C:\Users\user\Desktop\opencode\frontend\node_modules\esbuild\lib\main.js:1472:15)
      at C:\Users\user\Desktop\opencode\frontend\node_modules\esbuild\lib\main.js:755:50
      at responseCallbacks.<computed> (C:\Users\user\Desktop\opencode\frontend\node_modules\esbuild\lib\main.js:622:9)
      at handleIncomingPacket (C:\Users\user\Desktop\opencode\frontend\node_modules\esbuild\lib\main.js:677:12)
      at Socket.readFromStdout (C:\Users\user\Desktop\opencode\frontend\node_modules\esbuild\lib\main.js:600:7)
      at Socket.emit (node:events:509:28)
      at addChunk (node:internal/streams/readable:563:12)
      at readableAddChunkPushByteMode (node:internal/streams/readable:514:3)
      at Readable.push (node:internal/streams/readable:394:5)
      at Pipe.onStreamRead (node:internal/stream_base_commons:189:23)
[2m17:43:04[22m [36m[1m[vite][22m[39m [32mhmr update [39m[2m/src/pages/Settings.tsx, /src/index.css[22m
[2m17:43:05[22m [31m[1m[vite][22m[39m Pre-transform error: Transform failed with 3 errors:
C:/Users/user/Desktop/opencode/frontend/src/pages/Settings.tsx:482:155: ERROR: The character ">" is not valid inside a JSX element
C:/Users/user/Desktop/opencode/frontend/src/pages/Settings.tsx:487:138: ERROR: The character ">" is not valid inside a JSX element
C:/Users/user/Desktop/opencode/frontend/src/pages/Settings.tsx:487:160: ERROR: The character ">" is not valid inside a JSX element
[2m17:43:05[22m [31m[1m[vite][22m[39m Pre-transform error: Transform failed with 3 errors:
C:/Users/user/Desktop/opencode/frontend/src/pages/Settings.tsx:482:155: ERROR: The character ">" is not valid inside a JSX element
C:/Users/user/Desktop/opencode/frontend/src/pages/Settings.tsx:487:138: ERROR: The character ">" is not valid inside a JSX element
C:/Users/user/Desktop/opencode/frontend/src/pages/Settings.tsx:487:160: ERROR: The character ">" is not valid inside a JSX element
[2m17:43:05[22m [31m[1m[vite][22m[39m [31mInternal server error: Transform failed with 3 errors:
C:/Users/user/Desktop/opencode/frontend/src/pages/Settings.tsx:482:155: ERROR: The character ">" is not valid inside a JSX element
C:/Users/user/Desktop/opencode/frontend/src/pages/Settings.tsx:487:138: ERROR: The character ">" is not valid inside a JSX element
C:/Users/user/Desktop/opencode/frontend/src/pages/Settings.tsx:487:160: ERROR: The character ">" is not valid inside a JSX element[39m
  Plugin: [35mvite:esbuild[39m
  File: [36mC:/Users/user/Desktop/opencode/frontend/src/pages/Settings.tsx[39m:463:123
[33m  
  [33mThe character ">" is not valid inside a JSX element[33m
  480|                    <dt className="font-semibold">Funciona offline?</dt><dd className="text-gray-600 dark:text-gray-400">Sim como PWA instalado - visualiza e cria transacoes offline.</dd>
  481|                    <dt className="font-semibold">Dados somem se trocar de celular?</dt><dd className="text-gray-600 dark:text-gray-400">Nao, tudo na nuvem. So logar no novo dispositivo.</dd>
  482|                    <dt className="font-semibold">Como convido familia?</dt><dd className="text-gray-600 dark:text-gray-400">Master convida em Configuracoes > Usuarios. Papel: Comum ou Admin.</dd>
     |                                                                                                                                                             ^
  483|                    <dt className="font-semibold">Limite de 50 transacoes no Free?</dt><dd className="text-gray-600 dark:text-gray-400">Fica somente leitura. Upgrade libera na hora.</dd>
  484|                    <dt className="font-semibold">Backup no Free?</dt><dd className="text-gray-600 dark:text-gray-400">Nao. Premium: manual. PRO: automatico diario.</dd>
  
  [33mThe character ">" is not valid inside a JSX element[33m
  485|                    <dt className="font-semibold">Sincronizacao bancaria?</dt><dd className="text-gray-600 dark:text-gray-400">Nao na v1. Prevista para 2027 via Open Banking.</dd>
  486|                    <dt className="font-semibold">Reembolso?</dt><dd className="text-gray-600 dark:text-gray-400">So anual nos 7 primeiros dias (CDC Art. 49).</dd>
  487|                    <dt className="font-semibold">LGPD / Exclusao dados?</dt><dd className="text-gray-600 dark:text-gray-400">Configuracoes > Dados e Privacidade > Solicitar exclusao.</dd>
     |                                                                                                                                            ^
  488|                  </dl>
  489|                  <p className="mt-4 text-sm text-gray-500">100+ perguntas no documento completo: FAQ.md</p>
  
  [33mThe character ">" is not valid inside a JSX element[33m
  485|                    <dt className="font-semibold">Sincronizacao bancaria?</dt><dd className="text-gray-600 dark:text-gray-400">Nao na v1. Prevista para 2027 via Open Banking.</dd>
  486|                    <dt className="font-semibold">Reembolso?</dt><dd className="text-gray-600 dark:text-gray-400">So anual nos 7 primeiros dias (CDC Art. 49).</dd>
  487|                    <dt className="font-semibold">LGPD / Exclusao dados?</dt><dd className="text-gray-600 dark:text-gray-400">Configuracoes > Dados e Privacidade > Solicitar exclusao.</dd>
     |                                                                                                                                                                  ^
  488|                  </dl>
  489|                  <p className="mt-4 text-sm text-gray-500">100+ perguntas no documento completo: FAQ.md</p>
  [39m
      at failureErrorWithLog (C:\Users\user\Desktop\opencode\frontend\node_modules\esbuild\lib\main.js:1472:15)
      at C:\Users\user\Desktop\opencode\frontend\node_modules\esbuild\lib\main.js:755:50
      at responseCallbacks.<computed> (C:\Users\user\Desktop\opencode\frontend\node_modules\esbuild\lib\main.js:622:9)
      at handleIncomingPacket (C:\Users\user\Desktop\opencode\frontend\node_modules\esbuild\lib\main.js:677:12)
      at Socket.readFromStdout (C:\Users\user\Desktop\opencode\frontend\node_modules\esbuild\lib\main.js:600:7)
      at Socket.emit (node:events:509:28)
      at addChunk (node:internal/streams/readable:563:12)
      at readableAddChunkPushByteMode (node:internal/streams/readable:514:3)
      at Readable.push (node:internal/streams/readable:394:5)
      at Pipe.onStreamRead (node:internal/stream_base_commons:189:23)
[2m17:43:09[22m [36m[1m[vite][22m[39m [32mhmr update [39m[2m/src/pages/Settings.tsx, /src/index.css[22m
[2m17:43:10[22m [31m[1m[vite][22m[39m Pre-transform error: Transform failed with 3 errors:
C:/Users/user/Desktop/opencode/frontend/src/pages/Settings.tsx:482:155: ERROR: The character ">" is not valid inside a JSX element
C:/Users/user/Desktop/opencode/frontend/src/pages/Settings.tsx:487:138: ERROR: The character ">" is not valid inside a JSX element
C:/Users/user/Desktop/opencode/frontend/src/pages/Settings.tsx:487:160: ERROR: The character ">" is not valid inside a JSX element
[2m17:43:10[22m [31m[1m[vite][22m[39m Pre-transform error: Transform failed with 3 errors:
C:/Users/user/Desktop/opencode/frontend/src/pages/Settings.tsx:482:155: ERROR: The character ">" is not valid inside a JSX element
C:/Users/user/Desktop/opencode/frontend/src/pages/Settings.tsx:487:138: ERROR: The character ">" is not valid inside a JSX element
C:/Users/user/Desktop/opencode/frontend/src/pages/Settings.tsx:487:160: ERROR: The character ">" is not valid inside a JSX element
[2m17:43:10[22m [31m[1m[vite][22m[39m [31mInternal server error: Transform failed with 3 errors:
C:/Users/user/Desktop/opencode/frontend/src/pages/Settings.tsx:482:155: ERROR: The character ">" is not valid inside a JSX element
C:/Users/user/Desktop/opencode/frontend/src/pages/Settings.tsx:487:138: ERROR: The character ">" is not valid inside a JSX element
C:/Users/user/Desktop/opencode/frontend/src/pages/Settings.tsx:487:160: ERROR: The character ">" is not valid inside a JSX element[39m
  Plugin: [35mvite:esbuild[39m
  File: [36mC:/Users/user/Desktop/opencode/frontend/src/pages/Settings.tsx[39m:463:123
[33m  
  [33mThe character ">" is not valid inside a JSX element[33m
  480|                    <dt className="font-semibold">Funciona offline?</dt><dd className="text-gray-600 dark:text-gray-400">Sim como PWA instalado - visualiza e cria transacoes offline.</dd>
  481|                    <dt className="font-semibold">Dados somem se trocar de celular?</dt><dd className="text-gray-600 dark:text-gray-400">Nao, tudo na nuvem. So logar no novo dispositivo.</dd>
  482|                    <dt className="font-semibold">Como convido familia?</dt><dd className="text-gray-600 dark:text-gray-400">Master convida em Configuracoes > Usuarios. Papel: Comum ou Admin.</dd>
     |                                                                                                                                                             ^
  483|                    <dt className="font-semibold">Limite de 50 transacoes no Free?</dt><dd className="text-gray-600 dark:text-gray-400">Fica somente leitura. Upgrade libera na hora.</dd>
  484|                    <dt className="font-semibold">Backup no Free?</dt><dd className="text-gray-600 dark:text-gray-400">Nao. Premium: manual. PRO: automatico diario.</dd>
  
  [33mThe character ">" is not valid inside a JSX element[33m
  485|                    <dt className="font-semibold">Sincronizacao bancaria?</dt><dd className="text-gray-600 dark:text-gray-400">Nao na v1. Prevista para 2027 via Open Banking.</dd>
  486|                    <dt className="font-semibold">Reembolso?</dt><dd className="text-gray-600 dark:text-gray-400">So anual nos 7 primeiros dias (CDC Art. 49).</dd>
  487|                    <dt className="font-semibold">LGPD / Exclusao dados?</dt><dd className="text-gray-600 dark:text-gray-400">Configuracoes > Dados e Privacidade > Solicitar exclusao.</dd>
     |                                                                                                                                            ^
  488|                  </dl>
  489|                  <p className="mt-4 text-sm text-gray-500">100+ perguntas no documento completo: FAQ.md</p>
  
  [33mThe character ">" is not valid inside a JSX element[33m
  485|                    <dt className="font-semibold">Sincronizacao bancaria?</dt><dd className="text-gray-600 dark:text-gray-400">Nao na v1. Prevista para 2027 via Open Banking.</dd>
  486|                    <dt className="font-semibold">Reembolso?</dt><dd className="text-gray-600 dark:text-gray-400">So anual nos 7 primeiros dias (CDC Art. 49).</dd>
  487|                    <dt className="font-semibold">LGPD / Exclusao dados?</dt><dd className="text-gray-600 dark:text-gray-400">Configuracoes > Dados e Privacidade > Solicitar exclusao.</dd>
     |                                                                                                                                                                  ^
  488|                  </dl>
  489|                  <p className="mt-4 text-sm text-gray-500">100+ perguntas no documento completo: FAQ.md</p>
  [39m
      at failureErrorWithLog (C:\Users\user\Desktop\opencode\frontend\node_modules\esbuild\lib\main.js:1472:15)
      at C:\Users\user\Desktop\opencode\frontend\node_modules\esbuild\lib\main.js:755:50
      at responseCallbacks.<computed> (C:\Users\user\Desktop\opencode\frontend\node_modules\esbuild\lib\main.js:622:9)
      at handleIncomingPacket (C:\Users\user\Desktop\opencode\frontend\node_modules\esbuild\lib\main.js:677:12)
      at Socket.readFromStdout (C:\Users\user\Desktop\opencode\frontend\node_modules\esbuild\lib\main.js:600:7)
      at Socket.emit (node:events:509:28)
      at addChunk (node:internal/streams/readable:563:12)
      at readableAddChunkPushByteMode (node:internal/streams/readable:514:3)
      at Readable.push (node:internal/streams/readable:394:5)
      at Pipe.onStreamRead (node:internal/stream_base_commons:189:23)
[2m17:45:00[22m [36m[1m[vite][22m[39m [32mhmr update [39m[2m/src/pages/Settings.tsx, /src/index.css[22m
[2m17:45:00[22m [31m[1m[vite][22m[39m Pre-transform error: C:\Users\user\Desktop\opencode\frontend\src\pages\Settings.tsx: Unexpected token, expected "," (309:10)

[0m [90m 307 |[39m               [33m<[39m[33m/[39m[33mdiv[39m[33m>[39m
 [90m 308 |[39m             [33m<[39m[33m/[39m[33mdiv[39m[33m>[39m
[31m[1m>[22m[39m[90m 309 |[39m           })}
 [90m     |[39m           [31m[1m^[22m[39m
 [90m 310 |[39m         [33m<[39m[33m/[39m[33mdiv[39m[33m>[39m
 [90m 311 |[39m       [33m<[39m[33m/[39m[33mdiv[39m[33m>[39m
 [90m 312 |[39m     [33m<[39m[33m/[39m[33mdiv[39m[33m>[39m[0m
[2m17:45:00[22m [31m[1m[vite][22m[39m Pre-transform error: C:\Users\user\Desktop\opencode\frontend\src\pages\Settings.tsx: Unexpected token, expected "," (309:10)

[0m [90m 307 |[39m               [33m<[39m[33m/[39m[33mdiv[39m[33m>[39m
 [90m 308 |[39m             [33m<[39m[33m/[39m[33mdiv[39m[33m>[39m
[31m[1m>[22m[39m[90m 309 |[39m           })}
 [90m     |[39m           [31m[1m^[22m[39m
 [90m 310 |[39m         [33m<[39m[33m/[39m[33mdiv[39m[33m>[39m
 [90m 311 |[39m       [33m<[39m[33m/[39m[33mdiv[39m[33m>[39m
 [90m 312 |[39m     [33m<[39m[33m/[39m[33mdiv[39m[33m>[39m[0m
[2m17:45:01[22m [31m[1m[vite][22m[39m [31mInternal server error: C:\Users\user\Desktop\opencode\frontend\src\pages\Settings.tsx: Unexpected token, expected "," (309:10)

[0m [90m 307 |[31m               [33m<[31m[33m/[31m[33mdiv[31m[33m>[31m
 [90m 308 |[31m             [33m<[31m[33m/[31m[33mdiv[31m[33m>[31m
[31m[1m>[22m[31m[90m 309 |[31m           })}
 [90m     |[31m           [31m[1m^[22m[31m
 [90m 310 |[31m         [33m<[31m[33m/[31m[33mdiv[31m[33m>[31m
 [90m 311 |[31m       [33m<[31m[33m/[31m[33mdiv[31m[33m>[31m
 [90m 312 |[31m     [33m<[31m[33m/[31m[33mdiv[31m[33m>[31m[0m[39m
  Plugin: [35mvite:react-babel[39m
  File: [36mC:/Users/user/Desktop/opencode/frontend/src/pages/Settings.tsx[39m:309:10
[33m  307|                </div>
  308|              </div>
  309|            })}
     |            ^
  310|          </div>
  311|        </div>[39m
      at constructor (C:\Users\user\Desktop\opencode\frontend\node_modules\@babel\parser\lib\index.js:369:19)
      at TypeScriptParserMixin.raise (C:\Users\user\Desktop\opencode\frontend\node_modules\@babel\parser\lib\index.js:6620:19)
      at TypeScriptParserMixin.unexpected (C:\Users\user\Desktop\opencode\frontend\node_modules\@babel\parser\lib\index.js:6640:16)
      at TypeScriptParserMixin.expect (C:\Users\user\Desktop\opencode\frontend\node_modules\@babel\parser\lib\index.js:6920:12)
      at TypeScriptParserMixin.parseParenAndDistinguishExpression (C:\Users\user\Desktop\opencode\frontend\node_modules\@babel\parser\lib\index.js:11687:14)
      at TypeScriptParserMixin.parseExprAtom (C:\Users\user\Desktop\opencode\frontend\node_modules\@babel\parser\lib\index.js:11357:23)
      at TypeScriptParserMixin.parseExprAtom (C:\Users\user\Desktop\opencode\frontend\node_modules\@babel\parser\lib\index.js:4780:20)
      at TypeScriptParserMixin.parseExprSubscripts (C:\Users\user\Desktop\opencode\frontend\node_modules\@babel\parser\lib\index.js:11102:23)
      at TypeScriptParserMixin.parseUpdate (C:\Users\user\Desktop\opencode\frontend\node_modules\@babel\parser\lib\index.js:11087:21)
      at TypeScriptParserMixin.parseMaybeUnary (C:\Users\user\Desktop\opencode\frontend\node_modules\@babel\parser\lib\index.js:11067:23)
      at TypeScriptParserMixin.parseMaybeUnary (C:\Users\user\Desktop\opencode\frontend\node_modules\@babel\parser\lib\index.js:9858:18)
      at TypeScriptParserMixin.parseMaybeUnaryOrPrivate (C:\Users\user\Desktop\opencode\frontend\node_modules\@babel\parser\lib\index.js:10920:61)
      at TypeScriptParserMixin.parseExprOpBaseRightExpr (C:\Users\user\Desktop\opencode\frontend\node_modules\@babel\parser\lib\index.js:11007:34)
      at TypeScriptParserMixin.parseExprOpRightExpr (C:\Users\user\Desktop\opencode\frontend\node_modules\@babel\parser\lib\index.js:11002:21)
      at TypeScriptParserMixin.parseExprOp (C:\Users\user\Desktop\opencode\frontend\node_modules\@babel\parser\lib\index.js:10968:27)
      at TypeScriptParserMixin.parseExprOp (C:\Users\user\Desktop\opencode\frontend\node_modules\@babel\parser\lib\index.js:9327:18)
      at TypeScriptParserMixin.parseExprOp (C:\Users\user\Desktop\opencode\frontend\node_modules\@babel\parser\lib\index.js:10974:21)
      at TypeScriptParserMixin.parseExprOp (C:\Users\user\Desktop\opencode\frontend\node_modules\@babel\parser\lib\index.js:9327:18)
      at TypeScriptParserMixin.parseExprOps (C:\Users\user\Desktop\opencode\frontend\node_modules\@babel\parser\lib\index.js:10929:17)
      at TypeScriptParserMixin.parseMaybeConditional (C:\Users\user\Desktop\opencode\frontend\node_modules\@babel\parser\lib\index.js:10902:23)
      at TypeScriptParserMixin.parseMaybeAssign (C:\Users\user\Desktop\opencode\frontend\node_modules\@babel\parser\lib\index.js:10852:21)
      at TypeScriptParserMixin.parseMaybeAssign (C:\Users\user\Desktop\opencode\frontend\node_modules\@babel\parser\lib\index.js:9807:20)
      at TypeScriptParserMixin.parseExpressionBase (C:\Users\user\Desktop\opencode\frontend\node_modules\@babel\parser\lib\index.js:10805:23)
      at C:\Users\user\Desktop\opencode\frontend\node_modules\@babel\parser\lib\index.js:10801:39
      at TypeScriptParserMixin.allowInAnd (C:\Users\user\Desktop\opencode\frontend\node_modules\@babel\parser\lib\index.js:12455:12)
      at TypeScriptParserMixin.parseExpression (C:\Users\user\Desktop\opencode\frontend\node_modules\@babel\parser\lib\index.js:10801:17)
      at TypeScriptParserMixin.jsxParseExpressionContainer (C:\Users\user\Desktop\opencode\frontend\node_modules\@babel\parser\lib\index.js:4648:31)
      at TypeScriptParserMixin.jsxParseElementAt (C:\Users\user\Desktop\opencode\frontend\node_modules\@babel\parser\lib\index.js:4727:36)
      at TypeScriptParserMixin.jsxParseElementAt (C:\Users\user\Desktop\opencode\frontend\node_modules\@babel\parser\lib\index.js:4714:32)
      at TypeScriptParserMixin.jsxParseElementAt (C:\Users\user\Desktop\opencode\frontend\node_modules\@babel\parser\lib\index.js:4714:32)
      at TypeScriptParserMixin.jsxParseElement (C:\Users\user\Desktop\opencode\frontend\node_modules\@babel\parser\lib\index.js:4765:17)
      at TypeScriptParserMixin.parseExprAtom (C:\Users\user\Desktop\opencode\frontend\node_modules\@babel\parser\lib\index.js:4775:19)
      at TypeScriptParserMixin.parseExprSubscripts (C:\Users\user\Desktop\opencode\frontend\node_modules\@babel\parser\lib\index.js:11102:23)
      at TypeScriptParserMixin.parseUpdate (C:\Users\user\Desktop\opencode\frontend\node_modules\@babel\parser\lib\index.js:11087:21)
      at TypeScriptParserMixin.parseMaybeUnary (C:\Users\user\Desktop\opencode\frontend\node_modules\@babel\parser\lib\index.js:11067:23)
      at TypeScriptParserMixin.parseMaybeUnary (C:\Users\user\Desktop\opencode\frontend\node_modules\@babel\parser\lib\index.js:9858:18)
      at TypeScriptParserMixin.parseMaybeUnaryOrPrivate (C:\Users\user\Desktop\opencode\frontend\node_modules\@babel\parser\lib\index.js:10920:61)
      at TypeScriptParserMixin.parseExprOps (C:\Users\user\Desktop\opencode\frontend\node_modules\@babel\parser\lib\index.js:10925:23)
      at TypeScriptParserMixin.parseMaybeConditional (C:\Users\user\Desktop\opencode\frontend\node_modules\@babel\parser\lib\index.js:10902:23)
      at TypeScriptParserMixin.parseMaybeAssign (C:\Users\user\Desktop\opencode\frontend\node_modules\@babel\parser\lib\index.js:10852:21)
      at C:\Users\user\Desktop\opencode\frontend\node_modules\@babel\parser\lib\index.js:9796:39
      at TypeScriptParserMixin.tryParse (C:\Users\user\Desktop\opencode\frontend\node_modules\@babel\parser\lib\index.js:6928:20)
      at TypeScriptParserMixin.parseMaybeAssign (C:\Users\user\Desktop\opencode\frontend\node_modules\@babel\parser\lib\index.js:9796:18)
      at C:\Users\user\Desktop\opencode\frontend\node_modules\@babel\parser\lib\index.js:10821:39
      at TypeScriptParserMixin.allowInAnd (C:\Users\user\Desktop\opencode\frontend\node_modules\@babel\parser\lib\index.js:12455:12)
      at TypeScriptParserMixin.parseMaybeAssignAllowIn (C:\Users\user\Desktop\opencode\frontend\node_modules\@babel\parser\lib\index.js:10821:17)
      at TypeScriptParserMixin.parseMaybeAssignAllowInOrVoidPattern (C:\Users\user\Desktop\opencode\frontend\node_modules\@babel\parser\lib\index.js:12522:17)
      at TypeScriptParserMixin.parseParenAndDistinguishExpression (C:\Users\user\Desktop\opencode\frontend\node_modules\@babel\parser\lib\index.js:11701:28)
      at TypeScriptParserMixin.parseExprAtom (C:\Users\user\Desktop\opencode\frontend\node_modules\@babel\parser\lib\index.js:11357:23)
      at TypeScriptParserMixin.parseExprAtom (C:\Users\user\Desktop\opencode\frontend\node_modules\@babel\parser\lib\index.js:4780:20)
[2m17:46:57[22m [36m[1m[vite][22m[39m [32mhmr update [39m[2m/src/pages/Settings.tsx, /src/index.css[22m
[2m17:46:57[22m [31m[1m[vite][22m[39m Pre-transform error: C:\Users\user\Desktop\opencode\frontend\src\pages\Settings.tsx: Unexpected token, expected "}" (309:11)

[0m [90m 307 |[39m               [33m<[39m[33m/[39m[33mdiv[39m[33m>[39m
 [90m 308 |[39m             [33m<[39m[33m/[39m[33mdiv[39m[33m>[39m
[31m[1m>[22m[39m[90m 309 |[39m           ))}
 [90m     |[39m            [31m[1m^[22m[39m
 [90m 310 |[39m         [33m<[39m[33m/[39m[33mdiv[39m[33m>[39m
 [90m 311 |[39m       [33m<[39m[33m/[39m[33mdiv[39m[33m>[39m
 [90m 312 |[39m     [33m<[39m[33m/[39m[33mdiv[39m[33m>[39m[0m
[2m17:46:57[22m [31m[1m[vite][22m[39m Pre-transform error: C:\Users\user\Desktop\opencode\frontend\src\pages\Settings.tsx: Unexpected token, expected "}" (309:11)

[0m [90m 307 |[39m               [33m<[39m[33m/[39m[33mdiv[39m[33m>[39m
 [90m 308 |[39m             [33m<[39m[33m/[39m[33mdiv[39m[33m>[39m
[31m[1m>[22m[39m[90m 309 |[39m           ))}
 [90m     |[39m            [31m[1m^[22m[39m
 [90m 310 |[39m         [33m<[39m[33m/[39m[33mdiv[39m[33m>[39m
 [90m 311 |[39m       [33m<[39m[33m/[39m[33mdiv[39m[33m>[39m
 [90m 312 |[39m     [33m<[39m[33m/[39m[33mdiv[39m[33m>[39m[0m
[2m17:46:58[22m [31m[1m[vite][22m[39m [31mInternal server error: C:\Users\user\Desktop\opencode\frontend\src\pages\Settings.tsx: Unexpected token, expected "}" (309:11)

[0m [90m 307 |[31m               [33m<[31m[33m/[31m[33mdiv[31m[33m>[31m
 [90m 308 |[31m             [33m<[31m[33m/[31m[33mdiv[31m[33m>[31m
[31m[1m>[22m[31m[90m 309 |[31m           ))}
 [90m     |[31m            [31m[1m^[22m[31m
 [90m 310 |[31m         [33m<[31m[33m/[31m[33mdiv[31m[33m>[31m
 [90m 311 |[31m       [33m<[31m[33m/[31m[33mdiv[31m[33m>[31m
 [90m 312 |[31m     [33m<[31m[33m/[31m[33mdiv[31m[33m>[31m[0m[39m
  Plugin: [35mvite:react-babel[39m
  File: [36mC:/Users/user/Desktop/opencode/frontend/src/pages/Settings.tsx[39m:309:11
[33m  307|                </div>
  308|              </div>
  309|            ))}
     |             ^
  310|          </div>
  311|        </div>[39m
      at constructor (C:\Users\user\Desktop\opencode\frontend\node_modules\@babel\parser\lib\index.js:369:19)
      at TypeScriptParserMixin.raise (C:\Users\user\Desktop\opencode\frontend\node_modules\@babel\parser\lib\index.js:6620:19)
      at TypeScriptParserMixin.unexpected (C:\Users\user\Desktop\opencode\frontend\node_modules\@babel\parser\lib\index.js:6640:16)
      at TypeScriptParserMixin.expect (C:\Users\user\Desktop\opencode\frontend\node_modules\@babel\parser\lib\index.js:6920:12)
      at TypeScriptParserMixin.jsxParseExpressionContainer (C:\Users\user\Desktop\opencode\frontend\node_modules\@babel\parser\lib\index.js:4653:10)
      at TypeScriptParserMixin.jsxParseElementAt (C:\Users\user\Desktop\opencode\frontend\node_modules\@babel\parser\lib\index.js:4727:36)
      at TypeScriptParserMixin.jsxParseElementAt (C:\Users\user\Desktop\opencode\frontend\node_modules\@babel\parser\lib\index.js:4714:32)
      at TypeScriptParserMixin.jsxParseElementAt (C:\Users\user\Desktop\opencode\frontend\node_modules\@babel\parser\lib\index.js:4714:32)
      at TypeScriptParserMixin.jsxParseElement (C:\Users\user\Desktop\opencode\frontend\node_modules\@babel\parser\lib\index.js:4765:17)
      at TypeScriptParserMixin.parseExprAtom (C:\Users\user\Desktop\opencode\frontend\node_modules\@babel\parser\lib\index.js:4775:19)
      at TypeScriptParserMixin.parseExprSubscripts (C:\Users\user\Desktop\opencode\frontend\node_modules\@babel\parser\lib\index.js:11102:23)
      at TypeScriptParserMixin.parseUpdate (C:\Users\user\Desktop\opencode\frontend\node_modules\@babel\parser\lib\index.js:11087:21)
      at TypeScriptParserMixin.parseMaybeUnary (C:\Users\user\Desktop\opencode\frontend\node_modules\@babel\parser\lib\index.js:11067:23)
      at TypeScriptParserMixin.parseMaybeUnary (C:\Users\user\Desktop\opencode\frontend\node_modules\@babel\parser\lib\index.js:9858:18)
      at TypeScriptParserMixin.parseMaybeUnaryOrPrivate (C:\Users\user\Desktop\opencode\frontend\node_modules\@babel\parser\lib\index.js:10920:61)
      at TypeScriptParserMixin.parseExprOps (C:\Users\user\Desktop\opencode\frontend\node_modules\@babel\parser\lib\index.js:10925:23)
      at TypeScriptParserMixin.parseMaybeConditional (C:\Users\user\Desktop\opencode\frontend\node_modules\@babel\parser\lib\index.js:10902:23)
      at TypeScriptParserMixin.parseMaybeAssign (C:\Users\user\Desktop\opencode\frontend\node_modules\@babel\parser\lib\index.js:10852:21)
      at C:\Users\user\Desktop\opencode\frontend\node_modules\@babel\parser\lib\index.js:9796:39
      at TypeScriptParserMixin.tryParse (C:\Users\user\Desktop\opencode\frontend\node_modules\@babel\parser\lib\index.js:6928:20)
      at TypeScriptParserMixin.parseMaybeAssign (C:\Users\user\Desktop\opencode\frontend\node_modules\@babel\parser\lib\index.js:9796:18)
      at C:\Users\user\Desktop\opencode\frontend\node_modules\@babel\parser\lib\index.js:10821:39
      at TypeScriptParserMixin.allowInAnd (C:\Users\user\Desktop\opencode\frontend\node_modules\@babel\parser\lib\index.js:12455:12)
      at TypeScriptParserMixin.parseMaybeAssignAllowIn (C:\Users\user\Desktop\opencode\frontend\node_modules\@babel\parser\lib\index.js:10821:17)
      at TypeScriptParserMixin.parseMaybeAssignAllowInOrVoidPattern (C:\Users\user\Desktop\opencode\frontend\node_modules\@babel\parser\lib\index.js:12522:17)
      at TypeScriptParserMixin.parseParenAndDistinguishExpression (C:\Users\user\Desktop\opencode\frontend\node_modules\@babel\parser\lib\index.js:11701:28)
      at TypeScriptParserMixin.parseExprAtom (C:\Users\user\Desktop\opencode\frontend\node_modules\@babel\parser\lib\index.js:11357:23)
      at TypeScriptParserMixin.parseExprAtom (C:\Users\user\Desktop\opencode\frontend\node_modules\@babel\parser\lib\index.js:4780:20)
      at TypeScriptParserMixin.parseExprSubscripts (C:\Users\user\Desktop\opencode\frontend\node_modules\@babel\parser\lib\index.js:11102:23)
      at TypeScriptParserMixin.parseUpdate (C:\Users\user\Desktop\opencode\frontend\node_modules\@babel\parser\lib\index.js:11087:21)
      at TypeScriptParserMixin.parseMaybeUnary (C:\Users\user\Desktop\opencode\frontend\node_modules\@babel\parser\lib\index.js:11067:23)
      at TypeScriptParserMixin.parseMaybeUnary (C:\Users\user\Desktop\opencode\frontend\node_modules\@babel\parser\lib\index.js:9858:18)
      at TypeScriptParserMixin.parseMaybeUnaryOrPrivate (C:\Users\user\Desktop\opencode\frontend\node_modules\@babel\parser\lib\index.js:10920:61)
      at TypeScriptParserMixin.parseExprOps (C:\Users\user\Desktop\opencode\frontend\node_modules\@babel\parser\lib\index.js:10925:23)
      at TypeScriptParserMixin.parseMaybeConditional (C:\Users\user\Desktop\opencode\frontend\node_modules\@babel\parser\lib\index.js:10902:23)
      at TypeScriptParserMixin.parseMaybeAssign (C:\Users\user\Desktop\opencode\frontend\node_modules\@babel\parser\lib\index.js:10852:21)
      at TypeScriptParserMixin.parseMaybeAssign (C:\Users\user\Desktop\opencode\frontend\node_modules\@babel\parser\lib\index.js:9807:20)
      at TypeScriptParserMixin.parseExpressionBase (C:\Users\user\Desktop\opencode\frontend\node_modules\@babel\parser\lib\index.js:10805:23)
      at C:\Users\user\Desktop\opencode\frontend\node_modules\@babel\parser\lib\index.js:10801:39
      at TypeScriptParserMixin.allowInAnd (C:\Users\user\Desktop\opencode\frontend\node_modules\@babel\parser\lib\index.js:12450:16)
      at TypeScriptParserMixin.parseExpression (C:\Users\user\Desktop\opencode\frontend\node_modules\@babel\parser\lib\index.js:10801:17)
      at TypeScriptParserMixin.parseReturnStatement (C:\Users\user\Desktop\opencode\frontend\node_modules\@babel\parser\lib\index.js:13171:28)
      at TypeScriptParserMixin.parseStatementContent (C:\Users\user\Desktop\opencode\frontend\node_modules\@babel\parser\lib\index.js:12827:21)
      at TypeScriptParserMixin.parseStatementContent (C:\Users\user\Desktop\opencode\frontend\node_modules\@babel\parser\lib\index.js:9529:18)
      at TypeScriptParserMixin.parseStatementLike (C:\Users\user\Desktop\opencode\frontend\node_modules\@babel\parser\lib\index.js:12796:17)
      at TypeScriptParserMixin.parseStatementListItem (C:\Users\user\Desktop\opencode\frontend\node_modules\@babel\parser\lib\index.js:12776:17)
      at TypeScriptParserMixin.parseBlockOrModuleBlockBody (C:\Users\user\Desktop\opencode\frontend\node_modules\@babel\parser\lib\index.js:13345:61)
      at TypeScriptParserMixin.parseBlockBody (C:\Users\user\Desktop\opencode\frontend\node_modules\@babel\parser\lib\index.js:13338:10)
      at TypeScriptParserMixin.parseBlock (C:\Users\user\Desktop\opencode\frontend\node_modules\@babel\parser\lib\index.js:13326:10)
      at TypeScriptParserMixin.parseFunctionBody (C:\Users\user\Desktop\opencode\frontend\node_modules\@babel\parser\lib\index.js:12129:24)
[2m17:53:01[22m [36m[1m[vite][22m[39m [32mhmr update [39m[2m/src/pages/Settings.tsx, /src/index.css[22m
[2m17:53:01[22m [31m[1m[vite][22m[39m Pre-transform error: C:\Users\user\Desktop\opencode\frontend\src\pages\Settings.tsx: Unexpected token, expected "}" (309:11)

[0m [90m 307 |[39m               [33m<[39m[33m/[39m[33mdiv[39m[33m>[39m
 [90m 308 |[39m             [33m<[39m[33m/[39m[33mdiv[39m[33m>[39m
[31m[1m>[22m[39m[90m 309 |[39m           ))}
 [90m     |[39m            [31m[1m^[22m[39m
 [90m 310 |[39m         [33m<[39m[33m/[39m[33mdiv[39m[33m>[39m
 [90m 311 |[39m       [33m<[39m[33m/[39m[33mdiv[39m[33m>[39m
 [90m 312 |[39m     [33m<[39m[33m/[39m[33mdiv[39m[33m>[39m[0m
[2m17:53:01[22m [31m[1m[vite][22m[39m Pre-transform error: C:\Users\user\Desktop\opencode\frontend\src\pages\Settings.tsx: Unexpected token, expected "}" (309:11)

[0m [90m 307 |[39m               [33m<[39m[33m/[39m[33mdiv[39m[33m>[39m
 [90m 308 |[39m             [33m<[39m[33m/[39m[33mdiv[39m[33m>[39m
[31m[1m>[22m[39m[90m 309 |[39m           ))}
 [90m     |[39m            [31m[1m^[22m[39m
 [90m 310 |[39m         [33m<[39m[33m/[39m[33mdiv[39m[33m>[39m
 [90m 311 |[39m       [33m<[39m[33m/[39m[33mdiv[39m[33m>[39m
 [90m 312 |[39m     [33m<[39m[33m/[39m[33mdiv[39m[33m>[39m[0m
[2m17:53:02[22m [31m[1m[vite][22m[39m [31mInternal server error: C:\Users\user\Desktop\opencode\frontend\src\pages\Settings.tsx: Unexpected token, expected "}" (309:11)

[0m [90m 307 |[31m               [33m<[31m[33m/[31m[33mdiv[31m[33m>[31m
 [90m 308 |[31m             [33m<[31m[33m/[31m[33mdiv[31m[33m>[31m
[31m[1m>[22m[31m[90m 309 |[31m           ))}
 [90m     |[31m            [31m[1m^[22m[31m
 [90m 310 |[31m         [33m<[31m[33m/[31m[33mdiv[31m[33m>[31m
 [90m 311 |[31m       [33m<[31m[33m/[31m[33mdiv[31m[33m>[31m
 [90m 312 |[31m     [33m<[31m[33m/[31m[33mdiv[31m[33m>[31m[0m[39m
  Plugin: [35mvite:react-babel[39m
  File: [36mC:/Users/user/Desktop/opencode/frontend/src/pages/Settings.tsx[39m:309:11
[33m  307|                </div>
  308|              </div>
  309|            ))}
     |             ^
  310|          </div>
  311|        </div>[39m
      at constructor (C:\Users\user\Desktop\opencode\frontend\node_modules\@babel\parser\lib\index.js:369:19)
      at TypeScriptParserMixin.raise (C:\Users\user\Desktop\opencode\frontend\node_modules\@babel\parser\lib\index.js:6620:19)
      at TypeScriptParserMixin.unexpected (C:\Users\user\Desktop\opencode\frontend\node_modules\@babel\parser\lib\index.js:6640:16)
      at TypeScriptParserMixin.expect (C:\Users\user\Desktop\opencode\frontend\node_modules\@babel\parser\lib\index.js:6920:12)
      at TypeScriptParserMixin.jsxParseExpressionContainer (C:\Users\user\Desktop\opencode\frontend\node_modules\@babel\parser\lib\index.js:4653:10)
      at TypeScriptParserMixin.jsxParseElementAt (C:\Users\user\Desktop\opencode\frontend\node_modules\@babel\parser\lib\index.js:4727:36)
      at TypeScriptParserMixin.jsxParseElementAt (C:\Users\user\Desktop\opencode\frontend\node_modules\@babel\parser\lib\index.js:4714:32)
      at TypeScriptParserMixin.jsxParseElementAt (C:\Users\user\Desktop\opencode\frontend\node_modules\@babel\parser\lib\index.js:4714:32)
      at TypeScriptParserMixin.jsxParseElement (C:\Users\user\Desktop\opencode\frontend\node_modules\@babel\parser\lib\index.js:4765:17)
      at TypeScriptParserMixin.parseExprAtom (C:\Users\user\Desktop\opencode\frontend\node_modules\@babel\parser\lib\index.js:4775:19)
      at TypeScriptParserMixin.parseExprSubscripts (C:\Users\user\Desktop\opencode\frontend\node_modules\@babel\parser\lib\index.js:11102:23)
      at TypeScriptParserMixin.parseUpdate (C:\Users\user\Desktop\opencode\frontend\node_modules\@babel\parser\lib\index.js:11087:21)
      at TypeScriptParserMixin.parseMaybeUnary (C:\Users\user\Desktop\opencode\frontend\node_modules\@babel\parser\lib\index.js:11067:23)
      at TypeScriptParserMixin.parseMaybeUnary (C:\Users\user\Desktop\opencode\frontend\node_modules\@babel\parser\lib\index.js:9858:18)
      at TypeScriptParserMixin.parseMaybeUnaryOrPrivate (C:\Users\user\Desktop\opencode\frontend\node_modules\@babel\parser\lib\index.js:10920:61)
      at TypeScriptParserMixin.parseExprOps (C:\Users\user\Desktop\opencode\frontend\node_modules\@babel\parser\lib\index.js:10925:23)
      at TypeScriptParserMixin.parseMaybeConditional (C:\Users\user\Desktop\opencode\frontend\node_modules\@babel\parser\lib\index.js:10902:23)
      at TypeScriptParserMixin.parseMaybeAssign (C:\Users\user\Desktop\opencode\frontend\node_modules\@babel\parser\lib\index.js:10852:21)
      at C:\Users\user\Desktop\opencode\frontend\node_modules\@babel\parser\lib\index.js:9796:39
      at TypeScriptParserMixin.tryParse (C:\Users\user\Desktop\opencode\frontend\node_modules\@babel\parser\lib\index.js:6928:20)
      at TypeScriptParserMixin.parseMaybeAssign (C:\Users\user\Desktop\opencode\frontend\node_modules\@babel\parser\lib\index.js:9796:18)
      at C:\Users\user\Desktop\opencode\frontend\node_modules\@babel\parser\lib\index.js:10821:39
      at TypeScriptParserMixin.allowInAnd (C:\Users\user\Desktop\opencode\frontend\node_modules\@babel\parser\lib\index.js:12455:12)
      at TypeScriptParserMixin.parseMaybeAssignAllowIn (C:\Users\user\Desktop\opencode\frontend\node_modules\@babel\parser\lib\index.js:10821:17)
      at TypeScriptParserMixin.parseMaybeAssignAllowInOrVoidPattern (C:\Users\user\Desktop\opencode\frontend\node_modules\@babel\parser\lib\index.js:12522:17)
      at TypeScriptParserMixin.parseParenAndDistinguishExpression (C:\Users\user\Desktop\opencode\frontend\node_modules\@babel\parser\lib\index.js:11701:28)
      at TypeScriptParserMixin.parseExprAtom (C:\Users\user\Desktop\opencode\frontend\node_modules\@babel\parser\lib\index.js:11357:23)
      at TypeScriptParserMixin.parseExprAtom (C:\Users\user\Desktop\opencode\frontend\node_modules\@babel\parser\lib\index.js:4780:20)
      at TypeScriptParserMixin.parseExprSubscripts (C:\Users\user\Desktop\opencode\frontend\node_modules\@babel\parser\lib\index.js:11102:23)
      at TypeScriptParserMixin.parseUpdate (C:\Users\user\Desktop\opencode\frontend\node_modules\@babel\parser\lib\index.js:11087:21)
      at TypeScriptParserMixin.parseMaybeUnary (C:\Users\user\Desktop\opencode\frontend\node_modules\@babel\parser\lib\index.js:11067:23)
      at TypeScriptParserMixin.parseMaybeUnary (C:\Users\user\Desktop\opencode\frontend\node_modules\@babel\parser\lib\index.js:9858:18)
      at TypeScriptParserMixin.parseMaybeUnaryOrPrivate (C:\Users\user\Desktop\opencode\frontend\node_modules\@babel\parser\lib\index.js:10920:61)
      at TypeScriptParserMixin.parseExprOps (C:\Users\user\Desktop\opencode\frontend\node_modules\@babel\parser\lib\index.js:10925:23)
      at TypeScriptParserMixin.parseMaybeConditional (C:\Users\user\Desktop\opencode\frontend\node_modules\@babel\parser\lib\index.js:10902:23)
      at TypeScriptParserMixin.parseMaybeAssign (C:\Users\user\Desktop\opencode\frontend\node_modules\@babel\parser\lib\index.js:10852:21)
      at TypeScriptParserMixin.parseMaybeAssign (C:\Users\user\Desktop\opencode\frontend\node_modules\@babel\parser\lib\index.js:9807:20)
      at TypeScriptParserMixin.parseExpressionBase (C:\Users\user\Desktop\opencode\frontend\node_modules\@babel\parser\lib\index.js:10805:23)
      at C:\Users\user\Desktop\opencode\frontend\node_modules\@babel\parser\lib\index.js:10801:39
      at TypeScriptParserMixin.allowInAnd (C:\Users\user\Desktop\opencode\frontend\node_modules\@babel\parser\lib\index.js:12450:16)
      at TypeScriptParserMixin.parseExpression (C:\Users\user\Desktop\opencode\frontend\node_modules\@babel\parser\lib\index.js:10801:17)
      at TypeScriptParserMixin.parseReturnStatement (C:\Users\user\Desktop\opencode\frontend\node_modules\@babel\parser\lib\index.js:13171:28)
      at TypeScriptParserMixin.parseStatementContent (C:\Users\user\Desktop\opencode\frontend\node_modules\@babel\parser\lib\index.js:12827:21)
      at TypeScriptParserMixin.parseStatementContent (C:\Users\user\Desktop\opencode\frontend\node_modules\@babel\parser\lib\index.js:9529:18)
      at TypeScriptParserMixin.parseStatementLike (C:\Users\user\Desktop\opencode\frontend\node_modules\@babel\parser\lib\index.js:12796:17)
      at TypeScriptParserMixin.parseStatementListItem (C:\Users\user\Desktop\opencode\frontend\node_modules\@babel\parser\lib\index.js:12776:17)
      at TypeScriptParserMixin.parseBlockOrModuleBlockBody (C:\Users\user\Desktop\opencode\frontend\node_modules\@babel\parser\lib\index.js:13345:61)
      at TypeScriptParserMixin.parseBlockBody (C:\Users\user\Desktop\opencode\frontend\node_modules\@babel\parser\lib\index.js:13338:10)
      at TypeScriptParserMixin.parseBlock (C:\Users\user\Desktop\opencode\frontend\node_modules\@babel\parser\lib\index.js:13326:10)
      at TypeScriptParserMixin.parseFunctionBody (C:\Users\user\Desktop\opencode\frontend\node_modules\@babel\parser\lib\index.js:12129:24)
[2m17:53:14[22m [36m[1m[vite][22m[39m [32mhmr update [39m[2m/src/pages/Settings.tsx, /src/index.css[22m
[2m17:53:15[22m [31m[1m[vite][22m[39m Pre-transform error: C:\Users\user\Desktop\opencode\frontend\src\pages\Settings.tsx: Unexpected token, expected "}" (309:11)

[0m [90m 307 |[39m               [33m<[39m[33m/[39m[33mdiv[39m[33m>[39m
 [90m 308 |[39m             [33m<[39m[33m/[39m[33mdiv[39m[33m>[39m
[31m[1m>[22m[39m[90m 309 |[39m           ))}
 [90m     |[39m            [31m[1m^[22m[39m
 [90m 310 |[39m         [33m<[39m[33m/[39m[33mdiv[39m[33m>[39m
 [90m 311 |[39m       [33m<[39m[33m/[39m[33mdiv[39m[33m>[39m
 [90m 312 |[39m     [33m<[39m[33m/[39m[33mdiv[39m[33m>[39m[0m
[2m17:53:15[22m [31m[1m[vite][22m[39m Pre-transform error: C:\Users\user\Desktop\opencode\frontend\src\pages\Settings.tsx: Unexpected token, expected "}" (309:11)

[0m [90m 307 |[39m               [33m<[39m[33m/[39m[33mdiv[39m[33m>[39m
 [90m 308 |[39m             [33m<[39m[33m/[39m[33mdiv[39m[33m>[39m
[31m[1m>[22m[39m[90m 309 |[39m           ))}
 [90m     |[39m            [31m[1m^[22m[39m
 [90m 310 |[39m         [33m<[39m[33m/[39m[33mdiv[39m[33m>[39m
 [90m 311 |[39m       [33m<[39m[33m/[39m[33mdiv[39m[33m>[39m
 [90m 312 |[39m     [33m<[39m[33m/[39m[33mdiv[39m[33m>[39m[0m
[2m17:53:15[22m [31m[1m[vite][22m[39m [31mInternal server error: C:\Users\user\Desktop\opencode\frontend\src\pages\Settings.tsx: Unexpected token, expected "}" (309:11)

[0m [90m 307 |[31m               [33m<[31m[33m/[31m[33mdiv[31m[33m>[31m
 [90m 308 |[31m             [33m<[31m[33m/[31m[33mdiv[31m[33m>[31m
[31m[1m>[22m[31m[90m 309 |[31m           ))}
 [90m     |[31m            [31m[1m^[22m[31m
 [90m 310 |[31m         [33m<[31m[33m/[31m[33mdiv[31m[33m>[31m
 [90m 311 |[31m       [33m<[31m[33m/[31m[33mdiv[31m[33m>[31m
 [90m 312 |[31m     [33m<[31m[33m/[31m[33mdiv[31m[33m>[31m[0m[39m
  Plugin: [35mvite:react-babel[39m
  File: [36mC:/Users/user/Desktop/opencode/frontend/src/pages/Settings.tsx[39m:309:11
[33m  307|                </div>
  308|              </div>
  309|            ))}
     |             ^
  310|          </div>
  311|        </div>[39m
      at constructor (C:\Users\user\Desktop\opencode\frontend\node_modules\@babel\parser\lib\index.js:369:19)
      at TypeScriptParserMixin.raise (C:\Users\user\Desktop\opencode\frontend\node_modules\@babel\parser\lib\index.js:6620:19)
      at TypeScriptParserMixin.unexpected (C:\Users\user\Desktop\opencode\frontend\node_modules\@babel\parser\lib\index.js:6640:16)
      at TypeScriptParserMixin.expect (C:\Users\user\Desktop\opencode\frontend\node_modules\@babel\parser\lib\index.js:6920:12)
      at TypeScriptParserMixin.jsxParseExpressionContainer (C:\Users\user\Desktop\opencode\frontend\node_modules\@babel\parser\lib\index.js:4653:10)
      at TypeScriptParserMixin.jsxParseElementAt (C:\Users\user\Desktop\opencode\frontend\node_modules\@babel\parser\lib\index.js:4727:36)
      at TypeScriptParserMixin.jsxParseElementAt (C:\Users\user\Desktop\opencode\frontend\node_modules\@babel\parser\lib\index.js:4714:32)
      at TypeScriptParserMixin.jsxParseElementAt (C:\Users\user\Desktop\opencode\frontend\node_modules\@babel\parser\lib\index.js:4714:32)
      at TypeScriptParserMixin.jsxParseElement (C:\Users\user\Desktop\opencode\frontend\node_modules\@babel\parser\lib\index.js:4765:17)
      at TypeScriptParserMixin.parseExprAtom (C:\Users\user\Desktop\opencode\frontend\node_modules\@babel\parser\lib\index.js:4775:19)
      at TypeScriptParserMixin.parseExprSubscripts (C:\Users\user\Desktop\opencode\frontend\node_modules\@babel\parser\lib\index.js:11102:23)
      at TypeScriptParserMixin.parseUpdate (C:\Users\user\Desktop\opencode\frontend\node_modules\@babel\parser\lib\index.js:11087:21)
      at TypeScriptParserMixin.parseMaybeUnary (C:\Users\user\Desktop\opencode\frontend\node_modules\@babel\parser\lib\index.js:11067:23)
      at TypeScriptParserMixin.parseMaybeUnary (C:\Users\user\Desktop\opencode\frontend\node_modules\@babel\parser\lib\index.js:9858:18)
      at TypeScriptParserMixin.parseMaybeUnaryOrPrivate (C:\Users\user\Desktop\opencode\frontend\node_modules\@babel\parser\lib\index.js:10920:61)
      at TypeScriptParserMixin.parseExprOps (C:\Users\user\Desktop\opencode\frontend\node_modules\@babel\parser\lib\index.js:10925:23)
      at TypeScriptParserMixin.parseMaybeConditional (C:\Users\user\Desktop\opencode\frontend\node_modules\@babel\parser\lib\index.js:10902:23)
      at TypeScriptParserMixin.parseMaybeAssign (C:\Users\user\Desktop\opencode\frontend\node_modules\@babel\parser\lib\index.js:10852:21)
      at C:\Users\user\Desktop\opencode\frontend\node_modules\@babel\parser\lib\index.js:9796:39
      at TypeScriptParserMixin.tryParse (C:\Users\user\Desktop\opencode\frontend\node_modules\@babel\parser\lib\index.js:6928:20)
      at TypeScriptParserMixin.parseMaybeAssign (C:\Users\user\Desktop\opencode\frontend\node_modules\@babel\parser\lib\index.js:9796:18)
      at C:\Users\user\Desktop\opencode\frontend\node_modules\@babel\parser\lib\index.js:10821:39
      at TypeScriptParserMixin.allowInAnd (C:\Users\user\Desktop\opencode\frontend\node_modules\@babel\parser\lib\index.js:12455:12)
      at TypeScriptParserMixin.parseMaybeAssignAllowIn (C:\Users\user\Desktop\opencode\frontend\node_modules\@babel\parser\lib\index.js:10821:17)
      at TypeScriptParserMixin.parseMaybeAssignAllowInOrVoidPattern (C:\Users\user\Desktop\opencode\frontend\node_modules\@babel\parser\lib\index.js:12522:17)
      at TypeScriptParserMixin.parseParenAndDistinguishExpression (C:\Users\user\Desktop\opencode\frontend\node_modules\@babel\parser\lib\index.js:11701:28)
      at TypeScriptParserMixin.parseExprAtom (C:\Users\user\Desktop\opencode\frontend\node_modules\@babel\parser\lib\index.js:11357:23)
      at TypeScriptParserMixin.parseExprAtom (C:\Users\user\Desktop\opencode\frontend\node_modules\@babel\parser\lib\index.js:4780:20)
      at TypeScriptParserMixin.parseExprSubscripts (C:\Users\user\Desktop\opencode\frontend\node_modules\@babel\parser\lib\index.js:11102:23)
      at TypeScriptParserMixin.parseUpdate (C:\Users\user\Desktop\opencode\frontend\node_modules\@babel\parser\lib\index.js:11087:21)
      at TypeScriptParserMixin.parseMaybeUnary (C:\Users\user\Desktop\opencode\frontend\node_modules\@babel\parser\lib\index.js:11067:23)
      at TypeScriptParserMixin.parseMaybeUnary (C:\Users\user\Desktop\opencode\frontend\node_modules\@babel\parser\lib\index.js:9858:18)
      at TypeScriptParserMixin.parseMaybeUnaryOrPrivate (C:\Users\user\Desktop\opencode\frontend\node_modules\@babel\parser\lib\index.js:10920:61)
      at TypeScriptParserMixin.parseExprOps (C:\Users\user\Desktop\opencode\frontend\node_modules\@babel\parser\lib\index.js:10925:23)
      at TypeScriptParserMixin.parseMaybeConditional (C:\Users\user\Desktop\opencode\frontend\node_modules\@babel\parser\lib\index.js:10902:23)
      at TypeScriptParserMixin.parseMaybeAssign (C:\Users\user\Desktop\opencode\frontend\node_modules\@babel\parser\lib\index.js:10852:21)
      at TypeScriptParserMixin.parseMaybeAssign (C:\Users\user\Desktop\opencode\frontend\node_modules\@babel\parser\lib\index.js:9807:20)
      at TypeScriptParserMixin.parseExpressionBase (C:\Users\user\Desktop\opencode\frontend\node_modules\@babel\parser\lib\index.js:10805:23)
      at C:\Users\user\Desktop\opencode\frontend\node_modules\@babel\parser\lib\index.js:10801:39
      at TypeScriptParserMixin.allowInAnd (C:\Users\user\Desktop\opencode\frontend\node_modules\@babel\parser\lib\index.js:12450:16)
      at TypeScriptParserMixin.parseExpression (C:\Users\user\Desktop\opencode\frontend\node_modules\@babel\parser\lib\index.js:10801:17)
      at TypeScriptParserMixin.parseReturnStatement (C:\Users\user\Desktop\opencode\frontend\node_modules\@babel\parser\lib\index.js:13171:28)
      at TypeScriptParserMixin.parseStatementContent (C:\Users\user\Desktop\opencode\frontend\node_modules\@babel\parser\lib\index.js:12827:21)
      at TypeScriptParserMixin.parseStatementContent (C:\Users\user\Desktop\opencode\frontend\node_modules\@babel\parser\lib\index.js:9529:18)
      at TypeScriptParserMixin.parseStatementLike (C:\Users\user\Desktop\opencode\frontend\node_modules\@babel\parser\lib\index.js:12796:17)
      at TypeScriptParserMixin.parseStatementListItem (C:\Users\user\Desktop\opencode\frontend\node_modules\@babel\parser\lib\index.js:12776:17)
      at TypeScriptParserMixin.parseBlockOrModuleBlockBody (C:\Users\user\Desktop\opencode\frontend\node_modules\@babel\parser\lib\index.js:13345:61)
      at TypeScriptParserMixin.parseBlockBody (C:\Users\user\Desktop\opencode\frontend\node_modules\@babel\parser\lib\index.js:13338:10)
      at TypeScriptParserMixin.parseBlock (C:\Users\user\Desktop\opencode\frontend\node_modules\@babel\parser\lib\index.js:13326:10)
      at TypeScriptParserMixin.parseFunctionBody (C:\Users\user\Desktop\opencode\frontend\node_modules\@babel\parser\lib\index.js:12129:24)
[2m17:53:32[22m [36m[1m[vite][22m[39m [32mhmr update [39m[2m/src/pages/Settings.tsx, /src/index.css[22m
[2m17:53:32[22m [31m[1m[vite][22m[39m Pre-transform error: C:\Users\user\Desktop\opencode\frontend\src\pages\Settings.tsx: Unexpected token, expected "}" (309:11)

[0m [90m 307 |[39m               [33m<[39m[33m/[39m[33mdiv[39m[33m>[39m
 [90m 308 |[39m             [33m<[39m[33m/[39m[33mdiv[39m[33m>[39m
[31m[1m>[22m[39m[90m 309 |[39m           ))}
 [90m     |[39m            [31m[1m^[22m[39m
 [90m 310 |[39m         [33m<[39m[33m/[39m[33mdiv[39m[33m>[39m
 [90m 311 |[39m       [33m<[39m[33m/[39m[33mdiv[39m[33m>[39m
 [90m 312 |[39m     [33m<[39m[33m/[39m[33mdiv[39m[33m>[39m[0m
[2m17:53:32[22m [31m[1m[vite][22m[39m Pre-transform error: C:\Users\user\Desktop\opencode\frontend\src\pages\Settings.tsx: Unexpected token, expected "}" (309:11)

[0m [90m 307 |[39m               [33m<[39m[33m/[39m[33mdiv[39m[33m>[39m
 [90m 308 |[39m             [33m<[39m[33m/[39m[33mdiv[39m[33m>[39m
[31m[1m>[22m[39m[90m 309 |[39m           ))}
 [90m     |[39m            [31m[1m^[22m[39m
 [90m 310 |[39m         [33m<[39m[33m/[39m[33mdiv[39m[33m>[39m
 [90m 311 |[39m       [33m<[39m[33m/[39m[33mdiv[39m[33m>[39m
 [90m 312 |[39m     [33m<[39m[33m/[39m[33mdiv[39m[33m>[39m[0m
[2m17:53:32[22m [31m[1m[vite][22m[39m [31mInternal server error: C:\Users\user\Desktop\opencode\frontend\src\pages\Settings.tsx: Unexpected token, expected "}" (309:11)

[0m [90m 307 |[31m               [33m<[31m[33m/[31m[33mdiv[31m[33m>[31m
 [90m 308 |[31m             [33m<[31m[33m/[31m[33mdiv[31m[33m>[31m
[31m[1m>[22m[31m[90m 309 |[31m           ))}
 [90m     |[31m            [31m[1m^[22m[31m
 [90m 310 |[31m         [33m<[31m[33m/[31m[33mdiv[31m[33m>[31m
 [90m 311 |[31m       [33m<[31m[33m/[31m[33mdiv[31m[33m>[31m
 [90m 312 |[31m     [33m<[31m[33m/[31m[33mdiv[31m[33m>[31m[0m[39m
  Plugin: [35mvite:react-babel[39m
  File: [36mC:/Users/user/Desktop/opencode/frontend/src/pages/Settings.tsx[39m:309:11
[33m  307|                </div>
  308|              </div>
  309|            ))}
     |             ^
  310|          </div>
  311|        </div>[39m
      at constructor (C:\Users\user\Desktop\opencode\frontend\node_modules\@babel\parser\lib\index.js:369:19)
      at TypeScriptParserMixin.raise (C:\Users\user\Desktop\opencode\frontend\node_modules\@babel\parser\lib\index.js:6620:19)
      at TypeScriptParserMixin.unexpected (C:\Users\user\Desktop\opencode\frontend\node_modules\@babel\parser\lib\index.js:6640:16)
      at TypeScriptParserMixin.expect (C:\Users\user\Desktop\opencode\frontend\node_modules\@babel\parser\lib\index.js:6920:12)
      at TypeScriptParserMixin.jsxParseExpressionContainer (C:\Users\user\Desktop\opencode\frontend\node_modules\@babel\parser\lib\index.js:4653:10)
      at TypeScriptParserMixin.jsxParseElementAt (C:\Users\user\Desktop\opencode\frontend\node_modules\@babel\parser\lib\index.js:4727:36)
      at TypeScriptParserMixin.jsxParseElementAt (C:\Users\user\Desktop\opencode\frontend\node_modules\@babel\parser\lib\index.js:4714:32)
      at TypeScriptParserMixin.jsxParseElementAt (C:\Users\user\Desktop\opencode\frontend\node_modules\@babel\parser\lib\index.js:4714:32)
      at TypeScriptParserMixin.jsxParseElement (C:\Users\user\Desktop\opencode\frontend\node_modules\@babel\parser\lib\index.js:4765:17)
      at TypeScriptParserMixin.parseExprAtom (C:\Users\user\Desktop\opencode\frontend\node_modules\@babel\parser\lib\index.js:4775:19)
      at TypeScriptParserMixin.parseExprSubscripts (C:\Users\user\Desktop\opencode\frontend\node_modules\@babel\parser\lib\index.js:11102:23)
      at TypeScriptParserMixin.parseUpdate (C:\Users\user\Desktop\opencode\frontend\node_modules\@babel\parser\lib\index.js:11087:21)
      at TypeScriptParserMixin.parseMaybeUnary (C:\Users\user\Desktop\opencode\frontend\node_modules\@babel\parser\lib\index.js:11067:23)
      at TypeScriptParserMixin.parseMaybeUnary (C:\Users\user\Desktop\opencode\frontend\node_modules\@babel\parser\lib\index.js:9858:18)
      at TypeScriptParserMixin.parseMaybeUnaryOrPrivate (C:\Users\user\Desktop\opencode\frontend\node_modules\@babel\parser\lib\index.js:10920:61)
      at TypeScriptParserMixin.parseExprOps (C:\Users\user\Desktop\opencode\frontend\node_modules\@babel\parser\lib\index.js:10925:23)
      at TypeScriptParserMixin.parseMaybeConditional (C:\Users\user\Desktop\opencode\frontend\node_modules\@babel\parser\lib\index.js:10902:23)
      at TypeScriptParserMixin.parseMaybeAssign (C:\Users\user\Desktop\opencode\frontend\node_modules\@babel\parser\lib\index.js:10852:21)
      at C:\Users\user\Desktop\opencode\frontend\node_modules\@babel\parser\lib\index.js:9796:39
      at TypeScriptParserMixin.tryParse (C:\Users\user\Desktop\opencode\frontend\node_modules\@babel\parser\lib\index.js:6928:20)
      at TypeScriptParserMixin.parseMaybeAssign (C:\Users\user\Desktop\opencode\frontend\node_modules\@babel\parser\lib\index.js:9796:18)
      at C:\Users\user\Desktop\opencode\frontend\node_modules\@babel\parser\lib\index.js:10821:39
      at TypeScriptParserMixin.allowInAnd (C:\Users\user\Desktop\opencode\frontend\node_modules\@babel\parser\lib\index.js:12455:12)
      at TypeScriptParserMixin.parseMaybeAssignAllowIn (C:\Users\user\Desktop\opencode\frontend\node_modules\@babel\parser\lib\index.js:10821:17)
      at TypeScriptParserMixin.parseMaybeAssignAllowInOrVoidPattern (C:\Users\user\Desktop\opencode\frontend\node_modules\@babel\parser\lib\index.js:12522:17)
      at TypeScriptParserMixin.parseParenAndDistinguishExpression (C:\Users\user\Desktop\opencode\frontend\node_modules\@babel\parser\lib\index.js:11701:28)
      at TypeScriptParserMixin.parseExprAtom (C:\Users\user\Desktop\opencode\frontend\node_modules\@babel\parser\lib\index.js:11357:23)
      at TypeScriptParserMixin.parseExprAtom (C:\Users\user\Desktop\opencode\frontend\node_modules\@babel\parser\lib\index.js:4780:20)
      at TypeScriptParserMixin.parseExprSubscripts (C:\Users\user\Desktop\opencode\frontend\node_modules\@babel\parser\lib\index.js:11102:23)
      at TypeScriptParserMixin.parseUpdate (C:\Users\user\Desktop\opencode\frontend\node_modules\@babel\parser\lib\index.js:11087:21)
      at TypeScriptParserMixin.parseMaybeUnary (C:\Users\user\Desktop\opencode\frontend\node_modules\@babel\parser\lib\index.js:11067:23)
      at TypeScriptParserMixin.parseMaybeUnary (C:\Users\user\Desktop\opencode\frontend\node_modules\@babel\parser\lib\index.js:9858:18)
      at TypeScriptParserMixin.parseMaybeUnaryOrPrivate (C:\Users\user\Desktop\opencode\frontend\node_modules\@babel\parser\lib\index.js:10920:61)
      at TypeScriptParserMixin.parseExprOps (C:\Users\user\Desktop\opencode\frontend\node_modules\@babel\parser\lib\index.js:10925:23)
      at TypeScriptParserMixin.parseMaybeConditional (C:\Users\user\Desktop\opencode\frontend\node_modules\@babel\parser\lib\index.js:10902:23)
      at TypeScriptParserMixin.parseMaybeAssign (C:\Users\user\Desktop\opencode\frontend\node_modules\@babel\parser\lib\index.js:10852:21)
      at TypeScriptParserMixin.parseMaybeAssign (C:\Users\user\Desktop\opencode\frontend\node_modules\@babel\parser\lib\index.js:9807:20)
      at TypeScriptParserMixin.parseExpressionBase (C:\Users\user\Desktop\opencode\frontend\node_modules\@babel\parser\lib\index.js:10805:23)
      at C:\Users\user\Desktop\opencode\frontend\node_modules\@babel\parser\lib\index.js:10801:39
      at TypeScriptParserMixin.allowInAnd (C:\Users\user\Desktop\opencode\frontend\node_modules\@babel\parser\lib\index.js:12450:16)
      at TypeScriptParserMixin.parseExpression (C:\Users\user\Desktop\opencode\frontend\node_modules\@babel\parser\lib\index.js:10801:17)
      at TypeScriptParserMixin.parseReturnStatement (C:\Users\user\Desktop\opencode\frontend\node_modules\@babel\parser\lib\index.js:13171:28)
      at TypeScriptParserMixin.parseStatementContent (C:\Users\user\Desktop\opencode\frontend\node_modules\@babel\parser\lib\index.js:12827:21)
      at TypeScriptParserMixin.parseStatementContent (C:\Users\user\Desktop\opencode\frontend\node_modules\@babel\parser\lib\index.js:9529:18)
      at TypeScriptParserMixin.parseStatementLike (C:\Users\user\Desktop\opencode\frontend\node_modules\@babel\parser\lib\index.js:12796:17)
      at TypeScriptParserMixin.parseStatementListItem (C:\Users\user\Desktop\opencode\frontend\node_modules\@babel\parser\lib\index.js:12776:17)
      at TypeScriptParserMixin.parseBlockOrModuleBlockBody (C:\Users\user\Desktop\opencode\frontend\node_modules\@babel\parser\lib\index.js:13345:61)
      at TypeScriptParserMixin.parseBlockBody (C:\Users\user\Desktop\opencode\frontend\node_modules\@babel\parser\lib\index.js:13338:10)
      at TypeScriptParserMixin.parseBlock (C:\Users\user\Desktop\opencode\frontend\node_modules\@babel\parser\lib\index.js:13326:10)
      at TypeScriptParserMixin.parseFunctionBody (C:\Users\user\Desktop\opencode\frontend\node_modules\@babel\parser\lib\index.js:12129:24)
[2m17:55:03[22m [31m[1m[vite][22m[39m [31mInternal server error: C:\Users\user\Desktop\opencode\frontend\src\pages\Settings.tsx: Unexpected token, expected "}" (309:11)

[0m [90m 307 |[31m               [33m<[31m[33m/[31m[33mdiv[31m[33m>[31m
 [90m 308 |[31m             [33m<[31m[33m/[31m[33mdiv[31m[33m>[31m
[31m[1m>[22m[31m[90m 309 |[31m           ))}
 [90m     |[31m            [31m[1m^[22m[31m
 [90m 310 |[31m         [33m<[31m[33m/[31m[33mdiv[31m[33m>[31m
 [90m 311 |[31m       [33m<[31m[33m/[31m[33mdiv[31m[33m>[31m
 [90m 312 |[31m     [33m<[31m[33m/[31m[33mdiv[31m[33m>[31m[0m[39m
  Plugin: [35mvite:react-babel[39m
  File: [36mC:/Users/user/Desktop/opencode/frontend/src/pages/Settings.tsx[39m:309:11
[33m  307|                </div>
  308|              </div>
  309|            ))}
     |             ^
  310|          </div>
  311|        </div>[39m
      at constructor (C:\Users\user\Desktop\opencode\frontend\node_modules\@babel\parser\lib\index.js:369:19)
      at TypeScriptParserMixin.raise (C:\Users\user\Desktop\opencode\frontend\node_modules\@babel\parser\lib\index.js:6620:19)
      at TypeScriptParserMixin.unexpected (C:\Users\user\Desktop\opencode\frontend\node_modules\@babel\parser\lib\index.js:6640:16)
      at TypeScriptParserMixin.expect (C:\Users\user\Desktop\opencode\frontend\node_modules\@babel\parser\lib\index.js:6920:12)
      at TypeScriptParserMixin.jsxParseExpressionContainer (C:\Users\user\Desktop\opencode\frontend\node_modules\@babel\parser\lib\index.js:4653:10)
      at TypeScriptParserMixin.jsxParseElementAt (C:\Users\user\Desktop\opencode\frontend\node_modules\@babel\parser\lib\index.js:4727:36)
      at TypeScriptParserMixin.jsxParseElementAt (C:\Users\user\Desktop\opencode\frontend\node_modules\@babel\parser\lib\index.js:4714:32)
      at TypeScriptParserMixin.jsxParseElementAt (C:\Users\user\Desktop\opencode\frontend\node_modules\@babel\parser\lib\index.js:4714:32)
      at TypeScriptParserMixin.jsxParseElement (C:\Users\user\Desktop\opencode\frontend\node_modules\@babel\parser\lib\index.js:4765:17)
      at TypeScriptParserMixin.parseExprAtom (C:\Users\user\Desktop\opencode\frontend\node_modules\@babel\parser\lib\index.js:4775:19)
      at TypeScriptParserMixin.parseExprSubscripts (C:\Users\user\Desktop\opencode\frontend\node_modules\@babel\parser\lib\index.js:11102:23)
      at TypeScriptParserMixin.parseUpdate (C:\Users\user\Desktop\opencode\frontend\node_modules\@babel\parser\lib\index.js:11087:21)
      at TypeScriptParserMixin.parseMaybeUnary (C:\Users\user\Desktop\opencode\frontend\node_modules\@babel\parser\lib\index.js:11067:23)
      at TypeScriptParserMixin.parseMaybeUnary (C:\Users\user\Desktop\opencode\frontend\node_modules\@babel\parser\lib\index.js:9858:18)
      at TypeScriptParserMixin.parseMaybeUnaryOrPrivate (C:\Users\user\Desktop\opencode\frontend\node_modules\@babel\parser\lib\index.js:10920:61)
      at TypeScriptParserMixin.parseExprOps (C:\Users\user\Desktop\opencode\frontend\node_modules\@babel\parser\lib\index.js:10925:23)
      at TypeScriptParserMixin.parseMaybeConditional (C:\Users\user\Desktop\opencode\frontend\node_modules\@babel\parser\lib\index.js:10902:23)
      at TypeScriptParserMixin.parseMaybeAssign (C:\Users\user\Desktop\opencode\frontend\node_modules\@babel\parser\lib\index.js:10852:21)
      at C:\Users\user\Desktop\opencode\frontend\node_modules\@babel\parser\lib\index.js:9796:39
      at TypeScriptParserMixin.tryParse (C:\Users\user\Desktop\opencode\frontend\node_modules\@babel\parser\lib\index.js:6928:20)
      at TypeScriptParserMixin.parseMaybeAssign (C:\Users\user\Desktop\opencode\frontend\node_modules\@babel\parser\lib\index.js:9796:18)
      at C:\Users\user\Desktop\opencode\frontend\node_modules\@babel\parser\lib\index.js:10821:39
      at TypeScriptParserMixin.allowInAnd (C:\Users\user\Desktop\opencode\frontend\node_modules\@babel\parser\lib\index.js:12455:12)
      at TypeScriptParserMixin.parseMaybeAssignAllowIn (C:\Users\user\Desktop\opencode\frontend\node_modules\@babel\parser\lib\index.js:10821:17)
      at TypeScriptParserMixin.parseMaybeAssignAllowInOrVoidPattern (C:\Users\user\Desktop\opencode\frontend\node_modules\@babel\parser\lib\index.js:12522:17)
      at TypeScriptParserMixin.parseParenAndDistinguishExpression (C:\Users\user\Desktop\opencode\frontend\node_modules\@babel\parser\lib\index.js:11701:28)
      at TypeScriptParserMixin.parseExprAtom (C:\Users\user\Desktop\opencode\frontend\node_modules\@babel\parser\lib\index.js:11357:23)
      at TypeScriptParserMixin.parseExprAtom (C:\Users\user\Desktop\opencode\frontend\node_modules\@babel\parser\lib\index.js:4780:20)
      at TypeScriptParserMixin.parseExprSubscripts (C:\Users\user\Desktop\opencode\frontend\node_modules\@babel\parser\lib\index.js:11102:23)
      at TypeScriptParserMixin.parseUpdate (C:\Users\user\Desktop\opencode\frontend\node_modules\@babel\parser\lib\index.js:11087:21)
      at TypeScriptParserMixin.parseMaybeUnary (C:\Users\user\Desktop\opencode\frontend\node_modules\@babel\parser\lib\index.js:11067:23)
      at TypeScriptParserMixin.parseMaybeUnary (C:\Users\user\Desktop\opencode\frontend\node_modules\@babel\parser\lib\index.js:9858:18)
      at TypeScriptParserMixin.parseMaybeUnaryOrPrivate (C:\Users\user\Desktop\opencode\frontend\node_modules\@babel\parser\lib\index.js:10920:61)
      at TypeScriptParserMixin.parseExprOps (C:\Users\user\Desktop\opencode\frontend\node_modules\@babel\parser\lib\index.js:10925:23)
      at TypeScriptParserMixin.parseMaybeConditional (C:\Users\user\Desktop\opencode\frontend\node_modules\@babel\parser\lib\index.js:10902:23)
      at TypeScriptParserMixin.parseMaybeAssign (C:\Users\user\Desktop\opencode\frontend\node_modules\@babel\parser\lib\index.js:10852:21)
      at TypeScriptParserMixin.parseMaybeAssign (C:\Users\user\Desktop\opencode\frontend\node_modules\@babel\parser\lib\index.js:9807:20)
      at TypeScriptParserMixin.parseExpressionBase (C:\Users\user\Desktop\opencode\frontend\node_modules\@babel\parser\lib\index.js:10805:23)
      at C:\Users\user\Desktop\opencode\frontend\node_modules\@babel\parser\lib\index.js:10801:39
      at TypeScriptParserMixin.allowInAnd (C:\Users\user\Desktop\opencode\frontend\node_modules\@babel\parser\lib\index.js:12450:16)
      at TypeScriptParserMixin.parseExpression (C:\Users\user\Desktop\opencode\frontend\node_modules\@babel\parser\lib\index.js:10801:17)
      at TypeScriptParserMixin.parseReturnStatement (C:\Users\user\Desktop\opencode\frontend\node_modules\@babel\parser\lib\index.js:13171:28)
      at TypeScriptParserMixin.parseStatementContent (C:\Users\user\Desktop\opencode\frontend\node_modules\@babel\parser\lib\index.js:12827:21)
      at TypeScriptParserMixin.parseStatementContent (C:\Users\user\Desktop\opencode\frontend\node_modules\@babel\parser\lib\index.js:9529:18)
      at TypeScriptParserMixin.parseStatementLike (C:\Users\user\Desktop\opencode\frontend\node_modules\@babel\parser\lib\index.js:12796:17)
      at TypeScriptParserMixin.parseStatementListItem (C:\Users\user\Desktop\opencode\frontend\node_modules\@babel\parser\lib\index.js:12776:17)
      at TypeScriptParserMixin.parseBlockOrModuleBlockBody (C:\Users\user\Desktop\opencode\frontend\node_modules\@babel\parser\lib\index.js:13345:61)
      at TypeScriptParserMixin.parseBlockBody (C:\Users\user\Desktop\opencode\frontend\node_modules\@babel\parser\lib\index.js:13338:10)
      at TypeScriptParserMixin.parseBlock (C:\Users\user\Desktop\opencode\frontend\node_modules\@babel\parser\lib\index.js:13326:10)
      at TypeScriptParserMixin.parseFunctionBody (C:\Users\user\Desktop\opencode\frontend\node_modules\@babel\parser\lib\index.js:12129:24)
[2m17:55:06[22m [31m[1m[vite][22m[39m [31mInternal server error: C:\Users\user\Desktop\opencode\frontend\src\pages\Settings.tsx: Unexpected token, expected "}" (309:11)

[0m [90m 307 |[31m               [33m<[31m[33m/[31m[33mdiv[31m[33m>[31m
 [90m 308 |[31m             [33m<[31m[33m/[31m[33mdiv[31m[33m>[31m
[31m[1m>[22m[31m[90m 309 |[31m           ))}
 [90m     |[31m            [31m[1m^[22m[31m
 [90m 310 |[31m         [33m<[31m[33m/[31m[33mdiv[31m[33m>[31m
 [90m 311 |[31m       [33m<[31m[33m/[31m[33mdiv[31m[33m>[31m
 [90m 312 |[31m     [33m<[31m[33m/[31m[33mdiv[31m[33m>[31m[0m[39m
  Plugin: [35mvite:react-babel[39m
  File: [36mC:/Users/user/Desktop/opencode/frontend/src/pages/Settings.tsx[39m:309:11
[33m  307|                </div>
  308|              </div>
  309|            ))}
     |             ^
  310|          </div>
  311|        </div>[39m
      at constructor (C:\Users\user\Desktop\opencode\frontend\node_modules\@babel\parser\lib\index.js:369:19)
      at TypeScriptParserMixin.raise (C:\Users\user\Desktop\opencode\frontend\node_modules\@babel\parser\lib\index.js:6620:19)
      at TypeScriptParserMixin.unexpected (C:\Users\user\Desktop\opencode\frontend\node_modules\@babel\parser\lib\index.js:6640:16)
      at TypeScriptParserMixin.expect (C:\Users\user\Desktop\opencode\frontend\node_modules\@babel\parser\lib\index.js:6920:12)
      at TypeScriptParserMixin.jsxParseExpressionContainer (C:\Users\user\Desktop\opencode\frontend\node_modules\@babel\parser\lib\index.js:4653:10)
      at TypeScriptParserMixin.jsxParseElementAt (C:\Users\user\Desktop\opencode\frontend\node_modules\@babel\parser\lib\index.js:4727:36)
      at TypeScriptParserMixin.jsxParseElementAt (C:\Users\user\Desktop\opencode\frontend\node_modules\@babel\parser\lib\index.js:4714:32)
      at TypeScriptParserMixin.jsxParseElementAt (C:\Users\user\Desktop\opencode\frontend\node_modules\@babel\parser\lib\index.js:4714:32)
      at TypeScriptParserMixin.jsxParseElement (C:\Users\user\Desktop\opencode\frontend\node_modules\@babel\parser\lib\index.js:4765:17)
      at TypeScriptParserMixin.parseExprAtom (C:\Users\user\Desktop\opencode\frontend\node_modules\@babel\parser\lib\index.js:4775:19)
      at TypeScriptParserMixin.parseExprSubscripts (C:\Users\user\Desktop\opencode\frontend\node_modules\@babel\parser\lib\index.js:11102:23)
      at TypeScriptParserMixin.parseUpdate (C:\Users\user\Desktop\opencode\frontend\node_modules\@babel\parser\lib\index.js:11087:21)
      at TypeScriptParserMixin.parseMaybeUnary (C:\Users\user\Desktop\opencode\frontend\node_modules\@babel\parser\lib\index.js:11067:23)
      at TypeScriptParserMixin.parseMaybeUnary (C:\Users\user\Desktop\opencode\frontend\node_modules\@babel\parser\lib\index.js:9858:18)
      at TypeScriptParserMixin.parseMaybeUnaryOrPrivate (C:\Users\user\Desktop\opencode\frontend\node_modules\@babel\parser\lib\index.js:10920:61)
      at TypeScriptParserMixin.parseExprOps (C:\Users\user\Desktop\opencode\frontend\node_modules\@babel\parser\lib\index.js:10925:23)
      at TypeScriptParserMixin.parseMaybeConditional (C:\Users\user\Desktop\opencode\frontend\node_modules\@babel\parser\lib\index.js:10902:23)
      at TypeScriptParserMixin.parseMaybeAssign (C:\Users\user\Desktop\opencode\frontend\node_modules\@babel\parser\lib\index.js:10852:21)
      at C:\Users\user\Desktop\opencode\frontend\node_modules\@babel\parser\lib\index.js:9796:39
      at TypeScriptParserMixin.tryParse (C:\Users\user\Desktop\opencode\frontend\node_modules\@babel\parser\lib\index.js:6928:20)
      at TypeScriptParserMixin.parseMaybeAssign (C:\Users\user\Desktop\opencode\frontend\node_modules\@babel\parser\lib\index.js:9796:18)
      at C:\Users\user\Desktop\opencode\frontend\node_modules\@babel\parser\lib\index.js:10821:39
      at TypeScriptParserMixin.allowInAnd (C:\Users\user\Desktop\opencode\frontend\node_modules\@babel\parser\lib\index.js:12455:12)
      at TypeScriptParserMixin.parseMaybeAssignAllowIn (C:\Users\user\Desktop\opencode\frontend\node_modules\@babel\parser\lib\index.js:10821:17)
      at TypeScriptParserMixin.parseMaybeAssignAllowInOrVoidPattern (C:\Users\user\Desktop\opencode\frontend\node_modules\@babel\parser\lib\index.js:12522:17)
      at TypeScriptParserMixin.parseParenAndDistinguishExpression (C:\Users\user\Desktop\opencode\frontend\node_modules\@babel\parser\lib\index.js:11701:28)
      at TypeScriptParserMixin.parseExprAtom (C:\Users\user\Desktop\opencode\frontend\node_modules\@babel\parser\lib\index.js:11357:23)
      at TypeScriptParserMixin.parseExprAtom (C:\Users\user\Desktop\opencode\frontend\node_modules\@babel\parser\lib\index.js:4780:20)
      at TypeScriptParserMixin.parseExprSubscripts (C:\Users\user\Desktop\opencode\frontend\node_modules\@babel\parser\lib\index.js:11102:23)
      at TypeScriptParserMixin.parseUpdate (C:\Users\user\Desktop\opencode\frontend\node_modules\@babel\parser\lib\index.js:11087:21)
      at TypeScriptParserMixin.parseMaybeUnary (C:\Users\user\Desktop\opencode\frontend\node_modules\@babel\parser\lib\index.js:11067:23)
      at TypeScriptParserMixin.parseMaybeUnary (C:\Users\user\Desktop\opencode\frontend\node_modules\@babel\parser\lib\index.js:9858:18)
      at TypeScriptParserMixin.parseMaybeUnaryOrPrivate (C:\Users\user\Desktop\opencode\frontend\node_modules\@babel\parser\lib\index.js:10920:61)
      at TypeScriptParserMixin.parseExprOps (C:\Users\user\Desktop\opencode\frontend\node_modules\@babel\parser\lib\index.js:10925:23)
      at TypeScriptParserMixin.parseMaybeConditional (C:\Users\user\Desktop\opencode\frontend\node_modules\@babel\parser\lib\index.js:10902:23)
      at TypeScriptParserMixin.parseMaybeAssign (C:\Users\user\Desktop\opencode\frontend\node_modules\@babel\parser\lib\index.js:10852:21)
      at TypeScriptParserMixin.parseMaybeAssign (C:\Users\user\Desktop\opencode\frontend\node_modules\@babel\parser\lib\index.js:9807:20)
      at TypeScriptParserMixin.parseExpressionBase (C:\Users\user\Desktop\opencode\frontend\node_modules\@babel\parser\lib\index.js:10805:23)
      at C:\Users\user\Desktop\opencode\frontend\node_modules\@babel\parser\lib\index.js:10801:39
      at TypeScriptParserMixin.allowInAnd (C:\Users\user\Desktop\opencode\frontend\node_modules\@babel\parser\lib\index.js:12450:16)
      at TypeScriptParserMixin.parseExpression (C:\Users\user\Desktop\opencode\frontend\node_modules\@babel\parser\lib\index.js:10801:17)
      at TypeScriptParserMixin.parseReturnStatement (C:\Users\user\Desktop\opencode\frontend\node_modules\@babel\parser\lib\index.js:13171:28)
      at TypeScriptParserMixin.parseStatementContent (C:\Users\user\Desktop\opencode\frontend\node_modules\@babel\parser\lib\index.js:12827:21)
      at TypeScriptParserMixin.parseStatementContent (C:\Users\user\Desktop\opencode\frontend\node_modules\@babel\parser\lib\index.js:9529:18)
      at TypeScriptParserMixin.parseStatementLike (C:\Users\user\Desktop\opencode\frontend\node_modules\@babel\parser\lib\index.js:12796:17)
      at TypeScriptParserMixin.parseStatementListItem (C:\Users\user\Desktop\opencode\frontend\node_modules\@babel\parser\lib\index.js:12776:17)
      at TypeScriptParserMixin.parseBlockOrModuleBlockBody (C:\Users\user\Desktop\opencode\frontend\node_modules\@babel\parser\lib\index.js:13345:61)
      at TypeScriptParserMixin.parseBlockBody (C:\Users\user\Desktop\opencode\frontend\node_modules\@babel\parser\lib\index.js:13338:10)
      at TypeScriptParserMixin.parseBlock (C:\Users\user\Desktop\opencode\frontend\node_modules\@babel\parser\lib\index.js:13326:10)
      at TypeScriptParserMixin.parseFunctionBody (C:\Users\user\Desktop\opencode\frontend\node_modules\@babel\parser\lib\index.js:12129:24)
[2m17:55:07[22m [31m[1m[vite][22m[39m [31mInternal server error: C:\Users\user\Desktop\opencode\frontend\src\pages\Settings.tsx: Unexpected token, expected "}" (309:11)

[0m [90m 307 |[31m               [33m<[31m[33m/[31m[33mdiv[31m[33m>[31m
 [90m 308 |[31m             [33m<[31m[33m/[31m[33mdiv[31m[33m>[31m
[31m[1m>[22m[31m[90m 309 |[31m           ))}
 [90m     |[31m            [31m[1m^[22m[31m
 [90m 310 |[31m         [33m<[31m[33m/[31m[33mdiv[31m[33m>[31m
 [90m 311 |[31m       [33m<[31m[33m/[31m[33mdiv[31m[33m>[31m
 [90m 312 |[31m     [33m<[31m[33m/[31m[33mdiv[31m[33m>[31m[0m[39m
  Plugin: [35mvite:react-babel[39m
  File: [36mC:/Users/user/Desktop/opencode/frontend/src/pages/Settings.tsx[39m:309:11
[33m  307|                </div>
  308|              </div>
  309|            ))}
     |             ^
  310|          </div>
  311|        </div>[39m
      at constructor (C:\Users\user\Desktop\opencode\frontend\node_modules\@babel\parser\lib\index.js:369:19)
      at TypeScriptParserMixin.raise (C:\Users\user\Desktop\opencode\frontend\node_modules\@babel\parser\lib\index.js:6620:19)
      at TypeScriptParserMixin.unexpected (C:\Users\user\Desktop\opencode\frontend\node_modules\@babel\parser\lib\index.js:6640:16)
      at TypeScriptParserMixin.expect (C:\Users\user\Desktop\opencode\frontend\node_modules\@babel\parser\lib\index.js:6920:12)
      at TypeScriptParserMixin.jsxParseExpressionContainer (C:\Users\user\Desktop\opencode\frontend\node_modules\@babel\parser\lib\index.js:4653:10)
      at TypeScriptParserMixin.jsxParseElementAt (C:\Users\user\Desktop\opencode\frontend\node_modules\@babel\parser\lib\index.js:4727:36)
      at TypeScriptParserMixin.jsxParseElementAt (C:\Users\user\Desktop\opencode\frontend\node_modules\@babel\parser\lib\index.js:4714:32)
      at TypeScriptParserMixin.jsxParseElementAt (C:\Users\user\Desktop\opencode\frontend\node_modules\@babel\parser\lib\index.js:4714:32)
      at TypeScriptParserMixin.jsxParseElement (C:\Users\user\Desktop\opencode\frontend\node_modules\@babel\parser\lib\index.js:4765:17)
      at TypeScriptParserMixin.parseExprAtom (C:\Users\user\Desktop\opencode\frontend\node_modules\@babel\parser\lib\index.js:4775:19)
      at TypeScriptParserMixin.parseExprSubscripts (C:\Users\user\Desktop\opencode\frontend\node_modules\@babel\parser\lib\index.js:11102:23)
      at TypeScriptParserMixin.parseUpdate (C:\Users\user\Desktop\opencode\frontend\node_modules\@babel\parser\lib\index.js:11087:21)
      at TypeScriptParserMixin.parseMaybeUnary (C:\Users\user\Desktop\opencode\frontend\node_modules\@babel\parser\lib\index.js:11067:23)
      at TypeScriptParserMixin.parseMaybeUnary (C:\Users\user\Desktop\opencode\frontend\node_modules\@babel\parser\lib\index.js:9858:18)
      at TypeScriptParserMixin.parseMaybeUnaryOrPrivate (C:\Users\user\Desktop\opencode\frontend\node_modules\@babel\parser\lib\index.js:10920:61)
      at TypeScriptParserMixin.parseExprOps (C:\Users\user\Desktop\opencode\frontend\node_modules\@babel\parser\lib\index.js:10925:23)
      at TypeScriptParserMixin.parseMaybeConditional (C:\Users\user\Desktop\opencode\frontend\node_modules\@babel\parser\lib\index.js:10902:23)
      at TypeScriptParserMixin.parseMaybeAssign (C:\Users\user\Desktop\opencode\frontend\node_modules\@babel\parser\lib\index.js:10852:21)
      at C:\Users\user\Desktop\opencode\frontend\node_modules\@babel\parser\lib\index.js:9796:39
      at TypeScriptParserMixin.tryParse (C:\Users\user\Desktop\opencode\frontend\node_modules\@babel\parser\lib\index.js:6928:20)
      at TypeScriptParserMixin.parseMaybeAssign (C:\Users\user\Desktop\opencode\frontend\node_modules\@babel\parser\lib\index.js:9796:18)
      at C:\Users\user\Desktop\opencode\frontend\node_modules\@babel\parser\lib\index.js:10821:39
      at TypeScriptParserMixin.allowInAnd (C:\Users\user\Desktop\opencode\frontend\node_modules\@babel\parser\lib\index.js:12455:12)
      at TypeScriptParserMixin.parseMaybeAssignAllowIn (C:\Users\user\Desktop\opencode\frontend\node_modules\@babel\parser\lib\index.js:10821:17)
      at TypeScriptParserMixin.parseMaybeAssignAllowInOrVoidPattern (C:\Users\user\Desktop\opencode\frontend\node_modules\@babel\parser\lib\index.js:12522:17)
      at TypeScriptParserMixin.parseParenAndDistinguishExpression (C:\Users\user\Desktop\opencode\frontend\node_modules\@babel\parser\lib\index.js:11701:28)
      at TypeScriptParserMixin.parseExprAtom (C:\Users\user\Desktop\opencode\frontend\node_modules\@babel\parser\lib\index.js:11357:23)
      at TypeScriptParserMixin.parseExprAtom (C:\Users\user\Desktop\opencode\frontend\node_modules\@babel\parser\lib\index.js:4780:20)
      at TypeScriptParserMixin.parseExprSubscripts (C:\Users\user\Desktop\opencode\frontend\node_modules\@babel\parser\lib\index.js:11102:23)
      at TypeScriptParserMixin.parseUpdate (C:\Users\user\Desktop\opencode\frontend\node_modules\@babel\parser\lib\index.js:11087:21)
      at TypeScriptParserMixin.parseMaybeUnary (C:\Users\user\Desktop\opencode\frontend\node_modules\@babel\parser\lib\index.js:11067:23)
      at TypeScriptParserMixin.parseMaybeUnary (C:\Users\user\Desktop\opencode\frontend\node_modules\@babel\parser\lib\index.js:9858:18)
      at TypeScriptParserMixin.parseMaybeUnaryOrPrivate (C:\Users\user\Desktop\opencode\frontend\node_modules\@babel\parser\lib\index.js:10920:61)
      at TypeScriptParserMixin.parseExprOps (C:\Users\user\Desktop\opencode\frontend\node_modules\@babel\parser\lib\index.js:10925:23)
      at TypeScriptParserMixin.parseMaybeConditional (C:\Users\user\Desktop\opencode\frontend\node_modules\@babel\parser\lib\index.js:10902:23)
      at TypeScriptParserMixin.parseMaybeAssign (C:\Users\user\Desktop\opencode\frontend\node_modules\@babel\parser\lib\index.js:10852:21)
      at TypeScriptParserMixin.parseMaybeAssign (C:\Users\user\Desktop\opencode\frontend\node_modules\@babel\parser\lib\index.js:9807:20)
      at TypeScriptParserMixin.parseExpressionBase (C:\Users\user\Desktop\opencode\frontend\node_modules\@babel\parser\lib\index.js:10805:23)
      at C:\Users\user\Desktop\opencode\frontend\node_modules\@babel\parser\lib\index.js:10801:39
      at TypeScriptParserMixin.allowInAnd (C:\Users\user\Desktop\opencode\frontend\node_modules\@babel\parser\lib\index.js:12450:16)
      at TypeScriptParserMixin.parseExpression (C:\Users\user\Desktop\opencode\frontend\node_modules\@babel\parser\lib\index.js:10801:17)
      at TypeScriptParserMixin.parseReturnStatement (C:\Users\user\Desktop\opencode\frontend\node_modules\@babel\parser\lib\index.js:13171:28)
      at TypeScriptParserMixin.parseStatementContent (C:\Users\user\Desktop\opencode\frontend\node_modules\@babel\parser\lib\index.js:12827:21)
      at TypeScriptParserMixin.parseStatementContent (C:\Users\user\Desktop\opencode\frontend\node_modules\@babel\parser\lib\index.js:9529:18)
      at TypeScriptParserMixin.parseStatementLike (C:\Users\user\Desktop\opencode\frontend\node_modules\@babel\parser\lib\index.js:12796:17)
      at TypeScriptParserMixin.parseStatementListItem (C:\Users\user\Desktop\opencode\frontend\node_modules\@babel\parser\lib\index.js:12776:17)
      at TypeScriptParserMixin.parseBlockOrModuleBlockBody (C:\Users\user\Desktop\opencode\frontend\node_modules\@babel\parser\lib\index.js:13345:61)
      at TypeScriptParserMixin.parseBlockBody (C:\Users\user\Desktop\opencode\frontend\node_modules\@babel\parser\lib\index.js:13338:10)
      at TypeScriptParserMixin.parseBlock (C:\Users\user\Desktop\opencode\frontend\node_modules\@babel\parser\lib\index.js:13326:10)
      at TypeScriptParserMixin.parseFunctionBody (C:\Users\user\Desktop\opencode\frontend\node_modules\@babel\parser\lib\index.js:12129:24)
[2m17:59:15[22m [36m[1m[vite][22m[39m [32mhmr update [39m[2m/src/pages/Settings.tsx, /src/index.css[22m
[2m17:59:15[22m [31m[1m[vite][22m[39m Pre-transform error: Transform failed with 3 errors:
C:/Users/user/Desktop/opencode/frontend/src/pages/Settings.tsx:482:155: ERROR: The character ">" is not valid inside a JSX element
C:/Users/user/Desktop/opencode/frontend/src/pages/Settings.tsx:487:138: ERROR: The character ">" is not valid inside a JSX element
C:/Users/user/Desktop/opencode/frontend/src/pages/Settings.tsx:487:160: ERROR: The character ">" is not valid inside a JSX element
[2m17:59:15[22m [31m[1m[vite][22m[39m Pre-transform error: Transform failed with 3 errors:
C:/Users/user/Desktop/opencode/frontend/src/pages/Settings.tsx:482:155: ERROR: The character ">" is not valid inside a JSX element
C:/Users/user/Desktop/opencode/frontend/src/pages/Settings.tsx:487:138: ERROR: The character ">" is not valid inside a JSX element
C:/Users/user/Desktop/opencode/frontend/src/pages/Settings.tsx:487:160: ERROR: The character ">" is not valid inside a JSX element
[2m17:59:15[22m [31m[1m[vite][22m[39m [31mInternal server error: Transform failed with 3 errors:
C:/Users/user/Desktop/opencode/frontend/src/pages/Settings.tsx:482:155: ERROR: The character ">" is not valid inside a JSX element
C:/Users/user/Desktop/opencode/frontend/src/pages/Settings.tsx:487:138: ERROR: The character ">" is not valid inside a JSX element
C:/Users/user/Desktop/opencode/frontend/src/pages/Settings.tsx:487:160: ERROR: The character ">" is not valid inside a JSX element[39m
  Plugin: [35mvite:esbuild[39m
  File: [36mC:/Users/user/Desktop/opencode/frontend/src/pages/Settings.tsx[39m:463:123
[33m  
  [33mThe character ">" is not valid inside a JSX element[33m
  480|                    <dt className="font-semibold">Funciona offline?</dt><dd className="text-gray-600 dark:text-gray-400">Sim como PWA instalado - visualiza e cria transacoes offline.</dd>
  481|                    <dt className="font-semibold">Dados somem se trocar de celular?</dt><dd className="text-gray-600 dark:text-gray-400">Nao, tudo na nuvem. So logar no novo dispositivo.</dd>
  482|                    <dt className="font-semibold">Como convido familia?</dt><dd className="text-gray-600 dark:text-gray-400">Master convida em Configuracoes > Usuarios. Papel: Comum ou Admin.</dd>
     |                                                                                                                                                             ^
  483|                    <dt className="font-semibold">Limite de 50 transacoes no Free?</dt><dd className="text-gray-600 dark:text-gray-400">Fica somente leitura. Upgrade libera na hora.</dd>
  484|                    <dt className="font-semibold">Backup no Free?</dt><dd className="text-gray-600 dark:text-gray-400">Nao. Premium: manual. PRO: automatico diario.</dd>
  
  [33mThe character ">" is not valid inside a JSX element[33m
  485|                    <dt className="font-semibold">Sincronizacao bancaria?</dt><dd className="text-gray-600 dark:text-gray-400">Nao na v1. Prevista para 2027 via Open Banking.</dd>
  486|                    <dt className="font-semibold">Reembolso?</dt><dd className="text-gray-600 dark:text-gray-400">So anual nos 7 primeiros dias (CDC Art. 49).</dd>
  487|                    <dt className="font-semibold">LGPD / Exclusao dados?</dt><dd className="text-gray-600 dark:text-gray-400">Configuracoes > Dados e Privacidade > Solicitar exclusao.</dd>
     |                                                                                                                                            ^
  488|                  </dl>
  489|                  <p className="mt-4 text-sm text-gray-500">100+ perguntas no documento completo: FAQ.md</p>
  
  [33mThe character ">" is not valid inside a JSX element[33m
  485|                    <dt className="font-semibold">Sincronizacao bancaria?</dt><dd className="text-gray-600 dark:text-gray-400">Nao na v1. Prevista para 2027 via Open Banking.</dd>
  486|                    <dt className="font-semibold">Reembolso?</dt><dd className="text-gray-600 dark:text-gray-400">So anual nos 7 primeiros dias (CDC Art. 49).</dd>
  487|                    <dt className="font-semibold">LGPD / Exclusao dados?</dt><dd className="text-gray-600 dark:text-gray-400">Configuracoes > Dados e Privacidade > Solicitar exclusao.</dd>
     |                                                                                                                                                                  ^
  488|                  </dl>
  489|                  <p className="mt-4 text-sm text-gray-500">100+ perguntas no documento completo: FAQ.md</p>
  [39m
      at failureErrorWithLog (C:\Users\user\Desktop\opencode\frontend\node_modules\esbuild\lib\main.js:1472:15)
      at C:\Users\user\Desktop\opencode\frontend\node_modules\esbuild\lib\main.js:755:50
      at responseCallbacks.<computed> (C:\Users\user\Desktop\opencode\frontend\node_modules\esbuild\lib\main.js:622:9)
      at handleIncomingPacket (C:\Users\user\Desktop\opencode\frontend\node_modules\esbuild\lib\main.js:677:12)
      at Socket.readFromStdout (C:\Users\user\Desktop\opencode\frontend\node_modules\esbuild\lib\main.js:600:7)
      at Socket.emit (node:events:509:28)
      at addChunk (node:internal/streams/readable:563:12)
      at readableAddChunkPushByteMode (node:internal/streams/readable:514:3)
      at Readable.push (node:internal/streams/readable:394:5)
      at Pipe.onStreamRead (node:internal/stream_base_commons:189:23)
[2m17:59:39[22m [36m[1m[vite][22m[39m [32mhmr update [39m[2m/src/pages/Settings.tsx, /src/index.css[22m
[2m17:59:40[22m [31m[1m[vite][22m[39m Pre-transform error: Transform failed with 3 errors:
C:/Users/user/Desktop/opencode/frontend/src/pages/Settings.tsx:482:155: ERROR: The character ">" is not valid inside a JSX element
C:/Users/user/Desktop/opencode/frontend/src/pages/Settings.tsx:487:138: ERROR: The character ">" is not valid inside a JSX element
C:/Users/user/Desktop/opencode/frontend/src/pages/Settings.tsx:487:160: ERROR: The character ">" is not valid inside a JSX element
[2m17:59:40[22m [31m[1m[vite][22m[39m Pre-transform error: Transform failed with 3 errors:
C:/Users/user/Desktop/opencode/frontend/src/pages/Settings.tsx:482:155: ERROR: The character ">" is not valid inside a JSX element
C:/Users/user/Desktop/opencode/frontend/src/pages/Settings.tsx:487:138: ERROR: The character ">" is not valid inside a JSX element
C:/Users/user/Desktop/opencode/frontend/src/pages/Settings.tsx:487:160: ERROR: The character ">" is not valid inside a JSX element
[2m17:59:40[22m [31m[1m[vite][22m[39m [31mInternal server error: Transform failed with 3 errors:
C:/Users/user/Desktop/opencode/frontend/src/pages/Settings.tsx:482:155: ERROR: The character ">" is not valid inside a JSX element
C:/Users/user/Desktop/opencode/frontend/src/pages/Settings.tsx:487:138: ERROR: The character ">" is not valid inside a JSX element
C:/Users/user/Desktop/opencode/frontend/src/pages/Settings.tsx:487:160: ERROR: The character ">" is not valid inside a JSX element[39m
  Plugin: [35mvite:esbuild[39m
  File: [36mC:/Users/user/Desktop/opencode/frontend/src/pages/Settings.tsx[39m:463:123
[33m  
  [33mThe character ">" is not valid inside a JSX element[33m
  480|                    <dt className="font-semibold">Funciona offline?</dt><dd className="text-gray-600 dark:text-gray-400">Sim como PWA instalado - visualiza e cria transacoes offline.</dd>
  481|                    <dt className="font-semibold">Dados somem se trocar de celular?</dt><dd className="text-gray-600 dark:text-gray-400">Nao, tudo na nuvem. So logar no novo dispositivo.</dd>
  482|                    <dt className="font-semibold">Como convido familia?</dt><dd className="text-gray-600 dark:text-gray-400">Master convida em Configuracoes > Usuarios. Papel: Comum ou Admin.</dd>
     |                                                                                                                                                             ^
  483|                    <dt className="font-semibold">Limite de 50 transacoes no Free?</dt><dd className="text-gray-600 dark:text-gray-400">Fica somente leitura. Upgrade libera na hora.</dd>
  484|                    <dt className="font-semibold">Backup no Free?</dt><dd className="text-gray-600 dark:text-gray-400">Nao. Premium: manual. PRO: automatico diario.</dd>
  
  [33mThe character ">" is not valid inside a JSX element[33m
  485|                    <dt className="font-semibold">Sincronizacao bancaria?</dt><dd className="text-gray-600 dark:text-gray-400">Nao na v1. Prevista para 2027 via Open Banking.</dd>
  486|                    <dt className="font-semibold">Reembolso?</dt><dd className="text-gray-600 dark:text-gray-400">So anual nos 7 primeiros dias (CDC Art. 49).</dd>
  487|                    <dt className="font-semibold">LGPD / Exclusao dados?</dt><dd className="text-gray-600 dark:text-gray-400">Configuracoes > Dados e Privacidade > Solicitar exclusao.</dd>
     |                                                                                                                                            ^
  488|                  </dl>
  489|                  <p className="mt-4 text-sm text-gray-500">100+ perguntas no documento completo: FAQ.md</p>
  
  [33mThe character ">" is not valid inside a JSX element[33m
  485|                    <dt className="font-semibold">Sincronizacao bancaria?</dt><dd className="text-gray-600 dark:text-gray-400">Nao na v1. Prevista para 2027 via Open Banking.</dd>
  486|                    <dt className="font-semibold">Reembolso?</dt><dd className="text-gray-600 dark:text-gray-400">So anual nos 7 primeiros dias (CDC Art. 49).</dd>
  487|                    <dt className="font-semibold">LGPD / Exclusao dados?</dt><dd className="text-gray-600 dark:text-gray-400">Configuracoes > Dados e Privacidade > Solicitar exclusao.</dd>
     |                                                                                                                                                                  ^
  488|                  </dl>
  489|                  <p className="mt-4 text-sm text-gray-500">100+ perguntas no documento completo: FAQ.md</p>
  [39m
      at failureErrorWithLog (C:\Users\user\Desktop\opencode\frontend\node_modules\esbuild\lib\main.js:1472:15)
      at C:\Users\user\Desktop\opencode\frontend\node_modules\esbuild\lib\main.js:755:50
      at responseCallbacks.<computed> (C:\Users\user\Desktop\opencode\frontend\node_modules\esbuild\lib\main.js:622:9)
      at handleIncomingPacket (C:\Users\user\Desktop\opencode\frontend\node_modules\esbuild\lib\main.js:677:12)
      at Socket.readFromStdout (C:\Users\user\Desktop\opencode\frontend\node_modules\esbuild\lib\main.js:600:7)
      at Socket.emit (node:events:509:28)
      at addChunk (node:internal/streams/readable:563:12)
      at readableAddChunkPushByteMode (node:internal/streams/readable:514:3)
      at Readable.push (node:internal/streams/readable:394:5)
      at Pipe.onStreamRead (node:internal/stream_base_commons:189:23)
[2m17:59:55[22m [36m[1m[vite][22m[39m [32mhmr update [39m[2m/src/pages/Settings.tsx, /src/index.css[22m
[2m17:59:55[22m [31m[1m[vite][22m[39m Pre-transform error: Transform failed with 3 errors:
C:/Users/user/Desktop/opencode/frontend/src/pages/Settings.tsx:482:155: ERROR: The character ">" is not valid inside a JSX element
C:/Users/user/Desktop/opencode/frontend/src/pages/Settings.tsx:487:138: ERROR: The character ">" is not valid inside a JSX element
C:/Users/user/Desktop/opencode/frontend/src/pages/Settings.tsx:487:160: ERROR: The character ">" is not valid inside a JSX element
[2m17:59:55[22m [31m[1m[vite][22m[39m Pre-transform error: Transform failed with 3 errors:
C:/Users/user/Desktop/opencode/frontend/src/pages/Settings.tsx:482:155: ERROR: The character ">" is not valid inside a JSX element
C:/Users/user/Desktop/opencode/frontend/src/pages/Settings.tsx:487:138: ERROR: The character ">" is not valid inside a JSX element
C:/Users/user/Desktop/opencode/frontend/src/pages/Settings.tsx:487:160: ERROR: The character ">" is not valid inside a JSX element
[2m17:59:56[22m [31m[1m[vite][22m[39m [31mInternal server error: Transform failed with 3 errors:
C:/Users/user/Desktop/opencode/frontend/src/pages/Settings.tsx:482:155: ERROR: The character ">" is not valid inside a JSX element
C:/Users/user/Desktop/opencode/frontend/src/pages/Settings.tsx:487:138: ERROR: The character ">" is not valid inside a JSX element
C:/Users/user/Desktop/opencode/frontend/src/pages/Settings.tsx:487:160: ERROR: The character ">" is not valid inside a JSX element[39m
  Plugin: [35mvite:esbuild[39m
  File: [36mC:/Users/user/Desktop/opencode/frontend/src/pages/Settings.tsx[39m:463:123
[33m  
  [33mThe character ">" is not valid inside a JSX element[33m
  480|                    <dt className="font-semibold">Funciona offline?</dt><dd className="text-gray-600 dark:text-gray-400">Sim como PWA instalado - visualiza e cria transacoes offline.</dd>
  481|                    <dt className="font-semibold">Dados somem se trocar de celular?</dt><dd className="text-gray-600 dark:text-gray-400">Nao, tudo na nuvem. So logar no novo dispositivo.</dd>
  482|                    <dt className="font-semibold">Como convido familia?</dt><dd className="text-gray-600 dark:text-gray-400">Master convida em Configuracoes > Usuarios. Papel: Comum ou Admin.</dd>
     |                                                                                                                                                             ^
  483|                    <dt className="font-semibold">Limite de 50 transacoes no Free?</dt><dd className="text-gray-600 dark:text-gray-400">Fica somente leitura. Upgrade libera na hora.</dd>
  484|                    <dt className="font-semibold">Backup no Free?</dt><dd className="text-gray-600 dark:text-gray-400">Nao. Premium: manual. PRO: automatico diario.</dd>
  
  [33mThe character ">" is not valid inside a JSX element[33m
  485|                    <dt className="font-semibold">Sincronizacao bancaria?</dt><dd className="text-gray-600 dark:text-gray-400">Nao na v1. Prevista para 2027 via Open Banking.</dd>
  486|                    <dt className="font-semibold">Reembolso?</dt><dd className="text-gray-600 dark:text-gray-400">So anual nos 7 primeiros dias (CDC Art. 49).</dd>
  487|                    <dt className="font-semibold">LGPD / Exclusao dados?</dt><dd className="text-gray-600 dark:text-gray-400">Configuracoes > Dados e Privacidade > Solicitar exclusao.</dd>
     |                                                                                                                                            ^
  488|                  </dl>
  489|                  <p className="mt-4 text-sm text-gray-500">100+ perguntas no documento completo: FAQ.md</p>
  
  [33mThe character ">" is not valid inside a JSX element[33m
  485|                    <dt className="font-semibold">Sincronizacao bancaria?</dt><dd className="text-gray-600 dark:text-gray-400">Nao na v1. Prevista para 2027 via Open Banking.</dd>
  486|                    <dt className="font-semibold">Reembolso?</dt><dd className="text-gray-600 dark:text-gray-400">So anual nos 7 primeiros dias (CDC Art. 49).</dd>
  487|                    <dt className="font-semibold">LGPD / Exclusao dados?</dt><dd className="text-gray-600 dark:text-gray-400">Configuracoes > Dados e Privacidade > Solicitar exclusao.</dd>
     |                                                                                                                                                                  ^
  488|                  </dl>
  489|                  <p className="mt-4 text-sm text-gray-500">100+ perguntas no documento completo: FAQ.md</p>
  [39m
      at failureErrorWithLog (C:\Users\user\Desktop\opencode\frontend\node_modules\esbuild\lib\main.js:1472:15)
      at C:\Users\user\Desktop\opencode\frontend\node_modules\esbuild\lib\main.js:755:50
      at responseCallbacks.<computed> (C:\Users\user\Desktop\opencode\frontend\node_modules\esbuild\lib\main.js:622:9)
      at handleIncomingPacket (C:\Users\user\Desktop\opencode\frontend\node_modules\esbuild\lib\main.js:677:12)
      at Socket.readFromStdout (C:\Users\user\Desktop\opencode\frontend\node_modules\esbuild\lib\main.js:600:7)
      at Socket.emit (node:events:509:28)
      at addChunk (node:internal/streams/readable:563:12)
      at readableAddChunkPushByteMode (node:internal/streams/readable:514:3)
      at Readable.push (node:internal/streams/readable:394:5)
      at Pipe.onStreamRead (node:internal/stream_base_commons:189:23)
[2m18:02:21[22m [36m[1m[vite][22m[39m [32mhmr update [39m[2m/src/pages/Settings.tsx, /src/index.css[22m
[2m18:02:22[22m [31m[1m[vite][22m[39m Pre-transform error: Transform failed with 3 errors:
C:/Users/user/Desktop/opencode/frontend/src/pages/Settings.tsx:482:155: ERROR: The character ">" is not valid inside a JSX element
C:/Users/user/Desktop/opencode/frontend/src/pages/Settings.tsx:487:138: ERROR: The character ">" is not valid inside a JSX element
C:/Users/user/Desktop/opencode/frontend/src/pages/Settings.tsx:487:160: ERROR: The character ">" is not valid inside a JSX element
[2m18:02:22[22m [31m[1m[vite][22m[39m Pre-transform error: Transform failed with 3 errors:
C:/Users/user/Desktop/opencode/frontend/src/pages/Settings.tsx:482:155: ERROR: The character ">" is not valid inside a JSX element
C:/Users/user/Desktop/opencode/frontend/src/pages/Settings.tsx:487:138: ERROR: The character ">" is not valid inside a JSX element
C:/Users/user/Desktop/opencode/frontend/src/pages/Settings.tsx:487:160: ERROR: The character ">" is not valid inside a JSX element
[2m18:02:22[22m [31m[1m[vite][22m[39m [31mInternal server error: Transform failed with 3 errors:
C:/Users/user/Desktop/opencode/frontend/src/pages/Settings.tsx:482:155: ERROR: The character ">" is not valid inside a JSX element
C:/Users/user/Desktop/opencode/frontend/src/pages/Settings.tsx:487:138: ERROR: The character ">" is not valid inside a JSX element
C:/Users/user/Desktop/opencode/frontend/src/pages/Settings.tsx:487:160: ERROR: The character ">" is not valid inside a JSX element[39m
  Plugin: [35mvite:esbuild[39m
  File: [36mC:/Users/user/Desktop/opencode/frontend/src/pages/Settings.tsx[39m:463:123
[33m  
  [33mThe character ">" is not valid inside a JSX element[33m
  480|                    <dt className="font-semibold">Funciona offline?</dt><dd className="text-gray-600 dark:text-gray-400">Sim como PWA instalado - visualiza e cria transacoes offline.</dd>
  481|                    <dt className="font-semibold">Dados somem se trocar de celular?</dt><dd className="text-gray-600 dark:text-gray-400">Nao, tudo na nuvem. So logar no novo dispositivo.</dd>
  482|                    <dt className="font-semibold">Como convido familia?</dt><dd className="text-gray-600 dark:text-gray-400">Master convida em Configuracoes > Usuarios. Papel: Comum ou Admin.</dd>
     |                                                                                                                                                             ^
  483|                    <dt className="font-semibold">Limite de 50 transacoes no Free?</dt><dd className="text-gray-600 dark:text-gray-400">Fica somente leitura. Upgrade libera na hora.</dd>
  484|                    <dt className="font-semibold">Backup no Free?</dt><dd className="text-gray-600 dark:text-gray-400">Nao. Premium: manual. PRO: automatico diario.</dd>
  
  [33mThe character ">" is not valid inside a JSX element[33m
  485|                    <dt className="font-semibold">Sincronizacao bancaria?</dt><dd className="text-gray-600 dark:text-gray-400">Nao na v1. Prevista para 2027 via Open Banking.</dd>
  486|                    <dt className="font-semibold">Reembolso?</dt><dd className="text-gray-600 dark:text-gray-400">So anual nos 7 primeiros dias (CDC Art. 49).</dd>
  487|                    <dt className="font-semibold">LGPD / Exclusao dados?</dt><dd className="text-gray-600 dark:text-gray-400">Configuracoes > Dados e Privacidade > Solicitar exclusao.</dd>
     |                                                                                                                                            ^
  488|                  </dl>
  489|                  <p className="mt-4 text-sm text-gray-500">100+ perguntas no documento completo: FAQ.md</p>
  
  [33mThe character ">" is not valid inside a JSX element[33m
  485|                    <dt className="font-semibold">Sincronizacao bancaria?</dt><dd className="text-gray-600 dark:text-gray-400">Nao na v1. Prevista para 2027 via Open Banking.</dd>
  486|                    <dt className="font-semibold">Reembolso?</dt><dd className="text-gray-600 dark:text-gray-400">So anual nos 7 primeiros dias (CDC Art. 49).</dd>
  487|                    <dt className="font-semibold">LGPD / Exclusao dados?</dt><dd className="text-gray-600 dark:text-gray-400">Configuracoes > Dados e Privacidade > Solicitar exclusao.</dd>
     |                                                                                                                                                                  ^
  488|                  </dl>
  489|                  <p className="mt-4 text-sm text-gray-500">100+ perguntas no documento completo: FAQ.md</p>
  [39m
      at failureErrorWithLog (C:\Users\user\Desktop\opencode\frontend\node_modules\esbuild\lib\main.js:1472:15)
      at C:\Users\user\Desktop\opencode\frontend\node_modules\esbuild\lib\main.js:755:50
      at responseCallbacks.<computed> (C:\Users\user\Desktop\opencode\frontend\node_modules\esbuild\lib\main.js:622:9)
      at handleIncomingPacket (C:\Users\user\Desktop\opencode\frontend\node_modules\esbuild\lib\main.js:677:12)
      at Socket.readFromStdout (C:\Users\user\Desktop\opencode\frontend\node_modules\esbuild\lib\main.js:600:7)
      at Socket.emit (node:events:509:28)
      at addChunk (node:internal/streams/readable:563:12)
      at readableAddChunkPushByteMode (node:internal/streams/readable:514:3)
      at Readable.push (node:internal/streams/readable:394:5)
      at Pipe.onStreamRead (node:internal/stream_base_commons:189:23)
[2m18:02:32[22m [36m[1m[vite][22m[39m [32mhmr update [39m[2m/src/pages/Settings.tsx, /src/index.css[22m
[2m18:27:46[22m [36m[1m[vite][22m[39m [32mhmr update [39m[2m/src/App.tsx, /src/index.css, /src/pages/Login.tsx, /src/pages/Goals.tsx, /src/pages/Register.tsx, /src/components/Layout.tsx, /src/pages/Settings.tsx, /src/pages/MasterDashboard.tsx, /src/pages/Budgets.tsx, /src/pages/Reports.tsx, /src/pages/Dashboard.tsx, /src/pages/Accounts.tsx, /src/pages/Categories.tsx, /src/pages/Onboarding.tsx, /src/pages/Cards.tsx, /src/pages/Subscription.tsx, /src/pages/Transactions.tsx, /src/pages/Admin.tsx[22m
[2m18:27:47[22m [36m[1m[vite][22m[39m [33mhmr invalidate [39m[2m/src/pages/Settings.tsx[22m Could not Fast Refresh ("MODULE_LIST" export is incompatible). Learn more at https://github.com/vitejs/vite-plugin-react/tree/main/packages/plugin-react#consistent-components-exports
[2m18:27:47[22m [36m[1m[vite][22m[39m [32mhmr update [39m[2m/src/App.tsx, /src/index.css, /src/pages/Admin.tsx[22m
[2m18:27:52[22m [36m[1m[vite][22m[39m [32mhmr update [39m[2m/src/App.tsx, /src/index.css, /src/pages/Login.tsx, /src/pages/Goals.tsx, /src/pages/Register.tsx, /src/components/Layout.tsx, /src/pages/Settings.tsx, /src/pages/MasterDashboard.tsx, /src/pages/Budgets.tsx, /src/pages/Reports.tsx, /src/pages/Dashboard.tsx, /src/pages/Accounts.tsx, /src/pages/Categories.tsx, /src/pages/Onboarding.tsx, /src/pages/Cards.tsx, /src/pages/Subscription.tsx, /src/pages/Transactions.tsx, /src/pages/Admin.tsx[22m
[2m18:27:53[22m [36m[1m[vite][22m[39m [33mhmr invalidate [39m[2m/src/pages/Settings.tsx[22m Could not Fast Refresh ("MODULE_LIST" export is incompatible). Learn more at https://github.com/vitejs/vite-plugin-react/tree/main/packages/plugin-react#consistent-components-exports
[2m18:27:53[22m [36m[1m[vite][22m[39m [32mhmr update [39m[2m/src/App.tsx, /src/index.css, /src/pages/Admin.tsx[22m
[2m18:27:55[22m [36m[1m[vite][22m[39m [32mhmr update [39m[2m/src/App.tsx, /src/index.css, /src/pages/Login.tsx, /src/pages/Goals.tsx, /src/pages/Register.tsx, /src/components/Layout.tsx, /src/pages/Settings.tsx, /src/pages/MasterDashboard.tsx, /src/pages/Budgets.tsx, /src/pages/Reports.tsx, /src/pages/Dashboard.tsx, /src/pages/Accounts.tsx, /src/pages/Categories.tsx, /src/pages/Onboarding.tsx, /src/pages/Cards.tsx, /src/pages/Subscription.tsx, /src/pages/Transactions.tsx, /src/pages/Admin.tsx[22m
[2m18:27:55[22m [36m[1m[vite][22m[39m [33mhmr invalidate [39m[2m/src/pages/Settings.tsx[22m Could not Fast Refresh ("MODULE_LIST" export is incompatible). Learn more at https://github.com/vitejs/vite-plugin-react/tree/main/packages/plugin-react#consistent-components-exports
[2m18:27:55[22m [36m[1m[vite][22m[39m [32mhmr update [39m[2m/src/App.tsx, /src/index.css, /src/pages/Admin.tsx[22m
[2m18:28:00[22m [36m[1m[vite][22m[39m [32mhmr update [39m[2m/src/App.tsx, /src/index.css, /src/pages/Login.tsx, /src/pages/Goals.tsx, /src/pages/Register.tsx, /src/components/Layout.tsx, /src/pages/Settings.tsx, /src/pages/MasterDashboard.tsx, /src/pages/Budgets.tsx, /src/pages/Reports.tsx, /src/pages/Dashboard.tsx, /src/pages/Accounts.tsx, /src/pages/Categories.tsx, /src/pages/Onboarding.tsx, /src/pages/Cards.tsx, /src/pages/Subscription.tsx, /src/pages/Transactions.tsx, /src/pages/Admin.tsx[22m
[2m18:28:00[22m [36m[1m[vite][22m[39m [33mhmr invalidate [39m[2m/src/pages/Settings.tsx[22m Could not Fast Refresh ("MODULE_LIST" export is incompatible). Learn more at https://github.com/vitejs/vite-plugin-react/tree/main/packages/plugin-react#consistent-components-exports
[2m18:28:00[22m [36m[1m[vite][22m[39m [32mhmr update [39m[2m/src/App.tsx, /src/index.css, /src/pages/Admin.tsx[22m
[2m18:28:02[22m [36m[1m[vite][22m[39m [32mhmr update [39m[2m/src/App.tsx, /src/index.css, /src/pages/Login.tsx, /src/pages/Goals.tsx, /src/pages/Register.tsx, /src/components/Layout.tsx, /src/pages/Settings.tsx, /src/pages/MasterDashboard.tsx, /src/pages/Budgets.tsx, /src/pages/Reports.tsx, /src/pages/Dashboard.tsx, /src/pages/Accounts.tsx, /src/pages/Categories.tsx, /src/pages/Onboarding.tsx, /src/pages/Cards.tsx, /src/pages/Subscription.tsx, /src/pages/Transactions.tsx, /src/pages/Admin.tsx[22m
[2m18:28:03[22m [36m[1m[vite][22m[39m [33mhmr invalidate [39m[2m/src/pages/Settings.tsx[22m Could not Fast Refresh ("MODULE_LIST" export is incompatible). Learn more at https://github.com/vitejs/vite-plugin-react/tree/main/packages/plugin-react#consistent-components-exports
[2m18:28:03[22m [36m[1m[vite][22m[39m [32mhmr update [39m[2m/src/App.tsx, /src/index.css, /src/pages/Admin.tsx[22m
[2m18:28:24[22m [36m[1m[vite][22m[39m [32mhmr update [39m[2m/src/App.tsx, /src/index.css, /src/pages/Login.tsx, /src/pages/Goals.tsx, /src/pages/Register.tsx, /src/components/Layout.tsx, /src/pages/Settings.tsx, /src/pages/MasterDashboard.tsx, /src/pages/Budgets.tsx, /src/pages/Reports.tsx, /src/pages/Dashboard.tsx, /src/pages/Accounts.tsx, /src/pages/Categories.tsx, /src/pages/Onboarding.tsx, /src/pages/Cards.tsx, /src/pages/Subscription.tsx, /src/pages/Transactions.tsx, /src/pages/Admin.tsx[22m
[2m18:28:25[22m [36m[1m[vite][22m[39m [33mhmr invalidate [39m[2m/src/pages/Settings.tsx[22m Could not Fast Refresh ("MODULE_LIST" export is incompatible). Learn more at https://github.com/vitejs/vite-plugin-react/tree/main/packages/plugin-react#consistent-components-exports
[2m18:28:25[22m [36m[1m[vite][22m[39m [32mhmr update [39m[2m/src/App.tsx, /src/index.css, /src/pages/Admin.tsx[22m
[2m18:28:32[22m [36m[1m[vite][22m[39m [32mhmr update [39m[2m/src/App.tsx, /src/index.css, /src/pages/Login.tsx, /src/pages/Goals.tsx, /src/pages/Register.tsx, /src/components/Layout.tsx, /src/pages/Settings.tsx, /src/pages/MasterDashboard.tsx, /src/pages/Budgets.tsx, /src/pages/Reports.tsx, /src/pages/Dashboard.tsx, /src/pages/Accounts.tsx, /src/pages/Categories.tsx, /src/pages/Onboarding.tsx, /src/pages/Cards.tsx, /src/pages/Subscription.tsx, /src/pages/Transactions.tsx, /src/pages/Admin.tsx[22m
[2m18:28:33[22m [36m[1m[vite][22m[39m [33mhmr invalidate [39m[2m/src/pages/Settings.tsx[22m Could not Fast Refresh ("MODULE_LIST" export is incompatible). Learn more at https://github.com/vitejs/vite-plugin-react/tree/main/packages/plugin-react#consistent-components-exports
[2m18:28:33[22m [36m[1m[vite][22m[39m [32mhmr update [39m[2m/src/App.tsx, /src/index.css, /src/pages/Admin.tsx[22m
[2m18:28:57[22m [36m[1m[vite][22m[39m [32mhmr update [39m[2m/src/pages/Accounts.tsx, /src/index.css[22m
[2m18:29:04[22m [36m[1m[vite][22m[39m [32mhmr update [39m[2m/src/pages/Accounts.tsx, /src/index.css[22m
[2m18:29:15[22m [36m[1m[vite][22m[39m [32mhmr update [39m[2m/src/pages/Cards.tsx, /src/index.css[22m
[2m18:29:26[22m [36m[1m[vite][22m[39m [32mhmr update [39m[2m/src/pages/Cards.tsx, /src/index.css[22m
[2m18:29:29[22m [36m[1m[vite][22m[39m [32mhmr update [39m[2m/src/pages/Cards.tsx, /src/index.css[22m
[2m18:29:39[22m [36m[1m[vite][22m[39m [32mhmr update [39m[2m/src/pages/Budgets.tsx, /src/index.css[22m
[2m18:29:43[22m [36m[1m[vite][22m[39m [32mhmr update [39m[2m/src/pages/Budgets.tsx, /src/index.css[22m
[2m18:30:02[22m [36m[1m[vite][22m[39m [32mhmr update [39m[2m/src/pages/Budgets.tsx, /src/index.css[22m
[2m18:30:08[22m [36m[1m[vite][22m[39m [32mhmr update [39m[2m/src/pages/Goals.tsx, /src/index.css[22m
[2m18:30:20[22m [36m[1m[vite][22m[39m [32mhmr update [39m[2m/src/pages/Goals.tsx, /src/index.css[22m
[2m18:30:37[22m [36m[1m[vite][22m[39m [32mhmr update [39m[2m/src/pages/Goals.tsx, /src/index.css[22m
[2m18:30:53[22m [36m[1m[vite][22m[39m [32mhmr update [39m[2m/src/pages/Reports.tsx, /src/index.css[22m
[2m18:30:58[22m [36m[1m[vite][22m[39m [32mhmr update [39m[2m/src/pages/Reports.tsx, /src/index.css[22m
[2m18:31:13[22m [36m[1m[vite][22m[39m [32mhmr update [39m[2m/src/pages/Reports.tsx, /src/index.css[22m
[2m18:31:14[22m [31m[1m[vite][22m[39m [31mInternal server error: C:\Users\user\Desktop\opencode\frontend\src\pages\Reports.tsx: Adjacent JSX elements must be wrapped in an enclosing tag. Did you want a JSX fragment <>...</>? (129:6)

[0m [90m 127 |[31m       [33m<[31m[33m/[31m[33mdiv[31m[33m>[31m
 [90m 128 |[31m
[31m[1m>[22m[31m[90m 129 |[31m       [33m<[31m[33mdiv[31m className[33m=[31m[32m"card"[31m[33m>[31m
 [90m     |[31m       [31m[1m^[22m[31m
 [90m 130 |[31m         [33m<[31m[33mdiv[31m className[33m=[31m[32m"flex items-center justify-center gap-4"[31m[33m>[31m
 [90m 131 |[31m           [33m<[31m[33mbutton[31m
 [90m 132 |[31m             onClick[33m=[31m{() [33m=>[31m handleMonthChange([33m-[31m[35m1[31m)}[0m[39m
  Plugin: [35mvite:react-babel[39m
  File: [36mC:/Users/user/Desktop/opencode/frontend/src/pages/Reports.tsx[39m:129:6
[33m  127|        </div>
  128|  
  129|        <div className="card">
     |        ^
  130|          <div className="flex items-center justify-center gap-4">
  131|            <button[39m
      at constructor (C:\Users\user\Desktop\opencode\frontend\node_modules\@babel\parser\lib\index.js:369:19)
      at TypeScriptParserMixin.raise (C:\Users\user\Desktop\opencode\frontend\node_modules\@babel\parser\lib\index.js:6620:19)
      at TypeScriptParserMixin.jsxParseElementAt (C:\Users\user\Desktop\opencode\frontend\node_modules\@babel\parser\lib\index.js:4758:18)
      at TypeScriptParserMixin.jsxParseElement (C:\Users\user\Desktop\opencode\frontend\node_modules\@babel\parser\lib\index.js:4765:17)
      at TypeScriptParserMixin.parseExprAtom (C:\Users\user\Desktop\opencode\frontend\node_modules\@babel\parser\lib\index.js:4775:19)
      at TypeScriptParserMixin.parseExprSubscripts (C:\Users\user\Desktop\opencode\frontend\node_modules\@babel\parser\lib\index.js:11102:23)
      at TypeScriptParserMixin.parseUpdate (C:\Users\user\Desktop\opencode\frontend\node_modules\@babel\parser\lib\index.js:11087:21)
      at TypeScriptParserMixin.parseMaybeUnary (C:\Users\user\Desktop\opencode\frontend\node_modules\@babel\parser\lib\index.js:11067:23)
      at TypeScriptParserMixin.parseMaybeUnary (C:\Users\user\Desktop\opencode\frontend\node_modules\@babel\parser\lib\index.js:9858:18)
      at TypeScriptParserMixin.parseMaybeUnaryOrPrivate (C:\Users\user\Desktop\opencode\frontend\node_modules\@babel\parser\lib\index.js:10920:61)
      at TypeScriptParserMixin.parseExprOps (C:\Users\user\Desktop\opencode\frontend\node_modules\@babel\parser\lib\index.js:10925:23)
      at TypeScriptParserMixin.parseMaybeConditional (C:\Users\user\Desktop\opencode\frontend\node_modules\@babel\parser\lib\index.js:10902:23)
      at TypeScriptParserMixin.parseMaybeAssign (C:\Users\user\Desktop\opencode\frontend\node_modules\@babel\parser\lib\index.js:10852:21)
      at C:\Users\user\Desktop\opencode\frontend\node_modules\@babel\parser\lib\index.js:9796:39
      at TypeScriptParserMixin.tryParse (C:\Users\user\Desktop\opencode\frontend\node_modules\@babel\parser\lib\index.js:6928:20)
      at TypeScriptParserMixin.parseMaybeAssign (C:\Users\user\Desktop\opencode\frontend\node_modules\@babel\parser\lib\index.js:9796:18)
      at C:\Users\user\Desktop\opencode\frontend\node_modules\@babel\parser\lib\index.js:10821:39
      at TypeScriptParserMixin.allowInAnd (C:\Users\user\Desktop\opencode\frontend\node_modules\@babel\parser\lib\index.js:12455:12)
      at TypeScriptParserMixin.parseMaybeAssignAllowIn (C:\Users\user\Desktop\opencode\frontend\node_modules\@babel\parser\lib\index.js:10821:17)
      at TypeScriptParserMixin.parseMaybeAssignAllowInOrVoidPattern (C:\Users\user\Desktop\opencode\frontend\node_modules\@babel\parser\lib\index.js:12522:17)
      at TypeScriptParserMixin.parseParenAndDistinguishExpression (C:\Users\user\Desktop\opencode\frontend\node_modules\@babel\parser\lib\index.js:11701:28)
      at TypeScriptParserMixin.parseExprAtom (C:\Users\user\Desktop\opencode\frontend\node_modules\@babel\parser\lib\index.js:11357:23)
      at TypeScriptParserMixin.parseExprAtom (C:\Users\user\Desktop\opencode\frontend\node_modules\@babel\parser\lib\index.js:4780:20)
      at TypeScriptParserMixin.parseExprSubscripts (C:\Users\user\Desktop\opencode\frontend\node_modules\@babel\parser\lib\index.js:11102:23)
      at TypeScriptParserMixin.parseUpdate (C:\Users\user\Desktop\opencode\frontend\node_modules\@babel\parser\lib\index.js:11087:21)
      at TypeScriptParserMixin.parseMaybeUnary (C:\Users\user\Desktop\opencode\frontend\node_modules\@babel\parser\lib\index.js:11067:23)
      at TypeScriptParserMixin.parseMaybeUnary (C:\Users\user\Desktop\opencode\frontend\node_modules\@babel\parser\lib\index.js:9858:18)
      at TypeScriptParserMixin.parseMaybeUnaryOrPrivate (C:\Users\user\Desktop\opencode\frontend\node_modules\@babel\parser\lib\index.js:10920:61)
      at TypeScriptParserMixin.parseExprOps (C:\Users\user\Desktop\opencode\frontend\node_modules\@babel\parser\lib\index.js:10925:23)
      at TypeScriptParserMixin.parseMaybeConditional (C:\Users\user\Desktop\opencode\frontend\node_modules\@babel\parser\lib\index.js:10902:23)
      at TypeScriptParserMixin.parseMaybeAssign (C:\Users\user\Desktop\opencode\frontend\node_modules\@babel\parser\lib\index.js:10852:21)
      at TypeScriptParserMixin.parseMaybeAssign (C:\Users\user\Desktop\opencode\frontend\node_modules\@babel\parser\lib\index.js:9807:20)
      at TypeScriptParserMixin.parseExpressionBase (C:\Users\user\Desktop\opencode\frontend\node_modules\@babel\parser\lib\index.js:10805:23)
      at C:\Users\user\Desktop\opencode\frontend\node_modules\@babel\parser\lib\index.js:10801:39
      at TypeScriptParserMixin.allowInAnd (C:\Users\user\Desktop\opencode\frontend\node_modules\@babel\parser\lib\index.js:12450:16)
      at TypeScriptParserMixin.parseExpression (C:\Users\user\Desktop\opencode\frontend\node_modules\@babel\parser\lib\index.js:10801:17)
      at TypeScriptParserMixin.parseReturnStatement (C:\Users\user\Desktop\opencode\frontend\node_modules\@babel\parser\lib\index.js:13171:28)
      at TypeScriptParserMixin.parseStatementContent (C:\Users\user\Desktop\opencode\frontend\node_modules\@babel\parser\lib\index.js:12827:21)
      at TypeScriptParserMixin.parseStatementContent (C:\Users\user\Desktop\opencode\frontend\node_modules\@babel\parser\lib\index.js:9529:18)
      at TypeScriptParserMixin.parseStatementLike (C:\Users\user\Desktop\opencode\frontend\node_modules\@babel\parser\lib\index.js:12796:17)
      at TypeScriptParserMixin.parseStatementListItem (C:\Users\user\Desktop\opencode\frontend\node_modules\@babel\parser\lib\index.js:12776:17)
      at TypeScriptParserMixin.parseBlockOrModuleBlockBody (C:\Users\user\Desktop\opencode\frontend\node_modules\@babel\parser\lib\index.js:13345:61)
      at TypeScriptParserMixin.parseBlockBody (C:\Users\user\Desktop\opencode\frontend\node_modules\@babel\parser\lib\index.js:13338:10)
      at TypeScriptParserMixin.parseBlock (C:\Users\user\Desktop\opencode\frontend\node_modules\@babel\parser\lib\index.js:13326:10)
      at TypeScriptParserMixin.parseFunctionBody (C:\Users\user\Desktop\opencode\frontend\node_modules\@babel\parser\lib\index.js:12129:24)
      at TypeScriptParserMixin.parseFunctionBodyAndFinish (C:\Users\user\Desktop\opencode\frontend\node_modules\@babel\parser\lib\index.js:12115:10)
      at TypeScriptParserMixin.parseFunctionBodyAndFinish (C:\Users\user\Desktop\opencode\frontend\node_modules\@babel\parser\lib\index.js:9193:18)
      at C:\Users\user\Desktop\opencode\frontend\node_modules\@babel\parser\lib\index.js:13474:12
      at TypeScriptParserMixin.withSmartMixTopicForbiddingContext (C:\Users\user\Desktop\opencode\frontend\node_modules\@babel\parser\lib\index.js:12432:14)
      at TypeScriptParserMixin.parseFunction (C:\Users\user\Desktop\opencode\frontend\node_modules\@babel\parser\lib\index.js:13473:10)
[2m18:31:38[22m [36m[1m[vite][22m[39m [32mhmr update [39m[2m/src/pages/Reports.tsx, /src/index.css[22m
[2m18:31:38[22m [31m[1m[vite][22m[39m [31mInternal server error: C:\Users\user\Desktop\opencode\frontend\src\pages\Reports.tsx: Adjacent JSX elements must be wrapped in an enclosing tag. Did you want a JSX fragment <>...</>? (146:6)

[0m [90m 144 |[31m       [33m<[31m[33m/[31m[33mdiv[31m[33m>[31m
 [90m 145 |[31m
[31m[1m>[22m[31m[90m 146 |[31m       [33m<[31m[33mdiv[31m className[33m=[31m[32m"card"[31m[33m>[31m
 [90m     |[31m       [31m[1m^[22m[31m
 [90m 147 |[31m         [33m<[31m[33mdiv[31m className[33m=[31m[32m"flex items-center justify-center gap-4"[31m[33m>[31m
 [90m 148 |[31m           [33m<[31m[33mbutton[31m
 [90m 149 |[31m             onClick[33m=[31m{() [33m=>[31m handleMonthChange([33m-[31m[35m1[31m)}[0m[39m
  Plugin: [35mvite:react-babel[39m
  File: [36mC:/Users/user/Desktop/opencode/frontend/src/pages/Reports.tsx[39m:146:6
[33m  144|        </div>
  145|  
  146|        <div className="card">
     |        ^
  147|          <div className="flex items-center justify-center gap-4">
  148|            <button[39m
      at constructor (C:\Users\user\Desktop\opencode\frontend\node_modules\@babel\parser\lib\index.js:369:19)
      at TypeScriptParserMixin.raise (C:\Users\user\Desktop\opencode\frontend\node_modules\@babel\parser\lib\index.js:6620:19)
      at TypeScriptParserMixin.jsxParseElementAt (C:\Users\user\Desktop\opencode\frontend\node_modules\@babel\parser\lib\index.js:4758:18)
      at TypeScriptParserMixin.jsxParseElement (C:\Users\user\Desktop\opencode\frontend\node_modules\@babel\parser\lib\index.js:4765:17)
      at TypeScriptParserMixin.parseExprAtom (C:\Users\user\Desktop\opencode\frontend\node_modules\@babel\parser\lib\index.js:4775:19)
      at TypeScriptParserMixin.parseExprSubscripts (C:\Users\user\Desktop\opencode\frontend\node_modules\@babel\parser\lib\index.js:11102:23)
      at TypeScriptParserMixin.parseUpdate (C:\Users\user\Desktop\opencode\frontend\node_modules\@babel\parser\lib\index.js:11087:21)
      at TypeScriptParserMixin.parseMaybeUnary (C:\Users\user\Desktop\opencode\frontend\node_modules\@babel\parser\lib\index.js:11067:23)
      at TypeScriptParserMixin.parseMaybeUnary (C:\Users\user\Desktop\opencode\frontend\node_modules\@babel\parser\lib\index.js:9858:18)
      at TypeScriptParserMixin.parseMaybeUnaryOrPrivate (C:\Users\user\Desktop\opencode\frontend\node_modules\@babel\parser\lib\index.js:10920:61)
      at TypeScriptParserMixin.parseExprOps (C:\Users\user\Desktop\opencode\frontend\node_modules\@babel\parser\lib\index.js:10925:23)
      at TypeScriptParserMixin.parseMaybeConditional (C:\Users\user\Desktop\opencode\frontend\node_modules\@babel\parser\lib\index.js:10902:23)
      at TypeScriptParserMixin.parseMaybeAssign (C:\Users\user\Desktop\opencode\frontend\node_modules\@babel\parser\lib\index.js:10852:21)
      at C:\Users\user\Desktop\opencode\frontend\node_modules\@babel\parser\lib\index.js:9796:39
      at TypeScriptParserMixin.tryParse (C:\Users\user\Desktop\opencode\frontend\node_modules\@babel\parser\lib\index.js:6928:20)
      at TypeScriptParserMixin.parseMaybeAssign (C:\Users\user\Desktop\opencode\frontend\node_modules\@babel\parser\lib\index.js:9796:18)
      at C:\Users\user\Desktop\opencode\frontend\node_modules\@babel\parser\lib\index.js:10821:39
      at TypeScriptParserMixin.allowInAnd (C:\Users\user\Desktop\opencode\frontend\node_modules\@babel\parser\lib\index.js:12455:12)
      at TypeScriptParserMixin.parseMaybeAssignAllowIn (C:\Users\user\Desktop\opencode\frontend\node_modules\@babel\parser\lib\index.js:10821:17)
      at TypeScriptParserMixin.parseMaybeAssignAllowInOrVoidPattern (C:\Users\user\Desktop\opencode\frontend\node_modules\@babel\parser\lib\index.js:12522:17)
      at TypeScriptParserMixin.parseParenAndDistinguishExpression (C:\Users\user\Desktop\opencode\frontend\node_modules\@babel\parser\lib\index.js:11701:28)
      at TypeScriptParserMixin.parseExprAtom (C:\Users\user\Desktop\opencode\frontend\node_modules\@babel\parser\lib\index.js:11357:23)
      at TypeScriptParserMixin.parseExprAtom (C:\Users\user\Desktop\opencode\frontend\node_modules\@babel\parser\lib\index.js:4780:20)
      at TypeScriptParserMixin.parseExprSubscripts (C:\Users\user\Desktop\opencode\frontend\node_modules\@babel\parser\lib\index.js:11102:23)
      at TypeScriptParserMixin.parseUpdate (C:\Users\user\Desktop\opencode\frontend\node_modules\@babel\parser\lib\index.js:11087:21)
      at TypeScriptParserMixin.parseMaybeUnary (C:\Users\user\Desktop\opencode\frontend\node_modules\@babel\parser\lib\index.js:11067:23)
      at TypeScriptParserMixin.parseMaybeUnary (C:\Users\user\Desktop\opencode\frontend\node_modules\@babel\parser\lib\index.js:9858:18)
      at TypeScriptParserMixin.parseMaybeUnaryOrPrivate (C:\Users\user\Desktop\opencode\frontend\node_modules\@babel\parser\lib\index.js:10920:61)
      at TypeScriptParserMixin.parseExprOps (C:\Users\user\Desktop\opencode\frontend\node_modules\@babel\parser\lib\index.js:10925:23)
      at TypeScriptParserMixin.parseMaybeConditional (C:\Users\user\Desktop\opencode\frontend\node_modules\@babel\parser\lib\index.js:10902:23)
      at TypeScriptParserMixin.parseMaybeAssign (C:\Users\user\Desktop\opencode\frontend\node_modules\@babel\parser\lib\index.js:10852:21)
      at TypeScriptParserMixin.parseMaybeAssign (C:\Users\user\Desktop\opencode\frontend\node_modules\@babel\parser\lib\index.js:9807:20)
      at TypeScriptParserMixin.parseExpressionBase (C:\Users\user\Desktop\opencode\frontend\node_modules\@babel\parser\lib\index.js:10805:23)
      at C:\Users\user\Desktop\opencode\frontend\node_modules\@babel\parser\lib\index.js:10801:39
      at TypeScriptParserMixin.allowInAnd (C:\Users\user\Desktop\opencode\frontend\node_modules\@babel\parser\lib\index.js:12450:16)
      at TypeScriptParserMixin.parseExpression (C:\Users\user\Desktop\opencode\frontend\node_modules\@babel\parser\lib\index.js:10801:17)
      at TypeScriptParserMixin.parseReturnStatement (C:\Users\user\Desktop\opencode\frontend\node_modules\@babel\parser\lib\index.js:13171:28)
      at TypeScriptParserMixin.parseStatementContent (C:\Users\user\Desktop\opencode\frontend\node_modules\@babel\parser\lib\index.js:12827:21)
      at TypeScriptParserMixin.parseStatementContent (C:\Users\user\Desktop\opencode\frontend\node_modules\@babel\parser\lib\index.js:9529:18)
      at TypeScriptParserMixin.parseStatementLike (C:\Users\user\Desktop\opencode\frontend\node_modules\@babel\parser\lib\index.js:12796:17)
      at TypeScriptParserMixin.parseStatementListItem (C:\Users\user\Desktop\opencode\frontend\node_modules\@babel\parser\lib\index.js:12776:17)
      at TypeScriptParserMixin.parseBlockOrModuleBlockBody (C:\Users\user\Desktop\opencode\frontend\node_modules\@babel\parser\lib\index.js:13345:61)
      at TypeScriptParserMixin.parseBlockBody (C:\Users\user\Desktop\opencode\frontend\node_modules\@babel\parser\lib\index.js:13338:10)
      at TypeScriptParserMixin.parseBlock (C:\Users\user\Desktop\opencode\frontend\node_modules\@babel\parser\lib\index.js:13326:10)
      at TypeScriptParserMixin.parseFunctionBody (C:\Users\user\Desktop\opencode\frontend\node_modules\@babel\parser\lib\index.js:12129:24)
      at TypeScriptParserMixin.parseFunctionBodyAndFinish (C:\Users\user\Desktop\opencode\frontend\node_modules\@babel\parser\lib\index.js:12115:10)
      at TypeScriptParserMixin.parseFunctionBodyAndFinish (C:\Users\user\Desktop\opencode\frontend\node_modules\@babel\parser\lib\index.js:9193:18)
      at C:\Users\user\Desktop\opencode\frontend\node_modules\@babel\parser\lib\index.js:13474:12
      at TypeScriptParserMixin.withSmartMixTopicForbiddingContext (C:\Users\user\Desktop\opencode\frontend\node_modules\@babel\parser\lib\index.js:12432:14)
      at TypeScriptParserMixin.parseFunction (C:\Users\user\Desktop\opencode\frontend\node_modules\@babel\parser\lib\index.js:13473:10)
[2m18:31:43[22m [36m[1m[vite][22m[39m [32mhmr update [39m[2m/src/pages/MasterDashboard.tsx, /src/index.css[22m
[2m18:32:39[22m [36m[1m[vite][22m[39m [32mhmr update [39m[2m/src/pages/Reports.tsx, /src/index.css[22m
[2m18:35:13[22m [36m[1m[vite][22m[39m [32mhmr update [39m[2m/src/pages/Subscription.tsx, /src/index.css[22m
[2m18:35:31[22m [36m[1m[vite][22m[39m [32mhmr update [39m[2m/src/pages/Subscription.tsx, /src/index.css[22m
[2m18:35:51[22m [36m[1m[vite][22m[39m [32mhmr update [39m[2m/src/pages/Subscription.tsx, /src/index.css[22m
[2m18:37:06[22m [36m[1m[vite][22m[39m [32mhmr update [39m[2m/src/pages/MasterDashboard.tsx, /src/index.css[22m
[2m18:37:15[22m [36m[1m[vite][22m[39m [32mhmr update [39m[2m/src/pages/Subscription.tsx, /src/index.css[22m
[2m18:37:21[22m [36m[1m[vite][22m[39m [32mhmr update [39m[2m/src/pages/Subscription.tsx, /src/index.css[22m
[2m18:40:25[22m [36m[1m[vite][22m[39m [32mhmr update [39m[2m/src/index.css, /src/App.tsx, /src/pages/Login.tsx, /src/pages/Goals.tsx, /src/pages/Register.tsx, /src/components/Layout.tsx, /src/pages/Settings.tsx, /src/pages/MasterDashboard.tsx, /src/pages/Budgets.tsx, /src/pages/Reports.tsx, /src/pages/Dashboard.tsx, /src/pages/Accounts.tsx, /src/pages/Categories.tsx, /src/pages/Onboarding.tsx, /src/pages/Cards.tsx, /src/pages/Subscription.tsx, /src/pages/Transactions.tsx, /src/pages/Admin.tsx[22m
[2m18:40:25[22m [36m[1m[vite][22m[39m [33mhmr invalidate [39m[2m/src/pages/Settings.tsx[22m Could not Fast Refresh ("MODULE_LIST" export is incompatible). Learn more at https://github.com/vitejs/vite-plugin-react/tree/main/packages/plugin-react#consistent-components-exports
[2m18:40:25[22m [36m[1m[vite][22m[39m [32mhmr update [39m[2m/src/App.tsx, /src/index.css, /src/pages/Admin.tsx[22m
[2m18:43:43[22m [36m[1m[vite][22m[39m [32mhmr update [39m[2m/src/pages/MasterDashboard.tsx, /src/index.css[22m
[2m18:43:55[22m [36m[1m[vite][22m[39m [32mhmr update [39m[2m/src/pages/Subscription.tsx, /src/index.css[22m
[2m18:44:17[22m [36m[1m[vite][22m[39m [32mhmr update [39m[2m/src/pages/Subscription.tsx, /src/index.css[22m
[2m18:46:55[22m [36m[1m[vite][22m[39m [32mhmr update [39m[2m/src/pages/MasterDashboard.tsx, /src/index.css[22m
[2m18:47:05[22m [36m[1m[vite][22m[39m [32mhmr update [39m[2m/src/pages/Subscription.tsx, /src/index.css[22m
[2m18:55:49[22m [36m[1m[vite][22m[39m [32mhmr update [39m[2m/src/App.tsx, /src/index.css, /src/pages/Login.tsx, /src/pages/Goals.tsx, /src/pages/Register.tsx, /src/components/Layout.tsx, /src/pages/Settings.tsx, /src/pages/MasterDashboard.tsx, /src/pages/Budgets.tsx, /src/pages/Reports.tsx, /src/pages/Dashboard.tsx, /src/pages/Accounts.tsx, /src/pages/Categories.tsx, /src/pages/Onboarding.tsx, /src/pages/Cards.tsx, /src/pages/Subscription.tsx, /src/pages/Transactions.tsx, /src/pages/Admin.tsx[22m
[2m18:55:50[22m [36m[1m[vite][22m[39m [33mhmr invalidate [39m[2m/src/pages/Settings.tsx[22m Could not Fast Refresh ("MODULE_LIST" export is incompatible). Learn more at https://github.com/vitejs/vite-plugin-react/tree/main/packages/plugin-react#consistent-components-exports
[2m18:55:50[22m [36m[1m[vite][22m[39m [32mhmr update [39m[2m/src/App.tsx, /src/index.css, /src/pages/Admin.tsx[22m
[2m18:55:58[22m [36m[1m[vite][22m[39m [32mhmr update [39m[2m/src/App.tsx, /src/index.css, /src/pages/Login.tsx, /src/pages/Goals.tsx, /src/pages/Register.tsx, /src/components/Layout.tsx, /src/pages/Settings.tsx, /src/pages/MasterDashboard.tsx, /src/pages/Budgets.tsx, /src/pages/Reports.tsx, /src/pages/Dashboard.tsx, /src/pages/Accounts.tsx, /src/pages/Categories.tsx, /src/pages/Onboarding.tsx, /src/pages/Cards.tsx, /src/pages/Subscription.tsx, /src/pages/Transactions.tsx, /src/pages/Admin.tsx[22m
[2m18:55:59[22m [36m[1m[vite][22m[39m [33mhmr invalidate [39m[2m/src/pages/Settings.tsx[22m Could not Fast Refresh ("MODULE_LIST" export is incompatible). Learn more at https://github.com/vitejs/vite-plugin-react/tree/main/packages/plugin-react#consistent-components-exports
[2m18:55:59[22m [36m[1m[vite][22m[39m [32mhmr update [39m[2m/src/App.tsx, /src/index.css, /src/pages/Admin.tsx[22m
[2m18:56:44[22m [36m[1m[vite][22m[39m [32mhmr update [39m[2m/src/pages/Admin.tsx, /src/index.css[22m
[2m18:58:34[22m [36m[1m[vite][22m[39m [32mhmr update [39m[2m/src/App.tsx, /src/index.css, /src/pages/Login.tsx, /src/pages/Goals.tsx, /src/pages/Register.tsx, /src/components/Layout.tsx, /src/pages/Settings.tsx, /src/pages/MasterDashboard.tsx, /src/pages/Budgets.tsx, /src/pages/Reports.tsx, /src/pages/Dashboard.tsx, /src/pages/Accounts.tsx, /src/pages/Categories.tsx, /src/pages/Onboarding.tsx, /src/pages/Cards.tsx, /src/pages/Subscription.tsx, /src/pages/Transactions.tsx, /src/pages/Admin.tsx[22m
[2m18:58:35[22m [36m[1m[vite][22m[39m [33mhmr invalidate [39m[2m/src/pages/Settings.tsx[22m Could not Fast Refresh ("MODULE_LIST" export is incompatible). Learn more at https://github.com/vitejs/vite-plugin-react/tree/main/packages/plugin-react#consistent-components-exports
[2m18:58:35[22m [36m[1m[vite][22m[39m [32mhmr update [39m[2m/src/App.tsx, /src/index.css, /src/pages/Admin.tsx[22m
[2m18:58:40[22m [36m[1m[vite][22m[39m [32mhmr update [39m[2m/src/App.tsx, /src/index.css, /src/pages/Login.tsx, /src/pages/Goals.tsx, /src/pages/Register.tsx, /src/components/Layout.tsx, /src/pages/Settings.tsx, /src/pages/MasterDashboard.tsx, /src/pages/Budgets.tsx, /src/pages/Reports.tsx, /src/pages/Dashboard.tsx, /src/pages/Accounts.tsx, /src/pages/Categories.tsx, /src/pages/Onboarding.tsx, /src/pages/Cards.tsx, /src/pages/Subscription.tsx, /src/pages/Transactions.tsx, /src/pages/Admin.tsx[22m
[2m18:58:40[22m [36m[1m[vite][22m[39m [33mhmr invalidate [39m[2m/src/pages/Settings.tsx[22m Could not Fast Refresh ("MODULE_LIST" export is incompatible). Learn more at https://github.com/vitejs/vite-plugin-react/tree/main/packages/plugin-react#consistent-components-exports
[2m18:58:40[22m [36m[1m[vite][22m[39m [32mhmr update [39m[2m/src/App.tsx, /src/index.css, /src/pages/Admin.tsx[22m
[2m18:58:53[22m [36m[1m[vite][22m[39m [32mhmr update [39m[2m/src/pages/Admin.tsx, /src/index.css[22m
[2m19:06:49[22m [36m[1m[vite][22m[39m [32mhmr update [39m[2m/src/App.tsx, /src/index.css, /src/pages/Login.tsx, /src/pages/Goals.tsx, /src/pages/Register.tsx, /src/components/Layout.tsx, /src/pages/Settings.tsx, /src/pages/MasterDashboard.tsx, /src/pages/Budgets.tsx, /src/pages/Reports.tsx, /src/pages/Dashboard.tsx, /src/pages/Accounts.tsx, /src/pages/Categories.tsx, /src/pages/Onboarding.tsx, /src/pages/Cards.tsx, /src/pages/Subscription.tsx, /src/pages/Transactions.tsx, /src/pages/Admin.tsx[22m
[2m19:06:50[22m [36m[1m[vite][22m[39m [33mhmr invalidate [39m[2m/src/pages/Settings.tsx[22m Could not Fast Refresh ("MODULE_LIST" export is incompatible). Learn more at https://github.com/vitejs/vite-plugin-react/tree/main/packages/plugin-react#consistent-components-exports
[2m19:06:50[22m [36m[1m[vite][22m[39m [32mhmr update [39m[2m/src/App.tsx, /src/index.css, /src/pages/Admin.tsx[22m
[2m19:06:54[22m [36m[1m[vite][22m[39m [32mhmr update [39m[2m/src/App.tsx, /src/index.css, /src/pages/Login.tsx, /src/pages/Goals.tsx, /src/pages/Register.tsx, /src/components/Layout.tsx, /src/pages/Settings.tsx, /src/pages/MasterDashboard.tsx, /src/pages/Budgets.tsx, /src/pages/Reports.tsx, /src/pages/Dashboard.tsx, /src/pages/Accounts.tsx, /src/pages/Categories.tsx, /src/pages/Onboarding.tsx, /src/pages/Cards.tsx, /src/pages/Subscription.tsx, /src/pages/Transactions.tsx, /src/pages/Admin.tsx[22m
[2m19:06:54[22m [36m[1m[vite][22m[39m [33mhmr invalidate [39m[2m/src/pages/Settings.tsx[22m Could not Fast Refresh ("MODULE_LIST" export is incompatible). Learn more at https://github.com/vitejs/vite-plugin-react/tree/main/packages/plugin-react#consistent-components-exports
[2m19:06:54[22m [36m[1m[vite][22m[39m [32mhmr update [39m[2m/src/App.tsx, /src/index.css, /src/pages/Admin.tsx[22m
[2m19:07:00[22m [36m[1m[vite][22m[39m [32mhmr update [39m[2m/src/App.tsx, /src/index.css, /src/pages/Login.tsx, /src/pages/Goals.tsx, /src/pages/Register.tsx, /src/components/Layout.tsx, /src/pages/Settings.tsx, /src/pages/MasterDashboard.tsx, /src/pages/Budgets.tsx, /src/pages/Reports.tsx, /src/pages/Dashboard.tsx, /src/pages/Accounts.tsx, /src/pages/Categories.tsx, /src/pages/Onboarding.tsx, /src/pages/Cards.tsx, /src/pages/Subscription.tsx, /src/pages/Transactions.tsx, /src/pages/Admin.tsx[22m
[2m19:07:01[22m [36m[1m[vite][22m[39m [33mhmr invalidate [39m[2m/src/pages/Settings.tsx[22m Could not Fast Refresh ("MODULE_LIST" export is incompatible). Learn more at https://github.com/vitejs/vite-plugin-react/tree/main/packages/plugin-react#consistent-components-exports
[2m19:07:01[22m [36m[1m[vite][22m[39m [32mhmr update [39m[2m/src/App.tsx, /src/index.css, /src/pages/Admin.tsx[22m
[2m19:07:06[22m [36m[1m[vite][22m[39m [32mhmr update [39m[2m/src/App.tsx, /src/index.css, /src/pages/Login.tsx, /src/pages/Goals.tsx, /src/pages/Register.tsx, /src/components/Layout.tsx, /src/pages/Settings.tsx, /src/pages/MasterDashboard.tsx, /src/pages/Budgets.tsx, /src/pages/Reports.tsx, /src/pages/Dashboard.tsx, /src/pages/Accounts.tsx, /src/pages/Categories.tsx, /src/pages/Onboarding.tsx, /src/pages/Cards.tsx, /src/pages/Subscription.tsx, /src/pages/Transactions.tsx, /src/pages/Admin.tsx[22m
[2m19:07:20[22m [36m[1m[vite][22m[39m [32mhmr update [39m[2m/src/components/Layout.tsx, /src/index.css[22m
[2m19:07:36[22m [36m[1m[vite][22m[39m [32mhmr update [39m[2m/src/components/Layout.tsx, /src/index.css[22m
[2m19:08:00[22m [36m[1m[vite][22m[39m [32mhmr update [39m[2m/src/components/Layout.tsx, /src/index.css[22m
[2m19:11:47[22m [36m[1m[vite][22m[39m [32mhmr update [39m[2m/src/components/Layout.tsx, /src/index.css[22m
[2m19:11:58[22m [36m[1m[vite][22m[39m [32mhmr update [39m[2m/src/components/Layout.tsx, /src/index.css[22m
[2m19:12:02[22m [36m[1m[vite][22m[39m [32mhmr update [39m[2m/src/components/Layout.tsx, /src/index.css[22m
[2m19:12:06[22m [36m[1m[vite][22m[39m [32mhmr update [39m[2m/src/index.css, /src/App.tsx, /src/pages/Login.tsx, /src/pages/Goals.tsx, /src/pages/Register.tsx, /src/components/Layout.tsx, /src/pages/Settings.tsx, /src/pages/MasterDashboard.tsx, /src/pages/Budgets.tsx, /src/pages/Reports.tsx, /src/pages/Dashboard.tsx, /src/pages/Accounts.tsx, /src/pages/Categories.tsx, /src/pages/Onboarding.tsx, /src/pages/Cards.tsx, /src/pages/Subscription.tsx, /src/pages/Transactions.tsx, /src/pages/Admin.tsx[22m
[2m19:12:06[22m [31m[1m[vite][22m[39m Pre-transform error: Failed to load url /src/lib/demoUsers.ts (resolved id: C:/Users/user/Desktop/opencode/frontend/src/lib/demoUsers.ts) in C:/Users/user/Desktop/opencode/frontend/src/store/useStore.ts. Does the file exist?
[2m19:12:13[22m [36m[1m[vite][22m[39m [32mhmr update [39m[2m/src/App.tsx, /src/index.css, /src/pages/Login.tsx, /src/pages/Goals.tsx, /src/pages/Register.tsx, /src/components/Layout.tsx, /src/pages/Settings.tsx, /src/pages/MasterDashboard.tsx, /src/pages/Budgets.tsx, /src/pages/Reports.tsx, /src/pages/Dashboard.tsx, /src/pages/Accounts.tsx, /src/pages/Categories.tsx, /src/pages/Onboarding.tsx, /src/pages/Cards.tsx, /src/pages/Subscription.tsx, /src/pages/Transactions.tsx, /src/pages/Admin.tsx[22m
[2m19:12:13[22m [36m[1m[vite][22m[39m [33mhmr invalidate [39m[2m/src/pages/Settings.tsx[22m Could not Fast Refresh ("MODULE_LIST" export is incompatible). Learn more at https://github.com/vitejs/vite-plugin-react/tree/main/packages/plugin-react#consistent-components-exports
[2m19:12:13[22m [36m[1m[vite][22m[39m [32mhmr update [39m[2m/src/App.tsx, /src/index.css, /src/pages/Admin.tsx[22m
[2m19:12:18[22m [36m[1m[vite][22m[39m [32mhmr update [39m[2m/src/App.tsx, /src/index.css, /src/pages/Login.tsx, /src/pages/Goals.tsx, /src/pages/Register.tsx, /src/components/Layout.tsx, /src/pages/Settings.tsx, /src/pages/MasterDashboard.tsx, /src/pages/Budgets.tsx, /src/pages/Reports.tsx, /src/pages/Dashboard.tsx, /src/pages/Accounts.tsx, /src/pages/Categories.tsx, /src/pages/Onboarding.tsx, /src/pages/Cards.tsx, /src/pages/Subscription.tsx, /src/pages/Transactions.tsx, /src/pages/Admin.tsx[22m
[2m19:12:19[22m [36m[1m[vite][22m[39m [33mhmr invalidate [39m[2m/src/pages/Settings.tsx[22m Could not Fast Refresh ("MODULE_LIST" export is incompatible). Learn more at https://github.com/vitejs/vite-plugin-react/tree/main/packages/plugin-react#consistent-components-exports
[2m19:12:19[22m [36m[1m[vite][22m[39m [32mhmr update [39m[2m/src/App.tsx, /src/index.css, /src/pages/Admin.tsx[22m
[2m19:12:27[22m [36m[1m[vite][22m[39m [32mhmr update [39m[2m/src/App.tsx, /src/index.css, /src/pages/Login.tsx, /src/pages/Goals.tsx, /src/pages/Register.tsx, /src/components/Layout.tsx, /src/pages/Settings.tsx, /src/pages/MasterDashboard.tsx, /src/pages/Budgets.tsx, /src/pages/Reports.tsx, /src/pages/Dashboard.tsx, /src/pages/Accounts.tsx, /src/pages/Categories.tsx, /src/pages/Onboarding.tsx, /src/pages/Cards.tsx, /src/pages/Subscription.tsx, /src/pages/Transactions.tsx, /src/pages/Admin.tsx[22m
[2m19:12:28[22m [36m[1m[vite][22m[39m [33mhmr invalidate [39m[2m/src/pages/Settings.tsx[22m Could not Fast Refresh ("MODULE_LIST" export is incompatible). Learn more at https://github.com/vitejs/vite-plugin-react/tree/main/packages/plugin-react#consistent-components-exports
[2m19:12:28[22m [36m[1m[vite][22m[39m [32mhmr update [39m[2m/src/App.tsx, /src/index.css, /src/pages/Admin.tsx[22m
[2m19:12:32[22m [36m[1m[vite][22m[39m [32mhmr update [39m[2m/src/App.tsx, /src/index.css, /src/pages/Login.tsx, /src/pages/Goals.tsx, /src/pages/Register.tsx, /src/components/Layout.tsx, /src/pages/Settings.tsx, /src/pages/MasterDashboard.tsx, /src/pages/Budgets.tsx, /src/pages/Reports.tsx, /src/pages/Dashboard.tsx, /src/pages/Accounts.tsx, /src/pages/Categories.tsx, /src/pages/Onboarding.tsx, /src/pages/Cards.tsx, /src/pages/Subscription.tsx, /src/pages/Transactions.tsx, /src/pages/Admin.tsx[22m
[2m19:12:32[22m [36m[1m[vite][22m[39m [33mhmr invalidate [39m[2m/src/pages/Settings.tsx[22m Could not Fast Refresh ("MODULE_LIST" export is incompatible). Learn more at https://github.com/vitejs/vite-plugin-react/tree/main/packages/plugin-react#consistent-components-exports
[2m19:12:32[22m [36m[1m[vite][22m[39m [32mhmr update [39m[2m/src/App.tsx, /src/index.css, /src/pages/Admin.tsx[22m
